55.0957222,38.7480079,55.0964186,38.7489341,55.0967216,38.7494215,55.0968788,38.7496742,55.0972381,38.750226,55.0974221,38.7504556,55.0975645,38.7506181,55.0977833,38.7508045,55.0978417,38.7508543
55.0964186,38.7489341,55.0967216,38.7494215,55.0968788,38.7496742,55.0972381,38.750226,55.0974221,38.7504556,55.0975645,38.7506181,55.0977833,38.7508045,55.0978417,38.7508543,55.09791,38.7509136
55.0967216,38.7494215,55.0968788,38.7496742,55.0972381,38.750226,55.0974221,38.7504556,55.0975645,38.7506181,55.0977833,38.7508045,55.0978417,38.7508543,55.09791,38.7509136,55.0979633,38.7509231
55.0940753,38.7685725,55.0938441,38.7684623,55.0930602,38.7680888,55.0928506,38.767989,55.0928275,38.7679775,55.0927909,38.7679605,55.0927282,38.7679306,55.0926945,38.7679142,55.0926471,38.767892
55.0938441,38.7684623,55.0930602,38.7680888,55.0928506,38.767989,55.0928275,38.7679775,55.0927909,38.7679605,55.0927282,38.7679306,55.0926945,38.7679142,55.0926471,38.767892,55.0921517,38.767656
55.0930602,38.7680888,55.0928506,38.767989,55.0928275,38.7679775,55.0927909,38.7679605,55.0927282,38.7679306,55.0926945,38.7679142,55.0926471,38.767892,55.0921517,38.767656,55.0920403,38.7676036
55.0928506,38.767989,55.0928275,38.7679775,55.0927909,38.7679605,55.0927282,38.7679306,55.0926945,38.7679142,55.0926471,38.767892,55.0921517,38.767656,55.0920403,38.7676036,55.0919122,38.7675419
55.0928275,38.7679775,55.0927909,38.7679605,55.0927282,38.7679306,55.0926945,38.7679142,55.0926471,38.767892,55.0921517,38.767656,55.0920403,38.7676036,55.0919122,38.7675419,55.091694,38.7674324
55.0927909,38.7679605,55.0927282,38.7679306,55.0926945,38.7679142,55.0926471,38.767892,55.0921517,38.767656,55.0920403,38.7676036,55.0919122,38.7675419,55.091694,38.7674324,55.0909448,38.7670465
55.0887424,38.7769831,55.0886024,38.7768605,55.0881632,38.7764759,55.0879234,38.776266,55.0876357,38.7760141,55.0872138,38.7756447,55.0870789,38.7755266,55.0868369,38.7753148,55.0866801,38.7751774
55.0886024,38.7768605,55.0881632,38.7764759,55.0879234,38.776266,55.0876357,38.7760141,55.0872138,38.7756447,55.0870789,38.7755266,55.0868369,38.7753148,55.0866801,38.7751774,55.0861939,38.7747518
55.0881632,38.7764759,55.0879234,38.776266,55.0876357,38.7760141,55.0872138,38.7756447,55.0870789,38.7755266,55.0868369,38.7753148,55.0866801,38.7751774,55.0861939,38.7747518,55.0856066,38.7742105
55.0879234,38.776266,55.0876357,38.7760141,55.0872138,38.7756447,55.0870789,38.7755266,55.0868369,38.7753148,55.0866801,38.7751774,55.0861939,38.7747518,55.0856066,38.7742105,55.0854648,38.7740711
55.0991836,38.7687437,55.0990774,38.76895,55.098933,38.7692238,55.0984297,38.7701786,55.0981062,38.7708109,55.0977731,38.7714617,55.0974286,38.7721349,55.0971587,38.7726624,55.0971174,38.7727431
55.0990774,38.76895,55.098933,38.7692238,55.0984297,38.7701786,55.0981062,38.7708109,55.0977731,38.7714617,55.0974286,38.7721349,55.0971587,38.7726624,55.0971174,38.7727431,55.0970956,38.7727833
55.0932193,38.7600803,55.0933154,38.7601054,55.0933855,38.7600678,55.0936738,38.7595964,55.0937306,38.7595018,55.0937732,38.7594127,55.0941614,38.7586993,55.0943679,38.7583988,55.0944427,38.7583259
55.0933154,38.7601054,55.0933855,38.7600678,55.0936738,38.7595964,55.0937306,38.7595018,55.0937732,38.7594127,55.0941614,38.7586993,55.0943679,38.7583988,55.0944427,38.7583259,55.0945602,38.7582242
55.0933855,38.7600678,55.0936738,38.7595964,55.0937306,38.7595018,55.0937732,38.7594127,55.0941614,38.7586993,55.0943679,38.7583988,55.0944427,38.7583259,55.0945602,38.7582242,55.0948317,38.7579711
55.0936738,38.7595964,55.0937306,38.7595018,55.0937732,38.7594127,55.0941614,38.7586993,55.0943679,38.7583988,55.0944427,38.7583259,55.0945602,38.7582242,55.0948317,38.7579711,55.0948823,38.7578686
55.0937306,38.7595018,55.0937732,38.7594127,55.0941614,38.7586993,55.0943679,38.7583988,55.0944427,38.7583259,55.0945602,38.7582242,55.0948317,38.7579711,55.0948823,38.7578686,55.0952,38.757267
55.0937732,38.7594127,55.0941614,38.7586993,55.0943679,38.7583988,55.0944427,38.7583259,55.0945602,38.7582242,55.0948317,38.7579711,55.0948823,38.7578686,55.0952,38.757267,55.0953942,38.7568992
55.0941614,38.7586993,55.0943679,38.7583988,55.0944427,38.7583259,55.0945602,38.7582242,55.0948317,38.7579711,55.0948823,38.7578686,55.0952,38.757267,55.0953942,38.7568992,55.0954715,38.7567897
55.0943679,38.7583988,55.0944427,38.7583259,55.0945602,38.7582242,55.0948317,38.7579711,55.0948823,38.7578686,55.0952,38.757267,55.0953942,38.7568992,55.0954715,38.7567897,55.0956755,38.7564973
55.0944427,38.7583259,55.0945602,38.7582242,55.0948317,38.7579711,55.0948823,38.7578686,55.0952,38.757267,55.0953942,38.7568992,55.0954715,38.7567897,55.0956755,38.7564973,55.0957959,38.756342
55.0945602,38.7582242,55.0948317,38.7579711,55.0948823,38.7578686,55.0952,38.757267,55.0953942,38.7568992,55.0954715,38.7567897,55.0956755,38.7564973,55.0957959,38.756342,55.0958665,38.7562098
55.0948317,38.7579711,55.0948823,38.7578686,55.0952,38.757267,55.0953942,38.7568992,55.0954715,38.7567897,55.0956755,38.7564973,55.0957959,38.756342,55.0958665,38.7562098,55.0959129,38.7560681
55.0948823,38.7578686,55.0952,38.757267,55.0953942,38.7568992,55.0954715,38.7567897,55.0956755,38.7564973,55.0957959,38.756342,55.0958665,38.7562098,55.0959129,38.7560681,55.0959693,38.7558234
55.0952,38.757267,55.0953942,38.7568992,55.0954715,38.7567897,55.0956755,38.7564973,55.0957959,38.756342,55.0958665,38.7562098,55.0959129,38.7560681,55.0959693,38.7558234,55.0960418,38.755612
55.07375,38.7942208,55.073804,38.7941893,55.0747493,38.7938123,55.0749665,38.7937257,55.0754787,38.793518,55.0755338,38.7934925,55.0760683,38.7932461,55.0762784,38.7931493,55.0765994,38.7930012
55.073804,38.7941893,55.0747493,38.7938123,55.0749665,38.7937257,55.0754787,38.793518,55.0755338,38.7934925,55.0760683,38.7932461,55.0762784,38.7931493,55.0765994,38.7930012,55.076962,38.7928524
55.0747493,38.7938123,55.0749665,38.7937257,55.0754787,38.793518,55.0755338,38.7934925,55.0760683,38.7932461,55.0762784,38.7931493,55.0765994,38.7930012,55.076962,38.7928524,55.0770377,38.7928214
55.0952177,38.7618584,55.0951588,38.7619633,55.0949536,38.7623436,55.094771,38.7626691,55.0946264,38.7629277,55.0945316,38.7630971,55.0943121,38.7634894,55.0939006,38.7642252,55.0938444,38.7643257
55.0951588,38.7619633,55.0949536,38.7623436,55.094771,38.7626691,55.0946264,38.7629277,55.0945316,38.7630971,55.0943121,38.7634894,55.0939006,38.7642252,55.0938444,38.7643257,55.0935048,38.7649757
55.0949536,38.7623436,55.094771,38.7626691,55.0946264,38.7629277,55.0945316,38.7630971,55.0943121,38.7634894,55.0939006,38.7642252,55.0938444,38.7643257,55.0935048,38.7649757,55.093085,38.7657783
55.094771,38.7626691,55.0946264,38.7629277,55.0945316,38.7630971,55.0943121,38.7634894,55.0939006,38.7642252,55.0938444,38.7643257,55.0935048,38.7649757,55.093085,38.7657783,55.0930067,38.7659118
55.0946264,38.7629277,55.0945316,38.7630971,55.0943121,38.7634894,55.0939006,38.7642252,55.0938444,38.7643257,55.0935048,38.7649757,55.093085,38.7657783,55.0930067,38.7659118,55.0929433,38.765996
55.0945316,38.7630971,55.0943121,38.7634894,55.0939006,38.7642252,55.0938444,38.7643257,55.0935048,38.7649757,55.093085,38.7657783,55.0930067,38.7659118,55.0929433,38.765996,55.0928792,38.7660029
55.0943121,38.7634894,55.0939006,38.7642252,55.0938444,38.7643257,55.0935048,38.7649757,55.093085,38.7657783,55.0930067,38.7659118,55.0929433,38.765996,55.0928792,38.7660029,55.0927426,38.7659129
55.0939006,38.7642252,55.0938444,38.7643257,55.0935048,38.7649757,55.093085,38.7657783,55.0930067,38.7659118,55.0929433,38.765996,55.0928792,38.7660029,55.0927426,38.7659129,55.0924715,38.7655669
55.0938444,38.7643257,55.0935048,38.7649757,55.093085,38.7657783,55.0930067,38.7659118,55.0929433,38.765996,55.0928792,38.7660029,55.0927426,38.7659129,55.0924715,38.7655669,55.0922201,38.7664704
55.0935048,38.7649757,55.093085,38.7657783,55.0930067,38.7659118,55.0929433,38.765996,55.0928792,38.7660029,55.0927426,38.7659129,55.0924715,38.7655669,55.0922201,38.7664704,55.0919736,38.7673284
55.093085,38.7657783,55.0930067,38.7659118,55.0929433,38.765996,55.0928792,38.7660029,55.0927426,38.7659129,55.0924715,38.7655669,55.0922201,38.7664704,55.0919736,38.7673284,55.0919122,38.7675419
55.0979633,38.7509231,55.0979985,38.7507722,55.0980099,38.7504792,55.0980003,38.7501817,55.0979671,38.7499321,55.0979047,38.7497518,55.0978247,38.7496196,55.0974963,38.7491033,55.0973498,38.7489027
55.0979985,38.7507722,55.0980099,38.7504792,55.0980003,38.7501817,55.0979671,38.7499321,55.0979047,38.7497518,55.0978247,38.7496196,55.0974963,38.7491033,55.0973498,38.7489027,55.0972619,38.7487927
55.0980099,38.7504792,55.0980003,38.7501817,55.0979671,38.7499321,55.0979047,38.7497518,55.0978247,38.7496196,55.0974963,38.7491033,55.0973498,38.7489027,55.0972619,38.7487927,55.0971118,38.7486893
55.0980003,38.7501817,55.0979671,38.7499321,55.0979047,38.7497518,55.0978247,38.7496196,55.0974963,38.7491033,55.0973498,38.7489027,55.0972619,38.7487927,55.0971118,38.7486893,55.0967892,38.7485379
55.0979671,38.7499321,55.0979047,38.7497518,55.0978247,38.7496196,55.0974963,38.7491033,55.0973498,38.7489027,55.0972619,38.7487927,55.0971118,38.7486893,55.0967892,38.7485379,55.0963222,38.7483447
55.0979047,38.7497518,55.0978247,38.7496196,55.0974963,38.7491033,55.0973498,38.7489027,55.0972619,38.7487927,55.0971118,38.7486893,55.0967892,38.7485379,55.0963222,38.7483447,55.0959892,38.7481867
55.0978247,38.7496196,55.0974963,38.7491033,55.0973498,38.7489027,55.0972619,38.7487927,55.0971118,38.7486893,55.0967892,38.7485379,55.0963222,38.7483447,55.0959892,38.7481867,55.0957222,38.7480079
55.0960418,38.755612,55.0959391,38.7554087,55.0959418,38.7553038,55.0959617,38.7551993,55.096109,38.7544784,55.0961937,38.7541576,55.0962757,38.7539476,55.0963733,38.7537632,55.0972388,38.7522209
55.0959391,38.7554087,55.0959418,38.7553038,55.0959617,38.7551993,55.096109,38.7544784,55.0961937,38.7541576,55.0962757,38.7539476,55.0963733,38.7537632,55.0972388,38.7522209,55.0978245,38.7510626
55.0959418,38.7553038,55.0959617,38.7551993,55.096109,38.7544784,55.0961937,38.7541576,55.0962757,38.7539476,55.0963733,38.7537632,55.0972388,38.7522209,55.0978245,38.7510626,55.0978709,38.7509861
55.0959617,38.7551993,55.096109,38.7544784,55.0961937,38.7541576,55.0962757,38.7539476,55.0963733,38.7537632,55.0972388,38.7522209,55.0978245,38.7510626,55.0978709,38.7509861,55.09791,38.7509136
55.0831425,38.7577014,55.0836786,38.75586,55.0838089,38.755412,55.0838514,38.7553145,55.083905,38.7552438,55.0846629,38.7546449,55.0854069,38.7541242,55.0860561,38.7536675,55.0863667,38.7534765
55.0836786,38.75586,55.0838089,38.755412,55.0838514,38.7553145,55.083905,38.7552438,55.0846629,38.7546449,55.0854069,38.7541242,55.0860561,38.7536675,55.0863667,38.7534765,55.0866787,38.7533104
55.0838089,38.755412,55.0838514,38.7553145,55.083905,38.7552438,55.0846629,38.7546449,55.0854069,38.7541242,55.0860561,38.7536675,55.0863667,38.7534765,55.0866787,38.7533104,55.086888,38.7532666
55.0838514,38.7553145,55.083905,38.7552438,55.0846629,38.7546449,55.0854069,38.7541242,55.0860561,38.7536675,55.0863667,38.7534765,55.0866787,38.7533104,55.086888,38.7532666,55.0870314,38.7533268
55.083905,38.7552438,55.0846629,38.7546449,55.0854069,38.7541242,55.0860561,38.7536675,55.0863667,38.7534765,55.0866787,38.7533104,55.086888,38.7532666,55.0870314,38.7533268,55.0887505,38.754814
55.0846629,38.7546449,55.0854069,38.7541242,55.0860561,38.7536675,55.0863667,38.7534765,55.0866787,38.7533104,55.086888,38.7532666,55.0870314,38.7533268,55.0887505,38.754814,55.0899352,38.7557879
55.0854069,38.7541242,55.0860561,38.7536675,55.0863667,38.7534765,55.0866787,38.7533104,55.086888,38.7532666,55.0870314,38.7533268,55.0887505,38.754814,55.0899352,38.7557879,55.0900821,38.7559169
55.0882526,38.7620085,55.088104,38.7619222,55.0878418,38.7617192,55.0873105,38.7612488,55.0869093,38.7608936,55.0860761,38.7601591,55.0853699,38.7595618,55.0852953,38.7594917,55.085246,38.7594176
55.088104,38.7619222,55.0878418,38.7617192,55.0873105,38.7612488,55.0869093,38.7608936,55.0860761,38.7601591,55.0853699,38.7595618,55.0852953,38.7594917,55.085246,38.7594176,55.0851596,38.7593551
55.0878418,38.7617192,55.0873105,38.7612488,55.0869093,38.7608936,55.0860761,38.7601591,55.0853699,38.7595618,55.0852953,38.7594917,55.085246,38.7594176,55.0851596,38.7593551,55.0849776,38.7592117
55.0873105,38.7612488,55.0869093,38.7608936,55.0860761,38.7601591,55.0853699,38.7595618,55.0852953,38.7594917,55.085246,38.7594176,55.0851596,38.7593551,55.0849776,38.7592117,55.0845285,38.7588442
55.0869093,38.7608936,55.0860761,38.7601591,55.0853699,38.7595618,55.0852953,38.7594917,55.085246,38.7594176,55.0851596,38.7593551,55.0849776,38.7592117,55.0845285,38.7588442,55.0838852,38.7583253
55.0860761,38.7601591,55.0853699,38.7595618,55.0852953,38.7594917,55.085246,38.7594176,55.0851596,38.7593551,55.0849776,38.7592117,55.0845285,38.7588442,55.0838852,38.7583253,55.0831425,38.7577014
55.0989751,38.7526785,55.0989398,38.7527443,55.0982649,38.7540022,55.0967719,38.7567593,55.0962519,38.7577685,55.0960819,38.7581,55.095587,38.7590398,55.0955341,38.7591463,55.0952104,38.7597498
55.0989398,38.7527443,55.0982649,38.7540022,55.0967719,38.7567593,55.0962519,38.7577685,55.0960819,38.7581,55.095587,38.7590398,55.0955341,38.7591463,55.0952104,38.7597498,55.0951012,38.7599472
55.0982649,38.7540022,55.0967719,38.7567593,55.0962519,38.7577685,55.0960819,38.7581,55.095587,38.7590398,55.0955341,38.7591463,55.0952104,38.7597498,55.0951012,38.7599472,55.0946478,38.7608043
55.0967719,38.7567593,55.0962519,38.7577685,55.0960819,38.7581,55.095587,38.7590398,55.0955341,38.7591463,55.0952104,38.7597498,55.0951012,38.7599472,55.0946478,38.7608043,55.0946006,38.7608948
55.0887334,38.786297,55.0884707,38.78721,55.0879253,38.7891124,55.087609,38.790203,55.0873869,38.790981,55.087257,38.7914382,55.0869455,38.792477,55.0867825,38.7930204,55.086354,38.7944801
55.0884707,38.78721,55.0879253,38.7891124,55.087609,38.790203,55.0873869,38.790981,55.087257,38.7914382,55.0869455,38.792477,55.0867825,38.7930204,55.086354,38.7944801,55.0862214,38.7949349
55.0879253,38.7891124,55.087609,38.790203,55.0873869,38.790981,55.087257,38.7914382,55.0869455,38.792477,55.0867825,38.7930204,55.086354,38.7944801,55.0862214,38.7949349,55.0861596,38.7951425
55.0808195,38.7624152,55.080945,38.7622629,55.0810592,38.7618021,55.0813031,38.7609768,55.0814031,38.7606425,55.081439,38.7605172,55.0817492,38.759434,55.0818214,38.7591818,55.0821211,38.7581355
55.080945,38.7622629,55.0810592,38.7618021,55.0813031,38.7609768,55.0814031,38.7606425,55.081439,38.7605172,55.0817492,38.759434,55.0818214,38.7591818,55.0821211,38.7581355,55.0824348,38.7571399
55.0823254,38.7767643,55.0822096,38.7766114,55.0816532,38.7761297,55.0815801,38.7760664,55.0815595,38.7759915,55.0815548,38.775905,55.0816134,38.7756892,55.0816189,38.7755744,55.0815604,38.775462
55.0822096,38.7766114,55.0816532,38.7761297,55.0815801,38.7760664,55.0815595,38.7759915,55.0815548,38.775905,55.0816134,38.7756892,55.0816189,38.7755744,55.0815604,38.775462,55.0815502,38.7754457
55.0816532,38.7761297,55.0815801,38.7760664,55.0815595,38.7759915,55.0815548,38.775905,55.0816134,38.7756892,55.0816189,38.7755744,55.0815604,38.775462,55.0815502,38.7754457,55.0812342,38.7751975
55.0815801,38.7760664,55.0815595,38.7759915,55.0815548,38.775905,55.0816134,38.7756892,55.0816189,38.7755744,55.0815604,38.775462,55.0815502,38.7754457,55.0812342,38.7751975,55.0805886,38.7746384
55.0967719,38.7567593,55.0973011,38.7576018,55.0977633,38.7583378,55.0978197,38.7584277,55.0978282,38.7584412,55.0978381,38.7584569,55.0978614,38.7584941,55.0986836,38.7598032,55.0987272,38.7598728
55.0985412,38.7753787,55.0985904,38.7754751,55.0986567,38.7756743,55.0986691,38.7757625,55.0987482,38.7766938,55.0987568,38.7767953,55.0987775,38.7770379,55.0988563,38.7778609,55.0989281,38.7785382
55.0985904,38.7754751,55.0986567,38.7756743,55.0986691,38.7757625,55.0987482,38.7766938,55.0987568,38.7767953,55.0987775,38.7770379,55.0988563,38.7778609,55.0989281,38.7785382,55.0989592,38.7788317
55.0986567,38.7756743,55.0986691,38.7757625,55.0987482,38.7766938,55.0987568,38.7767953,55.0987775,38.7770379,55.0988563,38.7778609,55.0989281,38.7785382,55.0989592,38.7788317,55.0989971,38.7792491
55.0752692,38.7812129,55.0752361,38.781188,55.0749918,38.7809658,55.0747224,38.7807258,55.0746982,38.7807042,55.0744363,38.7804772,55.074422,38.7804647,55.0742141,38.7802858,55.0739962,38.7800983
55.0752361,38.781188,55.0749918,38.7809658,55.0747224,38.7807258,55.0746982,38.7807042,55.0744363,38.7804772,55.074422,38.7804647,55.0742141,38.7802858,55.0739962,38.7800983,55.073589,38.7797478
55.0749918,38.7809658,55.0747224,38.7807258,55.0746982,38.7807042,55.0744363,38.7804772,55.074422,38.7804647,55.0742141,38.7802858,55.0739962,38.7800983,55.073589,38.7797478,55.0735619,38.7797245
55.0747224,38.7807258,55.0746982,38.7807042,55.0744363,38.7804772,55.074422,38.7804647,55.0742141,38.7802858,55.0739962,38.7800983,55.073589,38.7797478,55.0735619,38.7797245,55.0728997,38.7791512
55.0949603,38.7727355,55.0948439,38.7729523,55.0948105,38.7730055,55.09475,38.77306,55.0946949,38.7730687,55.0946469,38.7730576,55.0940071,38.7724738,55.0939552,38.7724284,55.0933626,38.7719263
55.0948439,38.7729523,55.0948105,38.7730055,55.09475,38.77306,55.0946949,38.7730687,55.0946469,38.7730576,55.0940071,38.7724738,55.0939552,38.7724284,55.0933626,38.7719263,55.0933149,38.7718827
55.0948105,38.7730055,55.09475,38.77306,55.0946949,38.7730687,55.0946469,38.7730576,55.0940071,38.7724738,55.0939552,38.7724284,55.0933626,38.7719263,55.0933149,38.7718827,55.0931665,38.771747
55.0863771,38.7953409,55.0862507,38.7952213,55.0862274,38.7952001,55.0861596,38.7951425,55.08614,38.7951247,55.0856641,38.7946931,55.0855279,38.7945666,55.0852427,38.7943065,55.0850783,38.7941646
55.0862507,38.7952213,55.0862274,38.7952001,55.0861596,38.7951425,55.08614,38.7951247,55.0856641,38.7946931,55.0855279,38.7945666,55.0852427,38.7943065,55.0850783,38.7941646,55.0845695,38.7937255
55.0862274,38.7952001,55.0861596,38.7951425,55.08614,38.7951247,55.0856641,38.7946931,55.0855279,38.7945666,55.0852427,38.7943065,55.0850783,38.7941646,55.0845695,38.7937255,55.0840437,38.7932461
55.0861596,38.7951425,55.08614,38.7951247,55.0856641,38.7946931,55.0855279,38.7945666,55.0852427,38.7943065,55.0850783,38.7941646,55.0845695,38.7937255,55.0840437,38.7932461,55.0840013,38.7932074
55.08614,38.7951247,55.0856641,38.7946931,55.0855279,38.7945666,55.0852427,38.7943065,55.0850783,38.7941646,55.0845695,38.7937255,55.0840437,38.7932461,55.0840013,38.7932074,55.0827182,38.7920376
55.0856641,38.7946931,55.0855279,38.7945666,55.0852427,38.7943065,55.0850783,38.7941646,55.0845695,38.7937255,55.0840437,38.7932461,55.0840013,38.7932074,55.0827182,38.7920376,55.0826561,38.791981
55.0855279,38.7945666,55.0852427,38.7943065,55.0850783,38.7941646,55.0845695,38.7937255,55.0840437,38.7932461,55.0840013,38.7932074,55.0827182,38.7920376,55.0826561,38.791981,55.0823053,38.7916612
55.0852427,38.7943065,55.0850783,38.7941646,55.0845695,38.7937255,55.0840437,38.7932461,55.0840013,38.7932074,55.0827182,38.7920376,55.0826561,38.791981,55.0823053,38.7916612,55.0815751,38.7909956
55.0850783,38.7941646,55.0845695,38.7937255,55.0840437,38.7932461,55.0840013,38.7932074,55.0827182,38.7920376,55.0826561,38.791981,55.0823053,38.7916612,55.0815751,38.7909956,55.0814028,38.7908384
55.0845695,38.7937255,55.0840437,38.7932461,55.0840013,38.7932074,55.0827182,38.7920376,55.0826561,38.791981,55.0823053,38.7916612,55.0815751,38.7909956,55.0814028,38.7908384,55.0812198,38.7906716
55.0840437,38.7932461,55.0840013,38.7932074,55.0827182,38.7920376,55.0826561,38.791981,55.0823053,38.7916612,55.0815751,38.7909956,55.0814028,38.7908384,55.0812198,38.7906716,55.0809292,38.7904068
55.0840013,38.7932074,55.0827182,38.7920376,55.0826561,38.791981,55.0823053,38.7916612,55.0815751,38.7909956,55.0814028,38.7908384,55.0812198,38.7906716,55.0809292,38.7904068,55.0808651,38.7903483
55.0827182,38.7920376,55.0826561,38.791981,55.0823053,38.7916612,55.0815751,38.7909956,55.0814028,38.7908384,55.0812198,38.7906716,55.0809292,38.7904068,55.0808651,38.7903483,55.0808163,38.7903038
55.0898009,38.7330918,55.0902344,38.7326257,55.090307,38.7325476,55.0905661,38.7321663,55.0906004,38.7321159,55.0911583,38.7311118,55.0912392,38.7309351,55.0913218,38.7307547,55.0914868,38.7303946
55.0902344,38.7326257,55.090307,38.7325476,55.0905661,38.7321663,55.0906004,38.7321159,55.0911583,38.7311118,55.0912392,38.7309351,55.0913218,38.7307547,55.0914868,38.7303946,55.0916854,38.7300611
55.090307,38.7325476,55.0905661,38.7321663,55.0906004,38.7321159,55.0911583,38.7311118,55.0912392,38.7309351,55.0913218,38.7307547,55.0914868,38.7303946,55.0916854,38.7300611,55.0920509,38.7294474
55.0888041,38.7922173,55.0890941,38.7912867,55.0893762,38.7904369,55.0893999,38.7903654,55.0894148,38.7903093,55.0896287,38.7895026,55.089704,38.7890076,55.0898216,38.7885493,55.0901095,38.7876692
55.0890941,38.7912867,55.0893762,38.7904369,55.0893999,38.7903654,55.0894148,38.7903093,55.0896287,38.7895026,55.089704,38.7890076,55.0898216,38.7885493,55.0901095,38.7876692,55.0903861,38.7867596
55.0893762,38.7904369,55.0893999,38.7903654,55.0894148,38.7903093,55.0896287,38.7895026,55.089704,38.7890076,55.0898216,38.7885493,55.0901095,38.7876692,55.0903861,38.7867596,55.0906535,38.7858801
55.0893999,38.7903654,55.0894148,38.7903093,55.0896287,38.7895026,55.089704,38.7890076,55.0898216,38.7885493,55.0901095,38.7876692,55.0903861,38.7867596,55.0906535,38.7858801,55.0906889,38.7857636
55.0894148,38.7903093,55.0896287,38.7895026,55.089704,38.7890076,55.0898216,38.7885493,55.0901095,38.7876692,55.0903861,38.7867596,55.0906535,38.7858801,55.0906889,38.7857636,55.0909153,38.7849706
55.0896287,38.7895026,55.089704,38.7890076,55.0898216,38.7885493,55.0901095,38.7876692,55.0903861,38.7867596,55.0906535,38.7858801,55.0906889,38.7857636,55.0909153,38.7849706,55.0909962,38.7847006
55.0814184,38.7801043,55.0813622,38.7803199,55.0812729,38.7806718,55.0811623,38.7810578,55.0810472,38.7814296,55.0809663,38.7817125,55.0807032,38.7825778,55.0806595,38.7827305,55.080608,38.7828937
55.0813622,38.7803199,55.0812729,38.7806718,55.0811623,38.7810578,55.0810472,38.7814296,55.0809663,38.7817125,55.0807032,38.7825778,55.0806595,38.7827305,55.080608,38.7828937,55.0803221,38.7837526
55.0990546,38.7798544,55.0989731,38.7798844,55.0983998,38.7800691,55.0979783,38.7802049,55.0978417,38.7802489,55.0977778,38.7802239,55.0977474,38.7801213,55.0977263,38.7798746,55.0977052,38.7796262
55.0989731,38.7798844,55.0983998,38.7800691,55.0979783,38.7802049,55.0978417,38.7802489,55.0977778,38.7802239,55.0977474,38.7801213,55.0977263,38.7798746,55.0977052,38.7796262,55.0977204,38.7795536
55.0983998,38.7800691,55.0979783,38.7802049,55.0978417,38.7802489,55.0977778,38.7802239,55.0977474,38.7801213,55.0977263,38.7798746,55.0977052,38.7796262,55.0977204,38.7795536,55.097724,38.7795466
55.0979783,38.7802049,55.0978417,38.7802489,55.0977778,38.7802239,55.0977474,38.7801213,55.0977263,38.7798746,55.0977052,38.7796262,55.0977204,38.7795536,55.097724,38.7795466,55.0977696,38.7795135
55.0978417,38.7802489,55.0977778,38.7802239,55.0977474,38.7801213,55.0977263,38.7798746,55.0977052,38.7796262,55.0977204,38.7795536,55.097724,38.7795466,55.0977696,38.7795135,55.0986114,38.7792126
55.0977778,38.7802239,55.0977474,38.7801213,55.0977263,38.7798746,55.0977052,38.7796262,55.0977204,38.7795536,55.097724,38.7795466,55.0977696,38.7795135,55.0986114,38.7792126,55.0985907,38.7789832
55.0977474,38.7801213,55.0977263,38.7798746,55.0977052,38.7796262,55.0977204,38.7795536,55.097724,38.7795466,55.0977696,38.7795135,55.0986114,38.7792126,55.0985907,38.7789832,55.0984999,38.7779764
55.0977263,38.7798746,55.0977052,38.7796262,55.0977204,38.7795536,55.097724,38.7795466,55.0977696,38.7795135,55.0986114,38.7792126,55.0985907,38.7789832,55.0984999,38.7779764,55.0987975,38.77788
55.0977052,38.7796262,55.0977204,38.7795536,55.097724,38.7795466,55.0977696,38.7795135,55.0986114,38.7792126,55.0985907,38.7789832,55.0984999,38.7779764,55.0987975,38.77788,55.0988563,38.7778609
55.091381,38.763801,55.0914321,38.7636899,55.091676,38.7632158,55.0919988,38.7626074,55.0923119,38.7620291,55.0927018,38.7613093,55.0930312,38.7606797,55.0929679,38.7604914,55.0929411,38.7603421
55.0914321,38.7636899,55.091676,38.7632158,55.0919988,38.7626074,55.0923119,38.7620291,55.0927018,38.7613093,55.0930312,38.7606797,55.0929679,38.7604914,55.0929411,38.7603421,55.0929598,38.7602641
55.091676,38.7632158,55.0919988,38.7626074,55.0923119,38.7620291,55.0927018,38.7613093,55.0930312,38.7606797,55.0929679,38.7604914,55.0929411,38.7603421,55.0929598,38.7602641,55.0930054,38.7601889
55.0919988,38.7626074,55.0923119,38.7620291,55.0927018,38.7613093,55.0930312,38.7606797,55.0929679,38.7604914,55.0929411,38.7603421,55.0929598,38.7602641,55.0930054,38.7601889,55.0930976,38.7601001
55.0923119,38.7620291,55.0927018,38.7613093,55.0930312,38.7606797,55.0929679,38.7604914,55.0929411,38.7603421,55.0929598,38.7602641,55.0930054,38.7601889,55.0930976,38.7601001,55.0932193,38.7600803
55.0861939,38.7747518,55.0862712,38.7745058,55.086429,38.7739534,55.0865498,38.7735433,55.086595,38.7734029,55.0867579,38.7728707,55.0867996,38.7727311,55.0868915,38.7724238,55.0870316,38.7719898
55.0862712,38.7745058,55.086429,38.7739534,55.0865498,38.7735433,55.086595,38.7734029,55.0867579,38.7728707,55.0867996,38.7727311,55.0868915,38.7724238,55.0870316,38.7719898,55.0871505,38.7716765
55.086429,38.7739534,55.0865498,38.7735433,55.086595,38.7734029,55.0867579,38.7728707,55.0867996,38.7727311,55.0868915,38.7724238,55.0870316,38.7719898,55.0871505,38.7716765,55.0873304,38.7713339
55.0865498,38.7735433,55.086595,38.7734029,55.0867579,38.7728707,55.0867996,38.7727311,55.0868915,38.7724238,55.0870316,38.7719898,55.0871505,38.7716765,55.0873304,38.7713339,55.0875212,38.7710177
55.086595,38.7734029,55.0867579,38.7728707,55.0867996,38.7727311,55.0868915,38.7724238,55.0870316,38.7719898,55.0871505,38.7716765,55.0873304,38.7713339,55.0875212,38.7710177,55.087706,38.7707847
55.0867579,38.7728707,55.0867996,38.7727311,55.0868915,38.7724238,55.0870316,38.7719898,55.0871505,38.7716765,55.0873304,38.7713339,55.0875212,38.7710177,55.087706,38.7707847,55.0877327,38.7707511
55.0867996,38.7727311,55.0868915,38.7724238,55.0870316,38.7719898,55.0871505,38.7716765,55.0873304,38.7713339,55.0875212,38.7710177,55.087706,38.7707847,55.0877327,38.7707511,55.0877757,38.770718
55.0868915,38.7724238,55.0870316,38.7719898,55.0871505,38.7716765,55.0873304,38.7713339,55.0875212,38.7710177,55.087706,38.7707847,55.0877327,38.7707511,55.0877757,38.770718,55.0882809,38.7704646
55.0870316,38.7719898,55.0871505,38.7716765,55.0873304,38.7713339,55.0875212,38.7710177,55.087706,38.7707847,55.0877327,38.7707511,55.0877757,38.770718,55.0882809,38.7704646,55.0884452,38.7703894
55.0871505,38.7716765,55.0873304,38.7713339,55.0875212,38.7710177,55.087706,38.7707847,55.0877327,38.7707511,55.0877757,38.770718,55.0882809,38.7704646,55.0884452,38.7703894,55.0886009,38.7703354
55.0873304,38.7713339,55.0875212,38.7710177,55.087706,38.7707847,55.0877327,38.7707511,55.0877757,38.770718,55.0882809,38.7704646,55.0884452,38.7703894,55.0886009,38.7703354,55.0887629,38.7703009
55.0875212,38.7710177,55.087706,38.7707847,55.0877327,38.7707511,55.0877757,38.770718,55.0882809,38.7704646,55.0884452,38.7703894,55.0886009,38.7703354,55.0887629,38.7703009,55.0889465,38.7703101
55.087706,38.7707847,55.0877327,38.7707511,55.0877757,38.770718,55.0882809,38.7704646,55.0884452,38.7703894,55.0886009,38.7703354,55.0887629,38.7703009,55.0889465,38.7703101,55.0891118,38.7703643
55.0877327,38.7707511,55.0877757,38.770718,55.0882809,38.7704646,55.0884452,38.7703894,55.0886009,38.7703354,55.0887629,38.7703009,55.0889465,38.7703101,55.0891118,38.7703643,55.0893123,38.7704632
55.0877757,38.770718,55.0882809,38.7704646,55.0884452,38.7703894,55.0886009,38.7703354,55.0887629,38.7703009,55.0889465,38.7703101,55.0891118,38.7703643,55.0893123,38.7704632,55.0895602,38.7705898
55.0882809,38.7704646,55.0884452,38.7703894,55.0886009,38.7703354,55.0887629,38.7703009,55.0889465,38.7703101,55.0891118,38.7703643,55.0893123,38.7704632,55.0895602,38.7705898,55.0896615,38.77058
55.0884452,38.7703894,55.0886009,38.7703354,55.0887629,38.7703009,55.0889465,38.7703101,55.0891118,38.7703643,55.0893123,38.7704632,55.0895602,38.7705898,55.0896615,38.77058,55.089784,38.770663
55.0886009,38.7703354,55.0887629,38.7703009,55.0889465,38.7703101,55.0891118,38.7703643,55.0893123,38.7704632,55.0895602,38.7705898,55.0896615,38.77058,55.089784,38.770663,55.0899163,38.7708316
55.0779484,38.766192,55.0779225,38.766071,55.0779526,38.7659055,55.0781468,38.7657687,55.0781778,38.7657469,55.0784468,38.7668807,55.0785983,38.7675133,55.0787378,38.7680854,55.0788401,38.768505
55.0779225,38.766071,55.0779526,38.7659055,55.0781468,38.7657687,55.0781778,38.7657469,55.0784468,38.7668807,55.0785983,38.7675133,55.0787378,38.7680854,55.0788401,38.768505,55.07888,38.7685851
55.0779526,38.7659055,55.0781468,38.7657687,55.0781778,38.7657469,55.0784468,38.7668807,55.0785983,38.7675133,55.0787378,38.7680854,55.0788401,38.768505,55.07888,38.7685851,55.0789297,38.7686339
55.0841366,38.8031994,55.0842449,38.8028237,55.084699,38.8012477,55.085213,38.7994197,55.0861454,38.7961753,55.0862235,38.7958956,55.0863193,38.7955486,55.0863771,38.7953409,55.0866204,38.7944929
55.0877817,38.7648693,55.0879049,38.7649314,55.0880048,38.7649817,55.0880968,38.765028,55.0881732,38.7650665,55.0883395,38.7651502,55.08848,38.765221,55.088558,38.7652602,55.0890121,38.7654889
55.0879049,38.7649314,55.0880048,38.7649817,55.0880968,38.765028,55.0881732,38.7650665,55.0883395,38.7651502,55.08848,38.765221,55.088558,38.7652602,55.0890121,38.7654889,55.0891144,38.7648682
55.0780095,38.7817003,55.078155,38.7812018,55.0777668,38.7808561,55.0774322,38.780558,55.0773435,38.7804791,55.0772973,38.7804379,55.076699,38.7799051,55.0760578,38.7793353,55.0760081,38.7792856
55.0845949,38.7703594,55.0846285,38.7702487,55.0849103,38.7693209,55.0849968,38.7689871,55.0850193,38.768804,55.0850304,38.7686387,55.0850052,38.7683305,55.0849973,38.7682133,55.0850047,38.7679346
55.0846285,38.7702487,55.0849103,38.7693209,55.0849968,38.7689871,55.0850193,38.768804,55.0850304,38.7686387,55.0850052,38.7683305,55.0849973,38.7682133,55.0850047,38.7679346,55.0850817,38.7675982
55.0842024,38.7641012,55.0845612,38.7642634,55.0852345,38.7645667,55.0853794,38.7646443,55.085721,38.764827,55.0860479,38.7649935,55.0863485,38.7651515,55.0865998,38.7652725,55.0865893,38.7653408
55.0845612,38.7642634,55.0852345,38.7645667,55.0853794,38.7646443,55.085721,38.764827,55.0860479,38.7649935,55.0863485,38.7651515,55.0865998,38.7652725,55.0865893,38.7653408,55.0864783,38.7659817
55.0852345,38.7645667,55.0853794,38.7646443,55.085721,38.764827,55.0860479,38.7649935,55.0863485,38.7651515,55.0865998,38.7652725,55.0865893,38.7653408,55.0864783,38.7659817,55.0863877,38.7663965
55.0853794,38.7646443,55.085721,38.764827,55.0860479,38.7649935,55.0863485,38.7651515,55.0865998,38.7652725,55.0865893,38.7653408,55.0864783,38.7659817,55.0863877,38.7663965,55.0866412,38.7668206
55.0853705,38.7663781,55.0845144,38.7656447,55.0844734,38.7656096,55.0844248,38.7655214,55.0844089,38.7652448,55.0844144,38.7650836,55.0845329,38.764423,55.0845445,38.7643558,55.0845612,38.7642634
55.0945602,38.7582242,55.0947003,38.7588564,55.0945972,38.7589453,55.0945467,38.7589563,55.0944922,38.7589954,55.094369,38.7592323,55.0942773,38.7594084,55.0944774,38.7597464,55.0946363,38.7600151
55.0947003,38.7588564,55.0945972,38.7589453,55.0945467,38.7589563,55.0944922,38.7589954,55.094369,38.7592323,55.0942773,38.7594084,55.0944774,38.7597464,55.0946363,38.7600151,55.0948952,38.7595227
55.0945972,38.7589453,55.0945467,38.7589563,55.0944922,38.7589954,55.094369,38.7592323,55.0942773,38.7594084,55.0944774,38.7597464,55.0946363,38.7600151,55.0948952,38.7595227,55.0949816,38.7593583
55.0945467,38.7589563,55.0944922,38.7589954,55.094369,38.7592323,55.0942773,38.7594084,55.0944774,38.7597464,55.0946363,38.7600151,55.0948952,38.7595227,55.0949816,38.7593583,55.0951722,38.7596894
55.0944922,38.7589954,55.094369,38.7592323,55.0942773,38.7594084,55.0944774,38.7597464,55.0946363,38.7600151,55.0948952,38.7595227,55.0949816,38.7593583,55.0951722,38.7596894,55.0952104,38.7597498
55.0781331,38.7928966,55.07807,38.7934425,55.0784164,38.7953768,55.0785651,38.7955753,55.0787405,38.7957904,55.0789384,38.7959979,55.079081,38.7961215,55.0791426,38.7962234,55.0792318,38.7963097
55.07807,38.7934425,55.0784164,38.7953768,55.0785651,38.7955753,55.0787405,38.7957904,55.0789384,38.7959979,55.079081,38.7961215,55.0791426,38.7962234,55.0792318,38.7963097,55.0794339,38.7963204
55.0761493,38.8012189,55.0761528,38.8010983,55.0761553,38.8010248,55.076175,38.8004377,55.0761937,38.7998843,55.0762012,38.7996623,55.0762031,38.7996056,55.0762176,38.7991752,55.0762216,38.7990008
55.0761528,38.8010983,55.0761553,38.8010248,55.076175,38.8004377,55.0761937,38.7998843,55.0762012,38.7996623,55.0762031,38.7996056,55.0762176,38.7991752,55.0762216,38.7990008,55.0762116,38.7988414
55.0761553,38.8010248,55.076175,38.8004377,55.0761937,38.7998843,55.0762012,38.7996623,55.0762031,38.7996056,55.0762176,38.7991752,55.0762216,38.7990008,55.0762116,38.7988414,55.0761927,38.798632
55.076175,38.8004377,55.0761937,38.7998843,55.0762012,38.7996623,55.0762031,38.7996056,55.0762176,38.7991752,55.0762216,38.7990008,55.0762116,38.7988414,55.0761927,38.798632,55.0760796,38.7978614
55.0737835,38.7733097,55.0734797,38.7747736,55.0735542,38.7750592,55.0753754,38.7767115,55.0755757,38.7770036,55.0757639,38.777203,55.0758531,38.7773185,55.076004,38.7775033,55.0762384,38.7777197
55.0734797,38.7747736,55.0735542,38.7750592,55.0753754,38.7767115,55.0755757,38.7770036,55.0757639,38.777203,55.0758531,38.7773185,55.076004,38.7775033,55.0762384,38.7777197,55.0762847,38.7777681
55.0943256,38.7823125,55.0939445,38.7817549,55.0937131,38.7814164,55.0936101,38.7814221,55.0935289,38.7812989,55.0935491,38.7811798,55.0929892,38.7802884,55.0924529,38.7794034,55.0923773,38.7792704
55.0919122,38.7675419,55.0918593,38.767696,55.091844,38.7677421,55.0917827,38.7679114,55.0917441,38.7680092,55.0913742,38.7689586,55.0908668,38.7703194,55.0906037,38.7710384,55.0905273,38.7712392
55.0918593,38.767696,55.091844,38.7677421,55.0917827,38.7679114,55.0917441,38.7680092,55.0913742,38.7689586,55.0908668,38.7703194,55.0906037,38.7710384,55.0905273,38.7712392,55.0904979,38.7713165
55.091844,38.7677421,55.0917827,38.7679114,55.0917441,38.7680092,55.0913742,38.7689586,55.0908668,38.7703194,55.0906037,38.7710384,55.0905273,38.7712392,55.0904979,38.7713165,55.0902257,38.771977
55.0917827,38.7679114,55.0917441,38.7680092,55.0913742,38.7689586,55.0908668,38.7703194,55.0906037,38.7710384,55.0905273,38.7712392,55.0904979,38.7713165,55.0902257,38.771977,55.0901583,38.7721542
55.0966495,38.7673034,55.0971938,38.7681869,55.0972473,38.7682725,55.0983851,38.7701067,55.0984297,38.7701786,55.0984761,38.7702519,55.0999171,38.7725283,55.0999421,38.7725679,55.0999708,38.7726133
55.0771451,38.7524779,55.0768876,38.752338,55.0758224,38.7518286,55.0757779,38.7518011,55.0747404,38.7512663,55.0746271,38.7510504,55.0745338,38.7506804,55.0751559,38.7466815,55.0753565,38.7453921
55.0863256,38.7471145,55.0867161,38.7473801,55.0869336,38.7474854,55.0872402,38.7475358,55.0880133,38.7476045,55.0881757,38.7476731,55.0882327,38.7478422,55.088183,38.7482688,55.0881658,38.7484162
55.0867161,38.7473801,55.0869336,38.7474854,55.0872402,38.7475358,55.0880133,38.7476045,55.0881757,38.7476731,55.0882327,38.7478422,55.088183,38.7482688,55.0881658,38.7484162,55.0881261,38.7487574
55.0869336,38.7474854,55.0872402,38.7475358,55.0880133,38.7476045,55.0881757,38.7476731,55.0882327,38.7478422,55.088183,38.7482688,55.0881658,38.7484162,55.0881261,38.7487574,55.0879841,38.7493211
55.092653,38.7200548,55.0926832,38.7201534,55.0930774,38.7212039,55.0932004,38.7217792,55.0932924,38.7224235,55.0933729,38.7232158,55.0934635,38.7241028,55.0934812,38.7243785,55.0935233,38.724601
55.0926832,38.7201534,55.0930774,38.7212039,55.0932004,38.7217792,55.0932924,38.7224235,55.0933729,38.7232158,55.0934635,38.7241028,55.0934812,38.7243785,55.0935233,38.724601,55.0935891,38.7248423
55.0930774,38.7212039,55.0932004,38.7217792,55.0932924,38.7224235,55.0933729,38.7232158,55.0934635,38.7241028,55.0934812,38.7243785,55.0935233,38.724601,55.0935891,38.7248423,55.0936856,38.7250195
55.0932004,38.7217792,55.0932924,38.7224235,55.0933729,38.7232158,55.0934635,38.7241028,55.0934812,38.7243785,55.0935233,38.724601,55.0935891,38.7248423,55.0936856,38.7250195,55.0938074,38.7252293
55.0932924,38.7224235,55.0933729,38.7232158,55.0934635,38.7241028,55.0934812,38.7243785,55.0935233,38.724601,55.0935891,38.7248423,55.0936856,38.7250195,55.0938074,38.7252293,55.0942132,38.7258946
55.0933729,38.7232158,55.0934635,38.7241028,55.0934812,38.7243785,55.0935233,38.724601,55.0935891,38.7248423,55.0936856,38.7250195,55.0938074,38.7252293,55.0942132,38.7258946,55.0943093,38.7261079
55.0795325,38.7548147,55.0794945,38.7548066,55.0794441,38.7547403,55.0790301,38.7541876,55.0789191,38.7540394,55.0788567,38.753958,55.0784498,38.7534271,55.0779157,38.7527678,55.0776535,38.7524673
55.0794945,38.7548066,55.0794441,38.7547403,55.0790301,38.7541876,55.0789191,38.7540394,55.0788567,38.753958,55.0784498,38.7534271,55.0779157,38.7527678,55.0776535,38.7524673,55.0775237,38.7524185
55.0794441,38.7547403,55.0790301,38.7541876,55.0789191,38.7540394,55.0788567,38.753958,55.0784498,38.7534271,55.0779157,38.7527678,55.0776535,38.7524673,55.0775237,38.7524185,55.0773154,38.7524732
55.0790301,38.7541876,55.0789191,38.7540394,55.0788567,38.753958,55.0784498,38.7534271,55.0779157,38.7527678,55.0776535,38.7524673,55.0775237,38.7524185,55.0773154,38.7524732,55.0771738,38.7526236
55.0789191,38.7540394,55.0788567,38.753958,55.0784498,38.7534271,55.0779157,38.7527678,55.0776535,38.7524673,55.0775237,38.7524185,55.0773154,38.7524732,55.0771738,38.7526236,55.0770087,38.7528452
55.0788567,38.753958,55.0784498,38.7534271,55.0779157,38.7527678,55.0776535,38.7524673,55.0775237,38.7524185,55.0773154,38.7524732,55.0771738,38.7526236,55.0770087,38.7528452,55.0769099,38.7529688
55.0784498,38.7534271,55.0779157,38.7527678,55.0776535,38.7524673,55.0775237,38.7524185,55.0773154,38.7524732,55.0771738,38.7526236,55.0770087,38.7528452,55.0769099,38.7529688,55.0768425,38.7530394
55.0779157,38.7527678,55.0776535,38.7524673,55.0775237,38.7524185,55.0773154,38.7524732,55.0771738,38.7526236,55.0770087,38.7528452,55.0769099,38.7529688,55.0768425,38.7530394,55.0766767,38.7531034
55.0776535,38.7524673,55.0775237,38.7524185,55.0773154,38.7524732,55.0771738,38.7526236,55.0770087,38.7528452,55.0769099,38.7529688,55.0768425,38.7530394,55.0766767,38.7531034,55.0765052,38.7532003
55.0775237,38.7524185,55.0773154,38.7524732,55.0771738,38.7526236,55.0770087,38.7528452,55.0769099,38.7529688,55.0768425,38.7530394,55.0766767,38.7531034,55.0765052,38.7532003,55.0763397,38.753281
55.0773154,38.7524732,55.0771738,38.7526236,55.0770087,38.7528452,55.0769099,38.7529688,55.0768425,38.7530394,55.0766767,38.7531034,55.0765052,38.7532003,55.0763397,38.753281,55.0761635,38.7533799
55.0771738,38.7526236,55.0770087,38.7528452,55.0769099,38.7529688,55.0768425,38.7530394,55.0766767,38.7531034,55.0765052,38.7532003,55.0763397,38.753281,55.0761635,38.7533799,55.076027,38.7534598
55.0770087,38.7528452,55.0769099,38.7529688,55.0768425,38.7530394,55.0766767,38.7531034,55.0765052,38.7532003,55.0763397,38.753281,55.0761635,38.7533799,55.076027,38.7534598,55.0759853,38.7534842
55.0806478,38.7744302,55.0803228,38.7731478,55.0801109,38.7722278,55.0797732,38.7707617,55.0796975,38.7704331,55.0796218,38.7703731,55.0791796,38.7700222,55.0790618,38.7699265,55.0788729,38.7697646
55.0803228,38.7731478,55.0801109,38.7722278,55.0797732,38.7707617,55.0796975,38.7704331,55.0796218,38.7703731,55.0791796,38.7700222,55.0790618,38.7699265,55.0788729,38.7697646,55.0787827,38.7696909
55.0814745,38.7923111,55.081464,38.792385,55.081431,38.7925095,55.0813963,38.7926409,55.081355,38.7927973,55.0813177,38.7929331,55.0812868,38.7930459,55.0812819,38.7930635,55.0813063,38.7932244
55.081464,38.792385,55.081431,38.7925095,55.0813963,38.7926409,55.081355,38.7927973,55.0813177,38.7929331,55.0812868,38.7930459,55.0812819,38.7930635,55.0813063,38.7932244,55.081291,38.7932778
55.0812198,38.7906716,55.0811826,38.7908169,55.0810857,38.7911599,55.0810329,38.7913469,55.0807256,38.7924346,55.0806781,38.7926028,55.0805507,38.7930537,55.0804888,38.7930002,55.0802779,38.7937468
55.0811826,38.7908169,55.0810857,38.7911599,55.0810329,38.7913469,55.0807256,38.7924346,55.0806781,38.7926028,55.0805507,38.7930537,55.0804888,38.7930002,55.0802779,38.7937468,55.0801696,38.7941303
55.0810857,38.7911599,55.0810329,38.7913469,55.0807256,38.7924346,55.0806781,38.7926028,55.0805507,38.7930537,55.0804888,38.7930002,55.0802779,38.7937468,55.0801696,38.7941303,55.0800709,38.7944795
55.0810329,38.7913469,55.0807256,38.7924346,55.0806781,38.7926028,55.0805507,38.7930537,55.0804888,38.7930002,55.0802779,38.7937468,55.0801696,38.7941303,55.0800709,38.7944795,55.0800382,38.7945955
55.0828553,38.7968275,55.0826431,38.7966486,55.0821642,38.7962448,55.0816747,38.795832,55.0814765,38.7956649,55.0810721,38.7953238,55.0805111,38.7948506,55.0800709,38.7944795,55.0798202,38.794268
55.0809292,38.7904068,55.0809586,38.7903045,55.0811332,38.7896973,55.0811732,38.789558,55.0812732,38.7892101,55.081504,38.7884075,55.0816231,38.7879933,55.081793,38.7874025,55.0819251,38.7869428
55.0809586,38.7903045,55.0811332,38.7896973,55.0811732,38.789558,55.0812732,38.7892101,55.081504,38.7884075,55.0816231,38.7879933,55.081793,38.7874025,55.0819251,38.7869428,55.0820248,38.7865962
55.0811332,38.7896973,55.0811732,38.789558,55.0812732,38.7892101,55.081504,38.7884075,55.0816231,38.7879933,55.081793,38.7874025,55.0819251,38.7869428,55.0820248,38.7865962,55.0822844,38.7856932
55.0811732,38.789558,55.0812732,38.7892101,55.081504,38.7884075,55.0816231,38.7879933,55.081793,38.7874025,55.0819251,38.7869428,55.0820248,38.7865962,55.0822844,38.7856932,55.0824193,38.7852239
55.0812732,38.7892101,55.081504,38.7884075,55.0816231,38.7879933,55.081793,38.7874025,55.0819251,38.7869428,55.0820248,38.7865962,55.0822844,38.7856932,55.0824193,38.7852239,55.0825914,38.7846255
55.0811179,38.7939172,55.0811645,38.7937217,55.0813964,38.7939219,55.0816781,38.7941651,55.0819748,38.7944212,55.0820019,38.7944446,55.0820383,38.794476,55.0821027,38.7945316,55.0821867,38.7946042
55.0811645,38.7937217,55.0813964,38.7939219,55.0816781,38.7941651,55.0819748,38.7944212,55.0820019,38.7944446,55.0820383,38.794476,55.0821027,38.7945316,55.0821867,38.7946042,55.082445,38.7948276
55.0813964,38.7939219,55.0816781,38.7941651,55.0819748,38.7944212,55.0820019,38.7944446,55.0820383,38.794476,55.0821027,38.7945316,55.0821867,38.7946042,55.082445,38.7948276,55.0822282,38.7956016
55.0816781,38.7941651,55.0819748,38.7944212,55.0820019,38.7944446,55.0820383,38.794476,55.0821027,38.7945316,55.0821867,38.7946042,55.082445,38.7948276,55.0822282,38.7956016,55.0821661,38.7958235
55.0828458,38.794562,55.0828648,38.7944197,55.0829219,38.7942052,55.0830426,38.7939279,55.0834119,38.794268,55.0835032,38.7943251,55.0836193,38.7943365,55.0836614,38.7943695,55.0837106,38.7944126
55.0784177,38.799172,55.0783216,38.7990912,55.0782938,38.7990704,55.0782334,38.7990854,55.0782075,38.7991525,55.0780052,38.7996462,55.0783122,38.7994972,55.0780787,38.8002129,55.0784606,38.8005977
55.0783216,38.7990912,55.0782938,38.7990704,55.0782334,38.7990854,55.0782075,38.7991525,55.0780052,38.7996462,55.0783122,38.7994972,55.0780787,38.8002129,55.0784606,38.8005977,55.0784984,38.8006137
55.0762222,38.8010961,55.0762523,38.7998969,55.0762602,38.7996089,55.0762661,38.7991795,55.0762577,38.7988799,55.0762388,38.7986118,55.0761325,38.7978411,55.0761114,38.7976859,55.0759388,38.7964597
55.0762523,38.7998969,55.0762602,38.7996089,55.0762661,38.7991795,55.0762577,38.7988799,55.0762388,38.7986118,55.0761325,38.7978411,55.0761114,38.7976859,55.0759388,38.7964597,55.0758298,38.7956416
55.0762602,38.7996089,55.0762661,38.7991795,55.0762577,38.7988799,55.0762388,38.7986118,55.0761325,38.7978411,55.0761114,38.7976859,55.0759388,38.7964597,55.0758298,38.7956416,55.0757273,38.7948536
55.0762661,38.7991795,55.0762577,38.7988799,55.0762388,38.7986118,55.0761325,38.7978411,55.0761114,38.7976859,55.0759388,38.7964597,55.0758298,38.7956416,55.0757273,38.7948536,55.0755468,38.7935903
55.0762577,38.7988799,55.0762388,38.7986118,55.0761325,38.7978411,55.0761114,38.7976859,55.0759388,38.7964597,55.0758298,38.7956416,55.0757273,38.7948536,55.0755468,38.7935903,55.0755338,38.7934925
55.077371,38.7981594,55.0775273,38.799303,55.0776522,38.799251,55.0776671,38.7993602,55.0777086,38.7996638,55.077713,38.799696,55.0777455,38.7999339,55.0777708,38.8001194,55.0777908,38.8002657
55.0775273,38.799303,55.0776522,38.799251,55.0776671,38.7993602,55.0777086,38.7996638,55.077713,38.799696,55.0777455,38.7999339,55.0777708,38.8001194,55.0777908,38.8002657,55.0778303,38.8005552
55.0776522,38.799251,55.0776671,38.7993602,55.0777086,38.7996638,55.077713,38.799696,55.0777455,38.7999339,55.0777708,38.8001194,55.0777908,38.8002657,55.0778303,38.8005552,55.077868,38.800831
55.0776671,38.7993602,55.0777086,38.7996638,55.077713,38.799696,55.0777455,38.7999339,55.0777708,38.8001194,55.0777908,38.8002657,55.0778303,38.8005552,55.077868,38.800831,55.0778841,38.8009491
55.0752453,38.8000788,55.0752145,38.7998648,55.0751711,38.7995611,55.0751296,38.7992708,55.0750855,38.7989623,55.0750425,38.7986611,55.0749976,38.7983468,55.0749668,38.7981313,55.0748469,38.7981752
55.074901,38.8003093,55.0749486,38.800274,55.0752453,38.8000788,55.0752835,38.800062,55.0754544,38.799987,55.0751825,38.7980977,55.075572,38.7979267,55.0755927,38.7980706,55.0760796,38.7978614
55.0793608,38.7587507,55.0794714,38.7583565,55.0794979,38.7582622,55.0796566,38.7578659,55.0798214,38.7575798,55.0803771,38.7576595,55.0805068,38.7577775,55.0807378,38.7586195,55.0807679,38.758812
55.0794714,38.7583565,55.0794979,38.7582622,55.0796566,38.7578659,55.0798214,38.7575798,55.0803771,38.7576595,55.0805068,38.7577775,55.0807378,38.7586195,55.0807679,38.758812,55.0807682,38.7590854
55.0794979,38.7582622,55.0796566,38.7578659,55.0798214,38.7575798,55.0803771,38.7576595,55.0805068,38.7577775,55.0807378,38.7586195,55.0807679,38.758812,55.0807682,38.7590854,55.0805093,38.7599138
55.0796566,38.7578659,55.0798214,38.7575798,55.0803771,38.7576595,55.0805068,38.7577775,55.0807378,38.7586195,55.0807679,38.758812,55.0807682,38.7590854,55.0805093,38.7599138,55.0804188,38.7602035
55.0798214,38.7575798,55.0803771,38.7576595,55.0805068,38.7577775,55.0807378,38.7586195,55.0807679,38.758812,55.0807682,38.7590854,55.0805093,38.7599138,55.0804188,38.7602035,55.0810324,38.7607401
55.0803771,38.7576595,55.0805068,38.7577775,55.0807378,38.7586195,55.0807679,38.758812,55.0807682,38.7590854,55.0805093,38.7599138,55.0804188,38.7602035,55.0810324,38.7607401,55.0812163,38.7609009
55.0805068,38.7577775,55.0807378,38.7586195,55.0807679,38.758812,55.0807682,38.7590854,55.0805093,38.7599138,55.0804188,38.7602035,55.0810324,38.7607401,55.0812163,38.7609009,55.0813031,38.7609768
55.0796832,38.7942859,55.0797877,38.794377,55.0798387,38.7944215,55.0800382,38.7945955,55.0804736,38.7949755,55.0814791,38.795853,55.0816315,38.7959829,55.0818934,38.7962058,55.0821175,38.7964046
55.0797877,38.794377,55.0798387,38.7944215,55.0800382,38.7945955,55.0804736,38.7949755,55.0814791,38.795853,55.0816315,38.7959829,55.0818934,38.7962058,55.0821175,38.7964046,55.0828331,38.7970395
55.0798387,38.7944215,55.0800382,38.7945955,55.0804736,38.7949755,55.0814791,38.795853,55.0816315,38.7959829,55.0818934,38.7962058,55.0821175,38.7964046,55.0828331,38.7970395,55.0828626,38.7970636
55.0800382,38.7945955,55.0804736,38.7949755,55.0814791,38.795853,55.0816315,38.7959829,55.0818934,38.7962058,55.0821175,38.7964046,55.0828331,38.7970395,55.0828626,38.7970636,55.0829075,38.797106
55.0804736,38.7949755,55.0814791,38.795853,55.0816315,38.7959829,55.0818934,38.7962058,55.0821175,38.7964046,55.0828331,38.7970395,55.0828626,38.7970636,55.0829075,38.797106,55.0829378,38.7971331
55.0806796,38.7903588,55.0807779,38.7904483,55.0808462,38.7905105,55.0808891,38.7905514,55.0811826,38.7908169,55.0815385,38.7911411,55.0822691,38.7917877,55.0826109,38.792118,55.0839213,38.7933116
55.0807779,38.7904483,55.0808462,38.7905105,55.0808891,38.7905514,55.0811826,38.7908169,55.0815385,38.7911411,55.0822691,38.7917877,55.0826109,38.792118,55.0839213,38.7933116,55.0839618,38.7933486
55.0808462,38.7905105,55.0808891,38.7905514,55.0811826,38.7908169,55.0815385,38.7911411,55.0822691,38.7917877,55.0826109,38.792118,55.0839213,38.7933116,55.0839618,38.7933486,55.0840063,38.7933891
55.0773676,38.7615771,55.0773696,38.7617841,55.0773659,38.7618545,55.0773556,38.7619324,55.0773318,38.7620144,55.0773031,38.7620972,55.0771459,38.7624167,55.0771057,38.7626033,55.077057,38.7628435
55.0773696,38.7617841,55.0773659,38.7618545,55.0773556,38.7619324,55.0773318,38.7620144,55.0773031,38.7620972,55.0771459,38.7624167,55.0771057,38.7626033,55.077057,38.7628435,55.0769364,38.7629509
55.0773659,38.7618545,55.0773556,38.7619324,55.0773318,38.7620144,55.0773031,38.7620972,55.0771459,38.7624167,55.0771057,38.7626033,55.077057,38.7628435,55.0769364,38.7629509,55.0768333,38.7636181
55.0773556,38.7619324,55.0773318,38.7620144,55.0773031,38.7620972,55.0771459,38.7624167,55.0771057,38.7626033,55.077057,38.7628435,55.0769364,38.7629509,55.0768333,38.7636181,55.0767821,38.7639494
55.0773318,38.7620144,55.0773031,38.7620972,55.0771459,38.7624167,55.0771057,38.7626033,55.077057,38.7628435,55.0769364,38.7629509,55.0768333,38.7636181,55.0767821,38.7639494,55.0767041,38.7644537
55.0733874,38.7726998,55.0734237,38.7727486,55.073599,38.7729846,55.0737835,38.7733097,55.074809,38.7741758,55.0759445,38.7751373,55.0760032,38.7751872,55.0767794,38.775874,55.0768264,38.7759143
55.0922051,38.7556512,55.0926598,38.7560742,55.0930634,38.7564497,55.0931364,38.7565177,55.0933427,38.7567096,55.093427,38.7567881,55.0933993,38.756879,55.0931709,38.7576286,55.0929548,38.758338
55.0926598,38.7560742,55.0930634,38.7564497,55.0931364,38.7565177,55.0933427,38.7567096,55.093427,38.7567881,55.0933993,38.756879,55.0931709,38.7576286,55.0929548,38.758338,55.0929275,38.7584277
55.0902576,38.7559416,55.0904324,38.7560969,55.0910622,38.7566563,55.0918398,38.7573493,55.0921708,38.7576541,55.0923938,38.757838,55.0929076,38.7582869,55.0929548,38.758338,55.0929838,38.7583684
55.0904324,38.7560969,55.0910622,38.7566563,55.0918398,38.7573493,55.0921708,38.7576541,55.0923938,38.757838,55.0929076,38.7582869,55.0929548,38.758338,55.0929838,38.7583684,55.0930646,38.7584567
55.0910622,38.7566563,55.0918398,38.7573493,55.0921708,38.7576541,55.0923938,38.757838,55.0929076,38.7582869,55.0929548,38.758338,55.0929838,38.7583684,55.0930646,38.7584567,55.0933574,38.7588062
55.0918398,38.7573493,55.0921708,38.7576541,55.0923938,38.757838,55.0929076,38.7582869,55.0929548,38.758338,55.0929838,38.7583684,55.0930646,38.7584567,55.0933574,38.7588062,55.0935094,38.7589843
55.0921708,38.7576541,55.0923938,38.757838,55.0929076,38.7582869,55.0929548,38.758338,55.0929838,38.7583684,55.0930646,38.7584567,55.0933574,38.7588062,55.0935094,38.7589843,55.0937128,38.759296
55.0923938,38.757838,55.0929076,38.7582869,55.0929548,38.758338,55.0929838,38.7583684,55.0930646,38.7584567,55.0933574,38.7588062,55.0935094,38.7589843,55.0937128,38.759296,55.0937732,38.7594127
55.0929076,38.7582869,55.0929548,38.758338,55.0929838,38.7583684,55.0930646,38.7584567,55.0933574,38.7588062,55.0935094,38.7589843,55.0937128,38.759296,55.0937732,38.7594127,55.0938136,38.7595399
55.0929548,38.758338,55.0929838,38.7583684,55.0930646,38.7584567,55.0933574,38.7588062,55.0935094,38.7589843,55.0937128,38.759296,55.0937732,38.7594127,55.0938136,38.7595399,55.0946155,38.760754
55.0929838,38.7583684,55.0930646,38.7584567,55.0933574,38.7588062,55.0935094,38.7589843,55.0937128,38.759296,55.0937732,38.7594127,55.0938136,38.7595399,55.0946155,38.760754,55.0946478,38.7608043
55.0930646,38.7584567,55.0933574,38.7588062,55.0935094,38.7589843,55.0937128,38.759296,55.0937732,38.7594127,55.0938136,38.7595399,55.0946155,38.760754,55.0946478,38.7608043,55.0948892,38.7611928
55.0933574,38.7588062,55.0935094,38.7589843,55.0937128,38.759296,55.0937732,38.7594127,55.0938136,38.7595399,55.0946155,38.760754,55.0946478,38.7608043,55.0948892,38.7611928,55.0949161,38.7611418
55.0935094,38.7589843,55.0937128,38.759296,55.0937732,38.7594127,55.0938136,38.7595399,55.0946155,38.760754,55.0946478,38.7608043,55.0948892,38.7611928,55.0949161,38.7611418,55.0955531,38.7622107
55.0919786,38.7502368,55.0918653,38.7505532,55.0911554,38.7527811,55.0910712,38.7531041,55.0909668,38.7534444,55.0908738,38.7538892,55.0907365,38.7542089,55.0905185,38.754931,55.090427,38.7553512
55.0937128,38.759296,55.0937717,38.7591856,55.0941297,38.7585145,55.0942697,38.7581969,55.0943074,38.7580955,55.0944625,38.7577484,55.0945625,38.7575383,55.0946201,38.7574172,55.0947634,38.7572312
55.0937717,38.7591856,55.0941297,38.7585145,55.0942697,38.7581969,55.0943074,38.7580955,55.0944625,38.7577484,55.0945625,38.7575383,55.0946201,38.7574172,55.0947634,38.7572312,55.0949513,38.7570252
55.0941297,38.7585145,55.0942697,38.7581969,55.0943074,38.7580955,55.0944625,38.7577484,55.0945625,38.7575383,55.0946201,38.7574172,55.0947634,38.7572312,55.0949513,38.7570252,55.0951387,38.7567191
55.0942697,38.7581969,55.0943074,38.7580955,55.0944625,38.7577484,55.0945625,38.7575383,55.0946201,38.7574172,55.0947634,38.7572312,55.0949513,38.7570252,55.0951387,38.7567191,55.0951978,38.7566463
55.0935578,38.7557219,55.0938328,38.755953,55.0939087,38.7560688,55.0940161,38.7563191,55.0941111,38.7565417,55.0946201,38.7574172,55.0946701,38.7575032,55.0948062,38.7577374,55.0948823,38.7578686
55.0938328,38.755953,55.0939087,38.7560688,55.0940161,38.7563191,55.0941111,38.7565417,55.0946201,38.7574172,55.0946701,38.7575032,55.0948062,38.7577374,55.0948823,38.7578686,55.0949438,38.757963
55.0939087,38.7560688,55.0940161,38.7563191,55.0941111,38.7565417,55.0946201,38.7574172,55.0946701,38.7575032,55.0948062,38.7577374,55.0948823,38.7578686,55.0949438,38.757963,55.0955526,38.7589871
55.0940161,38.7563191,55.0941111,38.7565417,55.0946201,38.7574172,55.0946701,38.7575032,55.0948062,38.7577374,55.0948823,38.7578686,55.0949438,38.757963,55.0955526,38.7589871,55.095587,38.7590398
55.0949143,38.771967,55.0948634,38.7719865,55.0948115,38.7719705,55.0947702,38.7719259,55.0947374,38.7718466,55.0947259,38.7717563,55.0947347,38.7716673,55.0947624,38.7715901,55.0948054,38.7715366
55.0948634,38.7719865,55.0948115,38.7719705,55.0947702,38.7719259,55.0947374,38.7718466,55.0947259,38.7717563,55.0947347,38.7716673,55.0947624,38.7715901,55.0948054,38.7715366,55.0948594,38.7715159
55.0948115,38.7719705,55.0947702,38.7719259,55.0947374,38.7718466,55.0947259,38.7717563,55.0947347,38.7716673,55.0947624,38.7715901,55.0948054,38.7715366,55.0948594,38.7715159,55.094906,38.7715292
55.0947702,38.7719259,55.0947374,38.7718466,55.0947259,38.7717563,55.0947347,38.7716673,55.0947624,38.7715901,55.0948054,38.7715366,55.0948594,38.7715159,55.094906,38.7715292,55.094951,38.771577
55.0947374,38.7718466,55.0947259,38.7717563,55.0947347,38.7716673,55.0947624,38.7715901,55.0948054,38.7715366,55.0948594,38.7715159,55.094906,38.7715292,55.094951,38.771577,55.0949837,38.7716563
55.0947259,38.7717563,55.0947347,38.7716673,55.0947624,38.7715901,55.0948054,38.7715366,55.0948594,38.7715159,55.094906,38.7715292,55.094951,38.771577,55.0949837,38.7716563,55.0949951,38.7717458
55.0947347,38.7716673,55.0947624,38.7715901,55.0948054,38.7715366,55.0948594,38.7715159,55.094906,38.7715292,55.094951,38.771577,55.0949837,38.7716563,55.0949951,38.7717458,55.0949859,38.7718372
55.0947624,38.7715901,55.0948054,38.7715366,55.0948594,38.7715159,55.094906,38.7715292,55.094951,38.771577,55.0949837,38.7716563,55.0949951,38.7717458,55.0949859,38.7718372,55.0949592,38.7719114
55.0948054,38.7715366,55.0948594,38.7715159,55.094906,38.7715292,55.094951,38.771577,55.0949837,38.7716563,55.0949951,38.7717458,55.0949859,38.7718372,55.0949592,38.7719114,55.0949143,38.771967
55.0942909,38.7682634,55.0942317,38.7682031,55.0941533,38.7680774,55.0941313,38.7680463,55.0940934,38.767968,55.0940006,38.7679481,55.0939314,38.7679696,55.0938074,38.7680788,55.0937132,38.7681669
55.0942317,38.7682031,55.0941533,38.7680774,55.0941313,38.7680463,55.0940934,38.767968,55.0940006,38.7679481,55.0939314,38.7679696,55.0938074,38.7680788,55.0937132,38.7681669,55.0936546,38.7682101
55.0941533,38.7680774,55.0941313,38.7680463,55.0940934,38.767968,55.0940006,38.7679481,55.0939314,38.7679696,55.0938074,38.7680788,55.0937132,38.7681669,55.0936546,38.7682101,55.0933351,38.7680577
55.0941313,38.7680463,55.0940934,38.767968,55.0940006,38.7679481,55.0939314,38.7679696,55.0938074,38.7680788,55.0937132,38.7681669,55.0936546,38.7682101,55.0933351,38.7680577,55.0932363,38.7680063
55.0940934,38.767968,55.0940006,38.7679481,55.0939314,38.7679696,55.0938074,38.7680788,55.0937132,38.7681669,55.0936546,38.7682101,55.0933351,38.7680577,55.0932363,38.7680063,55.0930878,38.767929
55.0939318,38.7694995,55.0938343,38.7694142,55.0936905,38.7692924,55.0936565,38.7692811,55.0935954,38.7691988,55.0935304,38.7688819,55.0934162,38.76871,55.0932732,38.7686069,55.0929936,38.7684766
55.0938343,38.7694142,55.0936905,38.7692924,55.0936565,38.7692811,55.0935954,38.7691988,55.0935304,38.7688819,55.0934162,38.76871,55.0932732,38.7686069,55.0929936,38.7684766,55.0929214,38.768443
55.0936905,38.7692924,55.0936565,38.7692811,55.0935954,38.7691988,55.0935304,38.7688819,55.0934162,38.76871,55.0932732,38.7686069,55.0929936,38.7684766,55.0929214,38.768443,55.0927171,38.7683553
55.0936565,38.7692811,55.0935954,38.7691988,55.0935304,38.7688819,55.0934162,38.76871,55.0932732,38.7686069,55.0929936,38.7684766,55.0929214,38.768443,55.0927171,38.7683553,55.0926513,38.7683648
55.0935954,38.7691988,55.0935304,38.7688819,55.0934162,38.76871,55.0932732,38.7686069,55.0929936,38.7684766,55.0929214,38.768443,55.0927171,38.7683553,55.0926513,38.7683648,55.0919637,38.7679704
55.0935304,38.7688819,55.0934162,38.76871,55.0932732,38.7686069,55.0929936,38.7684766,55.0929214,38.768443,55.0927171,38.7683553,55.0926513,38.7683648,55.0919637,38.7679704,55.091894,38.7679948
55.0934162,38.76871,55.0932732,38.7686069,55.0929936,38.7684766,55.0929214,38.768443,55.0927171,38.7683553,55.0926513,38.7683648,55.0919637,38.7679704,55.091894,38.7679948,55.0918216,38.7679895
55.0932732,38.7686069,55.0929936,38.7684766,55.0929214,38.768443,55.0927171,38.7683553,55.0926513,38.7683648,55.0919637,38.7679704,55.091894,38.7679948,55.0918216,38.7679895,55.0917441,38.7680092
55.0929936,38.7684766,55.0929214,38.768443,55.0927171,38.7683553,55.0926513,38.7683648,55.0919637,38.7679704,55.091894,38.7679948,55.0918216,38.7679895,55.0917441,38.7680092,55.091557,38.7679158
55.0929214,38.768443,55.0927171,38.7683553,55.0926513,38.7683648,55.0919637,38.7679704,55.091894,38.7679948,55.0918216,38.7679895,55.0917441,38.7680092,55.091557,38.7679158,55.0908945,38.7676683
55.0927171,38.7683553,55.0926513,38.7683648,55.0919637,38.7679704,55.091894,38.7679948,55.0918216,38.7679895,55.0917441,38.7680092,55.091557,38.7679158,55.0908945,38.7676683,55.0906011,38.7674162
55.0926513,38.7683648,55.0919637,38.7679704,55.091894,38.7679948,55.0918216,38.7679895,55.0917441,38.7680092,55.091557,38.7679158,55.0908945,38.7676683,55.0906011,38.7674162,55.0905157,38.7673378
55.0919637,38.7679704,55.091894,38.7679948,55.0918216,38.7679895,55.0917441,38.7680092,55.091557,38.7679158,55.0908945,38.7676683,55.0906011,38.7674162,55.0905157,38.7673378,55.0904324,38.7672304
55.091894,38.7679948,55.0918216,38.7679895,55.0917441,38.7680092,55.091557,38.7679158,55.0908945,38.7676683,55.0906011,38.7674162,55.0905157,38.7673378,55.0904324,38.7672304,55.0898179,38.7668982
55.0918216,38.7679895,55.0917441,38.7680092,55.091557,38.7679158,55.0908945,38.7676683,55.0906011,38.7674162,55.0905157,38.7673378,55.0904324,38.7672304,55.0898179,38.7668982,55.0889263,38.7664446
55.0917441,38.7680092,55.091557,38.7679158,55.0908945,38.7676683,55.0906011,38.7674162,55.0905157,38.7673378,55.0904324,38.7672304,55.0898179,38.7668982,55.0889263,38.7664446,55.0881479,38.766049
55.091557,38.7679158,55.0908945,38.7676683,55.0906011,38.7674162,55.0905157,38.7673378,55.0904324,38.7672304,55.0898179,38.7668982,55.0889263,38.7664446,55.0881479,38.766049,55.0879871,38.7659888
55.0908945,38.7676683,55.0906011,38.7674162,55.0905157,38.7673378,55.0904324,38.7672304,55.0898179,38.7668982,55.0889263,38.7664446,55.0881479,38.766049,55.0879871,38.7659888,55.0877625,38.7658699
55.0949839,38.7709556,55.0951821,38.7712405,55.0953735,38.7715491,55.0953949,38.771584,55.0954133,38.771612,55.0954221,38.7716241,55.0954819,38.7717164,55.0956469,38.7720081,55.0956669,38.7720394
55.0958078,38.7696867,55.0958445,38.7696289,55.0958768,38.7695504,55.0958978,38.7694523,55.095895,38.7693493,55.0958516,38.7688229,55.0956382,38.7688735,55.0955695,38.769008,55.0955776,38.7691899
55.0934538,38.7715678,55.0935674,38.7711592,55.0936278,38.7709407,55.0936466,38.7708696,55.0939744,38.7696864,55.0940078,38.769566,55.0940273,38.7694984,55.0940561,38.7693985,55.0940717,38.7693419
55.0935674,38.7711592,55.0936278,38.7709407,55.0936466,38.7708696,55.0939744,38.7696864,55.0940078,38.769566,55.0940273,38.7694984,55.0940561,38.7693985,55.0940717,38.7693419,55.0943553,38.7683124
55.0944207,38.7708359,55.0943839,38.7708217,55.0943636,38.7707663,55.0943717,38.770702,55.094388,38.7706839,55.0944035,38.7706666,55.0944403,38.7706808,55.0944605,38.7707362,55.0944524,38.7708005
55.0943839,38.7708217,55.0943636,38.7707663,55.0943717,38.770702,55.094388,38.7706839,55.0944035,38.7706666,55.0944403,38.7706808,55.0944605,38.7707362,55.0944524,38.7708005,55.0944207,38.7708359
55.0743135,38.7971723,55.07434,38.797156,55.0748261,38.7968575,55.0748827,38.7968228,55.075093,38.7966936,55.0751515,38.7966573,55.0751674,38.7965431,55.0752828,38.7964855,55.0753036,38.7964751
55.07434,38.797156,55.0748261,38.7968575,55.0748827,38.7968228,55.075093,38.7966936,55.0751515,38.7966573,55.0751674,38.7965431,55.0752828,38.7964855,55.0753036,38.7964751,55.0753831,38.7965431
55.0748261,38.7968575,55.0748827,38.7968228,55.075093,38.7966936,55.0751515,38.7966573,55.0751674,38.7965431,55.0752828,38.7964855,55.0753036,38.7964751,55.0753831,38.7965431,55.0758581,38.7963249
55.0812141,38.7765764,55.0813483,38.7772534,55.0813928,38.7775502,55.0814436,38.7776057,55.0815579,38.777553,55.0816595,38.7774753,55.0816976,38.7773477,55.0816833,38.777234,55.0816293,38.7771175
55.0813483,38.7772534,55.0813928,38.7775502,55.0814436,38.7776057,55.0815579,38.777553,55.0816595,38.7774753,55.0816976,38.7773477,55.0816833,38.777234,55.0816293,38.7771175,55.0815531,38.7771148
55.0813928,38.7775502,55.0814436,38.7776057,55.0815579,38.777553,55.0816595,38.7774753,55.0816976,38.7773477,55.0816833,38.777234,55.0816293,38.7771175,55.0815531,38.7771148,55.0813483,38.7772534
55.0818747,38.7728261,55.0820535,38.7721556,55.0821201,38.7719072,55.0823173,38.7720772,55.0823761,38.7721292,55.0825271,38.7722627,55.0828606,38.7725576,55.0828886,38.7726969,55.0827012,38.7733715
55.0820535,38.7721556,55.0821201,38.7719072,55.0823173,38.7720772,55.0823761,38.7721292,55.0825271,38.7722627,55.0828606,38.7725576,55.0828886,38.7726969,55.0827012,38.7733715,55.0826668,38.773492
55.1013846,38.7411563,55.1013708,38.7411081,55.1012601,38.7408062,55.1011314,38.740467,55.1009826,38.7401827,55.1007892,38.7396731,55.1005143,38.7390922,55.1004989,38.7389528,55.1004617,38.7388582
55.1013708,38.7411081,55.1012601,38.7408062,55.1011314,38.740467,55.1009826,38.7401827,55.1007892,38.7396731,55.1005143,38.7390922,55.1004989,38.7389528,55.1004617,38.7388582,55.1004313,38.7386305
55.1012601,38.7408062,55.1011314,38.740467,55.1009826,38.7401827,55.1007892,38.7396731,55.1005143,38.7390922,55.1004989,38.7389528,55.1004617,38.7388582,55.1004313,38.7386305,55.1003074,38.7383354
55.1011314,38.740467,55.1009826,38.7401827,55.1007892,38.7396731,55.1005143,38.7390922,55.1004989,38.7389528,55.1004617,38.7388582,55.1004313,38.7386305,55.1003074,38.7383354,55.0999636,38.7376856
55.1009826,38.7401827,55.1007892,38.7396731,55.1005143,38.7390922,55.1004989,38.7389528,55.1004617,38.7388582,55.1004313,38.7386305,55.1003074,38.7383354,55.0999636,38.7376856,55.0996689,38.7375541
55.1007892,38.7396731,55.1005143,38.7390922,55.1004989,38.7389528,55.1004617,38.7388582,55.1004313,38.7386305,55.1003074,38.7383354,55.0999636,38.7376856,55.0996689,38.7375541,55.0995444,38.7375232
55.1005143,38.7390922,55.1004989,38.7389528,55.1004617,38.7388582,55.1004313,38.7386305,55.1003074,38.7383354,55.0999636,38.7376856,55.0996689,38.7375541,55.0995444,38.7375232,55.0994786,38.7374495
55.1004989,38.7389528,55.1004617,38.7388582,55.1004313,38.7386305,55.1003074,38.7383354,55.0999636,38.7376856,55.0996689,38.7375541,55.0995444,38.7375232,55.0994786,38.7374495,55.0991991,38.7369465
55.1004617,38.7388582,55.1004313,38.7386305,55.1003074,38.7383354,55.0999636,38.7376856,55.0996689,38.7375541,55.0995444,38.7375232,55.0994786,38.7374495,55.0991991,38.7369465,55.0991242,38.736762
55.1004313,38.7386305,55.1003074,38.7383354,55.0999636,38.7376856,55.0996689,38.7375541,55.0995444,38.7375232,55.0994786,38.7374495,55.0991991,38.7369465,55.0991242,38.736762,55.0990978,38.736697
55.1003074,38.7383354,55.0999636,38.7376856,55.0996689,38.7375541,55.0995444,38.7375232,55.0994786,38.7374495,55.0991991,38.7369465,55.0991242,38.736762,55.0990978,38.736697,55.0990414,38.7365891
55.0999636,38.7376856,55.0996689,38.7375541,55.0995444,38.7375232,55.0994786,38.7374495,55.0991991,38.7369465,55.0991242,38.736762,55.0990978,38.736697,55.0990414,38.7365891,55.0986637,38.735867
55.0996689,38.7375541,55.0995444,38.7375232,55.0994786,38.7374495,55.0991991,38.7369465,55.0991242,38.736762,55.0990978,38.736697,55.0990414,38.7365891,55.0986637,38.735867,55.0982362,38.7349607
55.0995444,38.7375232,55.0994786,38.7374495,55.0991991,38.7369465,55.0991242,38.736762,55.0990978,38.736697,55.0990414,38.7365891,55.0986637,38.735867,55.0982362,38.7349607,55.0979102,38.7341638
55.0994786,38.7374495,55.0991991,38.7369465,55.0991242,38.736762,55.0990978,38.736697,55.0990414,38.7365891,55.0986637,38.735867,55.0982362,38.7349607,55.0979102,38.7341638,55.0978319,38.7339734
55.0991991,38.7369465,55.0991242,38.736762,55.0990978,38.736697,55.0990414,38.7365891,55.0986637,38.735867,55.0982362,38.7349607,55.0979102,38.7341638,55.0978319,38.7339734,55.0976892,38.7340485
55.0991242,38.736762,55.0990978,38.736697,55.0990414,38.7365891,55.0986637,38.735867,55.0982362,38.7349607,55.0979102,38.7341638,55.0978319,38.7339734,55.0976892,38.7340485,55.0976602,38.7340822
55.0990978,38.736697,55.0990414,38.7365891,55.0986637,38.735867,55.0982362,38.7349607,55.0979102,38.7341638,55.0978319,38.7339734,55.0976892,38.7340485,55.0976602,38.7340822,55.0975879,38.7341665
55.0990414,38.7365891,55.0986637,38.735867,55.0982362,38.7349607,55.0979102,38.7341638,55.0978319,38.7339734,55.0976892,38.7340485,55.0976602,38.7340822,55.0975879,38.7341665,55.0974958,38.734247
55.0986637,38.735867,55.0982362,38.7349607,55.0979102,38.7341638,55.0978319,38.7339734,55.0976892,38.7340485,55.0976602,38.7340822,55.0975879,38.7341665,55.0974958,38.734247,55.0973071,38.7342201
55.0982362,38.7349607,55.0979102,38.7341638,55.0978319,38.7339734,55.0976892,38.7340485,55.0976602,38.7340822,55.0975879,38.7341665,55.0974958,38.734247,55.0973071,38.7342201,55.0970692,38.7342389
55.0979102,38.7341638,55.0978319,38.7339734,55.0976892,38.7340485,55.0976602,38.7340822,55.0975879,38.7341665,55.0974958,38.734247,55.0973071,38.7342201,55.0970692,38.7342389,55.0968574,38.7341477
55.0978319,38.7339734,55.0976892,38.7340485,55.0976602,38.7340822,55.0975879,38.7341665,55.0974958,38.734247,55.0973071,38.7342201,55.0970692,38.7342389,55.0968574,38.7341477,55.0967729,38.7341313
55.0976892,38.7340485,55.0976602,38.7340822,55.0975879,38.7341665,55.0974958,38.734247,55.0973071,38.7342201,55.0970692,38.7342389,55.0968574,38.7341477,55.0967729,38.7341313,55.0967243,38.7341557
55.1016654,38.7428731,55.1011667,38.7434122,55.10078,38.7438521,55.0999805,38.7447345,55.0998945,38.744882,55.0998347,38.7449169,55.0997748,38.7449303,55.098804,38.7463127,55.0984059,38.7469903
55.1011667,38.7434122,55.10078,38.7438521,55.0999805,38.7447345,55.0998945,38.744882,55.0998347,38.7449169,55.0997748,38.7449303,55.098804,38.7463127,55.0984059,38.7469903,55.0983246,38.7470707
55.10078,38.7438521,55.0999805,38.7447345,55.0998945,38.744882,55.0998347,38.7449169,55.0997748,38.7449303,55.098804,38.7463127,55.0984059,38.7469903,55.0983246,38.7470707,55.098211,38.7471217
55.0999805,38.7447345,55.0998945,38.744882,55.0998347,38.7449169,55.0997748,38.7449303,55.098804,38.7463127,55.0984059,38.7469903,55.0983246,38.7470707,55.098211,38.7471217,55.0973838,38.7483716
55.0998945,38.744882,55.0998347,38.7449169,55.0997748,38.7449303,55.098804,38.7463127,55.0984059,38.7469903,55.0983246,38.7470707,55.098211,38.7471217,55.0973838,38.7483716,55.0972891,38.748448
55.0976508,38.7331714,55.0976048,38.7332063,55.0975465,38.7333001,55.0974575,38.7333699,55.0973869,38.7334852,55.0973224,38.733563,55.0972119,38.7336944,55.0971122,38.7338205,55.0970462,38.7338527
55.0867625,38.7914386,55.0865889,38.7919897,55.0859083,38.792786,55.0856461,38.7931022,55.0854945,38.7932625,55.0854999,38.7933617,55.0854769,38.7934408,55.085377,38.7938237,55.0852676,38.7942169
55.0865889,38.7919897,55.0859083,38.792786,55.0856461,38.7931022,55.0854945,38.7932625,55.0854999,38.7933617,55.0854769,38.7934408,55.085377,38.7938237,55.0852676,38.7942169,55.0852427,38.7943065
55.0824329,38.798826,55.0823451,38.7987455,55.082095,38.7985163,55.0820902,38.798419,55.082122,38.7983093,55.0821871,38.7980847,55.0816576,38.7976176,55.0818016,38.7968189,55.0817486,38.7967432
55.0823425,38.7844548,55.0824718,38.7845273,55.0825914,38.7846255,55.082912,38.7849048,55.0835758,38.7854832,55.0835854,38.7855437,55.0836059,38.785672,55.0838161,38.7858526,55.0840656,38.7860669
55.0824718,38.7845273,55.0825914,38.7846255,55.082912,38.7849048,55.0835758,38.7854832,55.0835854,38.7855437,55.0836059,38.785672,55.0838161,38.7858526,55.0840656,38.7860669,55.0843304,38.7862944
55.0825914,38.7846255,55.082912,38.7849048,55.0835758,38.7854832,55.0835854,38.7855437,55.0836059,38.785672,55.0838161,38.7858526,55.0840656,38.7860669,55.0843304,38.7862944,55.0846172,38.7865408
55.082912,38.7849048,55.0835758,38.7854832,55.0835854,38.7855437,55.0836059,38.785672,55.0838161,38.7858526,55.0840656,38.7860669,55.0843304,38.7862944,55.0846172,38.7865408,55.0855966,38.7873637
55.0963859,38.7638811,55.0963262,38.7639927,55.0959385,38.7646921,55.0957791,38.7649647,55.0956818,38.765131,55.0955416,38.7653821,55.0949222,38.7664913,55.0946392,38.766998,55.0946466,38.7670616
55.0957459,38.7679964,55.0958295,38.7678307,55.0958566,38.7677866,55.0958859,38.7677908,55.0960271,38.7675316,55.0960815,38.7676194,55.0960524,38.767936,55.0960542,38.7680033,55.0960721,38.7680586
55.0958295,38.7678307,55.0958566,38.7677866,55.0958859,38.7677908,55.0960271,38.7675316,55.0960815,38.7676194,55.0960524,38.767936,55.0960542,38.7680033,55.0960721,38.7680586,55.0960972,38.7680984
55.0958566,38.7677866,55.0958859,38.7677908,55.0960271,38.7675316,55.0960815,38.7676194,55.0960524,38.767936,55.0960542,38.7680033,55.0960721,38.7680586,55.0960972,38.7680984,55.09612,38.7681153
55.0958859,38.7677908,55.0960271,38.7675316,55.0960815,38.7676194,55.0960524,38.767936,55.0960542,38.7680033,55.0960721,38.7680586,55.0960972,38.7680984,55.09612,38.7681153,55.0961804,38.7681777
55.0960271,38.7675316,55.0960815,38.7676194,55.0960524,38.767936,55.0960542,38.7680033,55.0960721,38.7680586,55.0960972,38.7680984,55.09612,38.7681153,55.0961804,38.7681777,55.0962051,38.7682039
55.0971746,38.7648238,55.0974267,38.7652306,55.0980637,38.7662666,55.0980862,38.7663023,55.0981824,38.7661372,55.099041,38.7646126,55.0990943,38.764512,55.0991065,38.764489,55.1002587,38.7622805
55.0974267,38.7652306,55.0980637,38.7662666,55.0980862,38.7663023,55.0981824,38.7661372,55.099041,38.7646126,55.0990943,38.764512,55.0991065,38.764489,55.1002587,38.7622805,55.1010248,38.7607487
55.0980637,38.7662666,55.0980862,38.7663023,55.0981824,38.7661372,55.099041,38.7646126,55.0990943,38.764512,55.0991065,38.764489,55.1002587,38.7622805,55.1010248,38.7607487,55.1015549,38.759724
55.0980862,38.7663023,55.0981824,38.7661372,55.099041,38.7646126,55.0990943,38.764512,55.0991065,38.764489,55.1002587,38.7622805,55.1010248,38.7607487,55.1015549,38.759724,55.1015896,38.7597788
55.0981824,38.7661372,55.099041,38.7646126,55.0990943,38.764512,55.0991065,38.764489,55.1002587,38.7622805,55.1010248,38.7607487,55.1015549,38.759724,55.1015896,38.7597788,55.1016163,38.7598241
55.0737564,38.7768573,55.0747189,38.7776619,55.0749332,38.777841,55.0757023,38.7784839,55.0757811,38.7785498,55.0759571,38.7787081,55.0759955,38.7787427,55.0760427,38.7787852,55.0760682,38.7788082
55.0747189,38.7776619,55.0749332,38.777841,55.0757023,38.7784839,55.0757811,38.7785498,55.0759571,38.7787081,55.0759955,38.7787427,55.0760427,38.7787852,55.0760682,38.7788082,55.0761321,38.7788656
55.0749332,38.777841,55.0757023,38.7784839,55.0757811,38.7785498,55.0759571,38.7787081,55.0759955,38.7787427,55.0760427,38.7787852,55.0760682,38.7788082,55.0761321,38.7788656,55.0761947,38.778922
55.0757023,38.7784839,55.0757811,38.7785498,55.0759571,38.7787081,55.0759955,38.7787427,55.0760427,38.7787852,55.0760682,38.7788082,55.0761321,38.7788656,55.0761947,38.778922,55.076821,38.7794855
55.0757811,38.7785498,55.0759571,38.7787081,55.0759955,38.7787427,55.0760427,38.7787852,55.0760682,38.7788082,55.0761321,38.7788656,55.0761947,38.778922,55.076821,38.7794855,55.0774621,38.7800625
55.0759571,38.7787081,55.0759955,38.7787427,55.0760427,38.7787852,55.0760682,38.7788082,55.0761321,38.7788656,55.0761947,38.778922,55.076821,38.7794855,55.0774621,38.7800625,55.0778861,38.7804441
55.0759955,38.7787427,55.0760427,38.7787852,55.0760682,38.7788082,55.0761321,38.7788656,55.0761947,38.778922,55.076821,38.7794855,55.0774621,38.7800625,55.0778861,38.7804441,55.0782743,38.7807934
55.0760427,38.7787852,55.0760682,38.7788082,55.0761321,38.7788656,55.0761947,38.778922,55.076821,38.7794855,55.0774621,38.7800625,55.0778861,38.7804441,55.0782743,38.7807934,55.0784857,38.7809837
55.0760682,38.7788082,55.0761321,38.7788656,55.0761947,38.778922,55.076821,38.7794855,55.0774621,38.7800625,55.0778861,38.7804441,55.0782743,38.7807934,55.0784857,38.7809837,55.0785294,38.781023
55.0761321,38.7788656,55.0761947,38.778922,55.076821,38.7794855,55.0774621,38.7800625,55.0778861,38.7804441,55.0782743,38.7807934,55.0784857,38.7809837,55.0785294,38.781023,55.0788596,38.7813202
55.0761947,38.778922,55.076821,38.7794855,55.0774621,38.7800625,55.0778861,38.7804441,55.0782743,38.7807934,55.0784857,38.7809837,55.0785294,38.781023,55.0788596,38.7813202,55.0788778,38.7813366
55.076821,38.7794855,55.0774621,38.7800625,55.0778861,38.7804441,55.0782743,38.7807934,55.0784857,38.7809837,55.0785294,38.781023,55.0788596,38.7813202,55.0788778,38.7813366,55.0790892,38.7815268
55.0774621,38.7800625,55.0778861,38.7804441,55.0782743,38.7807934,55.0784857,38.7809837,55.0785294,38.781023,55.0788596,38.7813202,55.0788778,38.7813366,55.0790892,38.7815268,55.0797085,38.7820841
55.0778861,38.7804441,55.0782743,38.7807934,55.0784857,38.7809837,55.0785294,38.781023,55.0788596,38.7813202,55.0788778,38.7813366,55.0790892,38.7815268,55.0797085,38.7820841,55.0803397,38.7826522
55.0782743,38.7807934,55.0784857,38.7809837,55.0785294,38.781023,55.0788596,38.7813202,55.0788778,38.7813366,55.0790892,38.7815268,55.0797085,38.7820841,55.0803397,38.7826522,55.080608,38.7828937
55.0784857,38.7809837,55.0785294,38.781023,55.0788596,38.7813202,55.0788778,38.7813366,55.0790892,38.7815268,55.0797085,38.7820841,55.0803397,38.7826522,55.080608,38.7828937,55.0807304,38.7830038
55.0785294,38.781023,55.0788596,38.7813202,55.0788778,38.7813366,55.0790892,38.7815268,55.0797085,38.7820841,55.0803397,38.7826522,55.080608,38.7828937,55.0807304,38.7830038,55.0808378,38.7831005
55.0788596,38.7813202,55.0788778,38.7813366,55.0790892,38.7815268,55.0797085,38.7820841,55.0803397,38.7826522,55.080608,38.7828937,55.0807304,38.7830038,55.0808378,38.7831005,55.0812227,38.7834469
55.0788778,38.7813366,55.0790892,38.7815268,55.0797085,38.7820841,55.0803397,38.7826522,55.080608,38.7828937,55.0807304,38.7830038,55.0808378,38.7831005,55.0812227,38.7834469,55.0817615,38.7839318
55.0790892,38.7815268,55.0797085,38.7820841,55.0803397,38.7826522,55.080608,38.7828937,55.0807304,38.7830038,55.0808378,38.7831005,55.0812227,38.7834469,55.0817615,38.7839318,55.0821368,38.7842696
55.0797085,38.7820841,55.0803397,38.7826522,55.080608,38.7828937,55.0807304,38.7830038,55.0808378,38.7831005,55.0812227,38.7834469,55.0817615,38.7839318,55.0821368,38.7842696,55.0823425,38.7844548
55.089614,38.7574436,55.0895,38.7573424,55.0873807,38.7554649,55.0865887,38.7547687,55.0864889,38.754715,55.0863983,38.7547633,55.0856824,38.7552656,55.0850028,38.7558126,55.0848436,38.7560319
55.0895,38.7573424,55.0873807,38.7554649,55.0865887,38.7547687,55.0864889,38.754715,55.0863983,38.7547633,55.0856824,38.7552656,55.0850028,38.7558126,55.0848436,38.7560319,55.0846605,38.7561383
55.0873807,38.7554649,55.0865887,38.7547687,55.0864889,38.754715,55.0863983,38.7547633,55.0856824,38.7552656,55.0850028,38.7558126,55.0848436,38.7560319,55.0846605,38.7561383,55.0845346,38.7560454
55.0865887,38.7547687,55.0864889,38.754715,55.0863983,38.7547633,55.0856824,38.7552656,55.0850028,38.7558126,55.0848436,38.7560319,55.0846605,38.7561383,55.0845346,38.7560454,55.0844824,38.7562171
55.0864889,38.754715,55.0863983,38.7547633,55.0856824,38.7552656,55.0850028,38.7558126,55.0848436,38.7560319,55.0846605,38.7561383,55.0845346,38.7560454,55.0844824,38.7562171,55.084223,38.7570727
55.0863983,38.7547633,55.0856824,38.7552656,55.0850028,38.7558126,55.0848436,38.7560319,55.0846605,38.7561383,55.0845346,38.7560454,55.0844824,38.7562171,55.084223,38.7570727,55.0838852,38.7583253
55.0856824,38.7552656,55.0850028,38.7558126,55.0848436,38.7560319,55.0846605,38.7561383,55.0845346,38.7560454,55.0844824,38.7562171,55.084223,38.7570727,55.0838852,38.7583253,55.0836894,38.7590964
55.0850028,38.7558126,55.0848436,38.7560319,55.0846605,38.7561383,55.0845346,38.7560454,55.0844824,38.7562171,55.084223,38.7570727,55.0838852,38.7583253,55.0836894,38.7590964,55.0836152,38.7593544
55.0848436,38.7560319,55.0846605,38.7561383,55.0845346,38.7560454,55.0844824,38.7562171,55.084223,38.7570727,55.0838852,38.7583253,55.0836894,38.7590964,55.0836152,38.7593544,55.0835244,38.7596707
55.0846605,38.7561383,55.0845346,38.7560454,55.0844824,38.7562171,55.084223,38.7570727,55.0838852,38.7583253,55.0836894,38.7590964,55.0836152,38.7593544,55.0835244,38.7596707,55.0833175,38.7603543
55.0932759,38.7497749,55.0951187,38.7520835,55.0947448,38.7530172,55.0947138,38.7531518,55.0946215,38.7538549,55.0946033,38.7539535,55.0945711,38.7540461,55.094361,38.7545135,55.0940067,38.7553602
55.0951187,38.7520835,55.0947448,38.7530172,55.0947138,38.7531518,55.0946215,38.7538549,55.0946033,38.7539535,55.0945711,38.7540461,55.094361,38.7545135,55.0940067,38.7553602,55.093444,38.7546804
55.0947448,38.7530172,55.0947138,38.7531518,55.0946215,38.7538549,55.0946033,38.7539535,55.0945711,38.7540461,55.094361,38.7545135,55.0940067,38.7553602,55.093444,38.7546804,55.0928675,38.7539485
55.0947138,38.7531518,55.0946215,38.7538549,55.0946033,38.7539535,55.0945711,38.7540461,55.094361,38.7545135,55.0940067,38.7553602,55.093444,38.7546804,55.0928675,38.7539485,55.0925408,38.7535197
55.0946215,38.7538549,55.0946033,38.7539535,55.0945711,38.7540461,55.094361,38.7545135,55.0940067,38.7553602,55.093444,38.7546804,55.0928675,38.7539485,55.0925408,38.7535197,55.0928987,38.7526864
55.0845949,38.7703594,55.0846473,38.7703833,55.084698,38.7705261,55.0848005,38.7708317,55.0849057,38.7710476,55.0850046,38.7713912,55.0851434,38.7716169,55.0851695,38.7717016,55.0852416,38.771949
55.0846473,38.7703833,55.084698,38.7705261,55.0848005,38.7708317,55.0849057,38.7710476,55.0850046,38.7713912,55.0851434,38.7716169,55.0851695,38.7717016,55.0852416,38.771949,55.0853342,38.7721461
55.084698,38.7705261,55.0848005,38.7708317,55.0849057,38.7710476,55.0850046,38.7713912,55.0851434,38.7716169,55.0851695,38.7717016,55.0852416,38.771949,55.0853342,38.7721461,55.0853938,38.7722032
55.0848005,38.7708317,55.0849057,38.7710476,55.0850046,38.7713912,55.0851434,38.7716169,55.0851695,38.7717016,55.0852416,38.771949,55.0853342,38.7721461,55.0853938,38.7722032,55.0854305,38.7722384
55.0822396,38.7614853,55.0824713,38.7616639,55.0825016,38.7616873,55.0826224,38.7616703,55.0828707,38.7618778,55.0831954,38.7621491,55.083276,38.7618554,55.0832837,38.7618264,55.0836679,38.7605074
55.0824713,38.7616639,55.0825016,38.7616873,55.0826224,38.7616703,55.0828707,38.7618778,55.0831954,38.7621491,55.083276,38.7618554,55.0832837,38.7618264,55.0836679,38.7605074,55.0835525,38.7604063
55.0825016,38.7616873,55.0826224,38.7616703,55.0828707,38.7618778,55.0831954,38.7621491,55.083276,38.7618554,55.0832837,38.7618264,55.0836679,38.7605074,55.0835525,38.7604063,55.0831684,38.7617253
55.0826224,38.7616703,55.0828707,38.7618778,55.0831954,38.7621491,55.083276,38.7618554,55.0832837,38.7618264,55.0836679,38.7605074,55.0835525,38.7604063,55.0831684,38.7617253,55.0832837,38.7618264
55.0906874,38.7748959,55.090825,38.7743456,55.091139,38.7746035,55.0910044,38.7751167,55.0913589,38.7753949,55.0913864,38.7754531,55.0914033,38.7754888,55.0914182,38.7755592,55.0911171,38.7766366
55.090825,38.7743456,55.091139,38.7746035,55.0910044,38.7751167,55.0913589,38.7753949,55.0913864,38.7754531,55.0914033,38.7754888,55.0914182,38.7755592,55.0911171,38.7766366,55.0906102,38.7784506
55.091139,38.7746035,55.0910044,38.7751167,55.0913589,38.7753949,55.0913864,38.7754531,55.0914033,38.7754888,55.0914182,38.7755592,55.0911171,38.7766366,55.0906102,38.7784506,55.0904591,38.7790506
55.0910044,38.7751167,55.0913589,38.7753949,55.0913864,38.7754531,55.0914033,38.7754888,55.0914182,38.7755592,55.0911171,38.7766366,55.0906102,38.7784506,55.0904591,38.7790506,55.0903863,38.7793396
55.0913589,38.7753949,55.0913864,38.7754531,55.0914033,38.7754888,55.0914182,38.7755592,55.0911171,38.7766366,55.0906102,38.7784506,55.0904591,38.7790506,55.0903863,38.7793396,55.0903456,38.7793964
55.0913864,38.7754531,55.0914033,38.7754888,55.0914182,38.7755592,55.0911171,38.7766366,55.0906102,38.7784506,55.0904591,38.7790506,55.0903863,38.7793396,55.0903456,38.7793964,55.090037,38.7790934
55.0914033,38.7754888,55.0914182,38.7755592,55.0911171,38.7766366,55.0906102,38.7784506,55.0904591,38.7790506,55.0903863,38.7793396,55.0903456,38.7793964,55.090037,38.7790934,55.0897482,38.7788109
55.0914182,38.7755592,55.0911171,38.7766366,55.0906102,38.7784506,55.0904591,38.7790506,55.0903863,38.7793396,55.0903456,38.7793964,55.090037,38.7790934,55.0897482,38.7788109,55.0894176,38.7784978
55.0911171,38.7766366,55.0906102,38.7784506,55.0904591,38.7790506,55.0903863,38.7793396,55.0903456,38.7793964,55.090037,38.7790934,55.0897482,38.7788109,55.0894176,38.7784978,55.089238,38.7783485
55.0906102,38.7784506,55.0904591,38.7790506,55.0903863,38.7793396,55.0903456,38.7793964,55.090037,38.7790934,55.0897482,38.7788109,55.0894176,38.7784978,55.089238,38.7783485,55.0890552,38.778963
55.0904591,38.7790506,55.0903863,38.7793396,55.0903456,38.7793964,55.090037,38.7790934,55.0897482,38.7788109,55.0894176,38.7784978,55.089238,38.7783485,55.0890552,38.778963,55.0885655,38.7785176
55.0903863,38.7793396,55.0903456,38.7793964,55.090037,38.7790934,55.0897482,38.7788109,55.0894176,38.7784978,55.089238,38.7783485,55.0890552,38.778963,55.0885655,38.7785176,55.0884724,38.778539
55.0922375,38.7739483,55.0917341,38.7735139,55.0912708,38.7731142,55.0908334,38.7727367,55.0908095,38.7727161,55.0907953,38.7727038,55.0904936,38.7724435,55.0902319,38.7722177,55.0901583,38.7721542
55.0872855,38.793241,55.0883189,38.7941193,55.0883547,38.7944178,55.0883854,38.7946297,55.0883584,38.7947358,55.0880395,38.7959888,55.0879888,38.7960693,55.0872105,38.7954095,55.0875703,38.7940772
55.0883189,38.7941193,55.0883547,38.7944178,55.0883854,38.7946297,55.0883584,38.7947358,55.0880395,38.7959888,55.0879888,38.7960693,55.0872105,38.7954095,55.0875703,38.7940772,55.0883584,38.7947358
55.0791166,38.7685035,55.0794626,38.7672865,55.0794768,38.7672378,55.0799201,38.7657103,55.0800672,38.7652034,55.0801213,38.7650171,55.080386,38.7641051,55.0805049,38.7637124,55.0806668,38.7631777
55.0794626,38.7672865,55.0794768,38.7672378,55.0799201,38.7657103,55.0800672,38.7652034,55.0801213,38.7650171,55.080386,38.7641051,55.0805049,38.7637124,55.0806668,38.7631777,55.0807454,38.7629182
55.0886795,38.7717004,55.0886124,38.7719434,55.0886833,38.7720033,55.0890776,38.772336,55.0892024,38.7718843,55.0893021,38.7715235,55.0893471,38.771361,55.0893958,38.7711848,55.0895602,38.7705898
55.0868155,38.7753899,55.0868369,38.7753148,55.0869043,38.7750792,55.0870663,38.7745115,55.0872792,38.7737661,55.087378,38.7734201,55.0874752,38.7730794,55.087487,38.7730381,55.0875973,38.7726518
55.0868369,38.7753148,55.0869043,38.7750792,55.0870663,38.7745115,55.0872792,38.7737661,55.087378,38.7734201,55.0874752,38.7730794,55.087487,38.7730381,55.0875973,38.7726518,55.0878273,38.7718466
55.0869043,38.7750792,55.0870663,38.7745115,55.0872792,38.7737661,55.087378,38.7734201,55.0874752,38.7730794,55.087487,38.7730381,55.0875973,38.7726518,55.0878273,38.7718466,55.0878361,38.7718156
55.0870663,38.7745115,55.0872792,38.7737661,55.087378,38.7734201,55.0874752,38.7730794,55.087487,38.7730381,55.0875973,38.7726518,55.0878273,38.7718466,55.0878361,38.7718156,55.0878787,38.7716649
55.086429,38.7739534,55.0865119,38.774026,55.0870663,38.7745115,55.0871766,38.7745865,55.0872421,38.774631,55.0872894,38.7745947,55.0874128,38.7741636,55.0878768,38.7745357,55.0881262,38.7747336
55.091557,38.7679158,55.0913397,38.7684691,55.0910651,38.7691681,55.0908571,38.7697288,55.090769,38.7699661,55.0906154,38.7703732,55.0904983,38.7707025,55.0904618,38.770809,55.0904044,38.7709826
55.0913397,38.7684691,55.0910651,38.7691681,55.0908571,38.7697288,55.090769,38.7699661,55.0906154,38.7703732,55.0904983,38.7707025,55.0904618,38.770809,55.0904044,38.7709826,55.0903816,38.7710498
55.0910651,38.7691681,55.0908571,38.7697288,55.090769,38.7699661,55.0906154,38.7703732,55.0904983,38.7707025,55.0904618,38.770809,55.0904044,38.7709826,55.0903816,38.7710498,55.0903427,38.7710847
55.0908571,38.7697288,55.090769,38.7699661,55.0906154,38.7703732,55.0904983,38.7707025,55.0904618,38.770809,55.0904044,38.7709826,55.0903816,38.7710498,55.0903427,38.7710847,55.0902867,38.7711348
55.090769,38.7699661,55.0906154,38.7703732,55.0904983,38.7707025,55.0904618,38.770809,55.0904044,38.7709826,55.0903816,38.7710498,55.0903427,38.7710847,55.0902867,38.7711348,55.0900728,38.7718407
55.0906154,38.7703732,55.0904983,38.7707025,55.0904618,38.770809,55.0904044,38.7709826,55.0903816,38.7710498,55.0903427,38.7710847,55.0902867,38.7711348,55.0900728,38.7718407,55.0899878,38.7721407
55.0904983,38.7707025,55.0904618,38.770809,55.0904044,38.7709826,55.0903816,38.7710498,55.0903427,38.7710847,55.0902867,38.7711348,55.0900728,38.7718407,55.0899878,38.7721407,55.0898998,38.7724497
55.0904618,38.770809,55.0904044,38.7709826,55.0903816,38.7710498,55.0903427,38.7710847,55.0902867,38.7711348,55.0900728,38.7718407,55.0899878,38.7721407,55.0898998,38.7724497,55.0898857,38.7724993
55.0904044,38.7709826,55.0903816,38.7710498,55.0903427,38.7710847,55.0902867,38.7711348,55.0900728,38.7718407,55.0899878,38.7721407,55.0898998,38.7724497,55.0898857,38.7724993,55.0897388,38.7729971
55.0903816,38.7710498,55.0903427,38.7710847,55.0902867,38.7711348,55.0900728,38.7718407,55.0899878,38.7721407,55.0898998,38.7724497,55.0898857,38.7724993,55.0897388,38.7729971,55.0896935,38.7731505
55.0903427,38.7710847,55.0902867,38.7711348,55.0900728,38.7718407,55.0899878,38.7721407,55.0898998,38.7724497,55.0898857,38.7724993,55.0897388,38.7729971,55.0896935,38.7731505,55.0895792,38.7735379
55.0902867,38.7711348,55.0900728,38.7718407,55.0899878,38.7721407,55.0898998,38.7724497,55.0898857,38.7724993,55.0897388,38.7729971,55.0896935,38.7731505,55.0895792,38.7735379,55.0891626,38.7749496
55.0900728,38.7718407,55.0899878,38.7721407,55.0898998,38.7724497,55.0898857,38.7724993,55.0897388,38.7729971,55.0896935,38.7731505,55.0895792,38.7735379,55.0891626,38.7749496,55.0890696,38.7752649
55.0899878,38.7721407,55.0898998,38.7724497,55.0898857,38.7724993,55.0897388,38.7729971,55.0896935,38.7731505,55.0895792,38.7735379,55.0891626,38.7749496,55.0890696,38.7752649,55.0889739,38.7755891
55.0898998,38.7724497,55.0898857,38.7724993,55.0897388,38.7729971,55.0896935,38.7731505,55.0895792,38.7735379,55.0891626,38.7749496,55.0890696,38.7752649,55.0889739,38.7755891,55.0887837,38.7762335
55.0898857,38.7724993,55.0897388,38.7729971,55.0896935,38.7731505,55.0895792,38.7735379,55.0891626,38.7749496,55.0890696,38.7752649,55.0889739,38.7755891,55.0887837,38.7762335,55.0886675,38.7766275
55.0897388,38.7729971,55.0896935,38.7731505,55.0895792,38.7735379,55.0891626,38.7749496,55.0890696,38.7752649,55.0889739,38.7755891,55.0887837,38.7762335,55.0886675,38.7766275,55.0886024,38.7768605
55.0896935,38.7731505,55.0895792,38.7735379,55.0891626,38.7749496,55.0890696,38.7752649,55.0889739,38.7755891,55.0887837,38.7762335,55.0886675,38.7766275,55.0886024,38.7768605,55.0885777,38.7769404
55.0972245,38.7626171,55.0971781,38.7626088,55.0971337,38.7626199,55.097017,38.762649,55.0968068,38.763014,55.0967499,38.7630916,55.0965673,38.762818,55.0965427,38.7627831,55.0963172,38.7632098
55.0971781,38.7626088,55.0971337,38.7626199,55.097017,38.762649,55.0968068,38.763014,55.0967499,38.7630916,55.0965673,38.762818,55.0965427,38.7627831,55.0963172,38.7632098,55.0964292,38.7634297
55.0971337,38.7626199,55.097017,38.762649,55.0968068,38.763014,55.0967499,38.7630916,55.0965673,38.762818,55.0965427,38.7627831,55.0963172,38.7632098,55.0964292,38.7634297,55.0963656,38.7635359
55.097017,38.762649,55.0968068,38.763014,55.0967499,38.7630916,55.0965673,38.762818,55.0965427,38.7627831,55.0963172,38.7632098,55.0964292,38.7634297,55.0963656,38.7635359,55.0963143,38.7636221
55.093823,38.7927735,55.093881,38.7929194,55.0940175,38.7930148,55.0942837,38.7932034,55.0943926,38.7931509,55.0945569,38.793004,55.0946471,38.7930029,55.0948125,38.7931458,55.095058,38.7933302
55.093881,38.7929194,55.0940175,38.7930148,55.0942837,38.7932034,55.0943926,38.7931509,55.0945569,38.793004,55.0946471,38.7930029,55.0948125,38.7931458,55.095058,38.7933302,55.0953137,38.7933902
55.0940175,38.7930148,55.0942837,38.7932034,55.0943926,38.7931509,55.0945569,38.793004,55.0946471,38.7930029,55.0948125,38.7931458,55.095058,38.7933302,55.0953137,38.7933902,55.0956625,38.7937161
55.0942837,38.7932034,55.0943926,38.7931509,55.0945569,38.793004,55.0946471,38.7930029,55.0948125,38.7931458,55.095058,38.7933302,55.0953137,38.7933902,55.0956625,38.7937161,55.0957515,38.7938789
55.0944921,38.7962745,55.0946432,38.7958103,55.0951388,38.7947417,55.0954784,38.7942322,55.0957515,38.7938789,55.0959252,38.7937033,55.0962255,38.7933756,55.0964387,38.7930818,55.096559,38.7928987
55.0946432,38.7958103,55.0951388,38.7947417,55.0954784,38.7942322,55.0957515,38.7938789,55.0959252,38.7937033,55.0962255,38.7933756,55.0964387,38.7930818,55.096559,38.7928987,55.096696,38.7925652
55.0951388,38.7947417,55.0954784,38.7942322,55.0957515,38.7938789,55.0959252,38.7937033,55.0962255,38.7933756,55.0964387,38.7930818,55.096559,38.7928987,55.096696,38.7925652,55.0967438,38.7923502
55.0954784,38.7942322,55.0957515,38.7938789,55.0959252,38.7937033,55.0962255,38.7933756,55.0964387,38.7930818,55.096559,38.7928987,55.096696,38.7925652,55.0967438,38.7923502,55.0967985,38.7921392
55.0963733,38.7537632,55.0965272,38.753971,55.0966405,38.7541393,55.0967067,38.7541644,55.0967656,38.7541255,55.0968808,38.7540065,55.0969522,38.7539436,55.0970969,38.7538028,55.0971571,38.7537983
55.0965272,38.753971,55.0966405,38.7541393,55.0967067,38.7541644,55.0967656,38.7541255,55.0968808,38.7540065,55.0969522,38.7539436,55.0970969,38.7538028,55.0971571,38.7537983,55.097256,38.7539562
55.0966405,38.7541393,55.0967067,38.7541644,55.0967656,38.7541255,55.0968808,38.7540065,55.0969522,38.7539436,55.0970969,38.7538028,55.0971571,38.7537983,55.097256,38.7539562,55.0973942,38.7541724
55.0807318,38.7632408,55.0806668,38.7631777,55.0806188,38.7631311,55.0806064,38.7631061,55.0805561,38.7630045,55.0805316,38.7629914,55.0805599,38.7628927,55.0805499,38.7628259,55.0805058,38.7627332
55.0806668,38.7631777,55.0806188,38.7631311,55.0806064,38.7631061,55.0805561,38.7630045,55.0805316,38.7629914,55.0805599,38.7628927,55.0805499,38.7628259,55.0805058,38.7627332,55.0804449,38.7626496
55.0806188,38.7631311,55.0806064,38.7631061,55.0805561,38.7630045,55.0805316,38.7629914,55.0805599,38.7628927,55.0805499,38.7628259,55.0805058,38.7627332,55.0804449,38.7626496,55.0803487,38.7625709
55.0806064,38.7631061,55.0805561,38.7630045,55.0805316,38.7629914,55.0805599,38.7628927,55.0805499,38.7628259,55.0805058,38.7627332,55.0804449,38.7626496,55.0803487,38.7625709,55.0802505,38.7625292
55.0805561,38.7630045,55.0805316,38.7629914,55.0805599,38.7628927,55.0805499,38.7628259,55.0805058,38.7627332,55.0804449,38.7626496,55.0803487,38.7625709,55.0802505,38.7625292,55.0802095,38.7625232
55.0810769,38.7641887,55.0810045,38.7644023,55.0809518,38.7645118,55.080923,38.7645403,55.0808967,38.7645491,55.0808628,38.7645469,55.0807637,38.7644768,55.0804597,38.7641776,55.080386,38.7641051
55.0818741,38.7701532,55.0817728,38.7700802,55.0811226,38.7695147,55.0809934,38.7694023,55.0811015,38.7690301,55.0805854,38.7685645,55.0805495,38.768577,55.080524,38.7685859,55.0804346,38.7688463
55.0817728,38.7700802,55.0811226,38.7695147,55.0809934,38.7694023,55.0811015,38.7690301,55.0805854,38.7685645,55.0805495,38.768577,55.080524,38.7685859,55.0804346,38.7688463,55.0803749,38.7688096
55.0811226,38.7695147,55.0809934,38.7694023,55.0811015,38.7690301,55.0805854,38.7685645,55.0805495,38.768577,55.080524,38.7685859,55.0804346,38.7688463,55.0803749,38.7688096,55.0798581,38.7683742
55.0809934,38.7694023,55.0811015,38.7690301,55.0805854,38.7685645,55.0805495,38.768577,55.080524,38.7685859,55.0804346,38.7688463,55.0803749,38.7688096,55.0798581,38.7683742,55.079708,38.7682476
55.0811015,38.7690301,55.0805854,38.7685645,55.0805495,38.768577,55.080524,38.7685859,55.0804346,38.7688463,55.0803749,38.7688096,55.0798581,38.7683742,55.079708,38.7682476,55.0796223,38.7681755
55.0794584,38.7654651,55.0794205,38.7656006,55.0793605,38.765601,55.0792693,38.7655415,55.0792041,38.76551,55.0790239,38.7661354,55.0789707,38.7663182,55.0791246,38.7666588,55.0791144,38.7668446
55.0794205,38.7656006,55.0793605,38.765601,55.0792693,38.7655415,55.0792041,38.76551,55.0790239,38.7661354,55.0789707,38.7663182,55.0791246,38.7666588,55.0791144,38.7668446,55.0793002,38.7670702
55.0793605,38.765601,55.0792693,38.7655415,55.0792041,38.76551,55.0790239,38.7661354,55.0789707,38.7663182,55.0791246,38.7666588,55.0791144,38.7668446,55.0793002,38.7670702,55.0793594,38.7671323
55.0773031,38.7620972,55.0769956,38.7619538,55.0767415,38.761846,55.0756777,38.7614177,55.0751749,38.7612091,55.0745771,38.7609816,55.0745268,38.7609615,55.0742531,38.7608522,55.0742746,38.7607153
55.0769956,38.7619538,55.0767415,38.761846,55.0756777,38.7614177,55.0751749,38.7612091,55.0745771,38.7609816,55.0745268,38.7609615,55.0742531,38.7608522,55.0742746,38.7607153,55.0742978,38.760556
55.0767415,38.761846,55.0756777,38.7614177,55.0751749,38.7612091,55.0745771,38.7609816,55.0745268,38.7609615,55.0742531,38.7608522,55.0742746,38.7607153,55.0742978,38.760556,55.0737973,38.7603728
55.0756777,38.7614177,55.0751749,38.7612091,55.0745771,38.7609816,55.0745268,38.7609615,55.0742531,38.7608522,55.0742746,38.7607153,55.0742978,38.760556,55.0737973,38.7603728,55.0736023,38.7603194
55.0751749,38.7612091,55.0745771,38.7609816,55.0745268,38.7609615,55.0742531,38.7608522,55.0742746,38.7607153,55.0742978,38.760556,55.0737973,38.7603728,55.0736023,38.7603194,55.0730502,38.7602792
55.0745771,38.7609816,55.0745268,38.7609615,55.0742531,38.7608522,55.0742746,38.7607153,55.0742978,38.760556,55.0737973,38.7603728,55.0736023,38.7603194,55.0730502,38.7602792,55.0728528,38.7602978
55.0745268,38.7609615,55.0742531,38.7608522,55.0742746,38.7607153,55.0742978,38.760556,55.0737973,38.7603728,55.0736023,38.7603194,55.0730502,38.7602792,55.0728528,38.7602978,55.0726661,38.7603208
55.0742531,38.7608522,55.0742746,38.7607153,55.0742978,38.760556,55.0737973,38.7603728,55.0736023,38.7603194,55.0730502,38.7602792,55.0728528,38.7602978,55.0726661,38.7603208,55.0724173,38.7603314
55.0815276,38.756318,55.0821874,38.7540029,55.0823887,38.753272,55.0824729,38.7530835,55.0827137,38.7528123,55.0832943,38.7524058,55.0834965,38.7534191,55.0834939,38.7537042,55.0834539,38.7539043
55.0832943,38.7524058,55.0833653,38.7523474,55.0834537,38.7522841,55.0835053,38.7522472,55.0835947,38.7521821,55.0836377,38.7520644,55.0836586,38.7520168,55.0836807,38.7519667,55.0837567,38.7518865
55.0833653,38.7523474,55.0834537,38.7522841,55.0835053,38.7522472,55.0835947,38.7521821,55.0836377,38.7520644,55.0836586,38.7520168,55.0836807,38.7519667,55.0837567,38.7518865,55.0837882,38.7517938
55.0834537,38.7522841,55.0835053,38.7522472,55.0835947,38.7521821,55.0836377,38.7520644,55.0836586,38.7520168,55.0836807,38.7519667,55.0837567,38.7518865,55.0837882,38.7517938,55.0839488,38.7516661
55.0835053,38.7522472,55.0835947,38.7521821,55.0836377,38.7520644,55.0836586,38.7520168,55.0836807,38.7519667,55.0837567,38.7518865,55.0837882,38.7517938,55.0839488,38.7516661,55.0838456,38.7511927
55.0795325,38.7548147,55.0795621,38.7547797,55.0796987,38.7546182,55.0798762,38.7543699,55.0801697,38.7539592,55.0804594,38.7535538,55.0806172,38.753333,55.0807796,38.7531078,55.0810809,38.75269
55.0795621,38.7547797,55.0796987,38.7546182,55.0798762,38.7543699,55.0801697,38.7539592,55.0804594,38.7535538,55.0806172,38.753333,55.0807796,38.7531078,55.0810809,38.75269,55.0813679,38.7522922
55.0796987,38.7546182,55.0798762,38.7543699,55.0801697,38.7539592,55.0804594,38.7535538,55.0806172,38.753333,55.0807796,38.7531078,55.0810809,38.75269,55.0813679,38.7522922,55.0813824,38.7522728
55.0798762,38.7543699,55.0801697,38.7539592,55.0804594,38.7535538,55.0806172,38.753333,55.0807796,38.7531078,55.0810809,38.75269,55.0813679,38.7522922,55.0813824,38.7522728,55.081701,38.7518477
55.0801697,38.7539592,55.0804594,38.7535538,55.0806172,38.753333,55.0807796,38.7531078,55.0810809,38.75269,55.0813679,38.7522922,55.0813824,38.7522728,55.081701,38.7518477,55.0820325,38.7514053
55.0804594,38.7535538,55.0806172,38.753333,55.0807796,38.7531078,55.0810809,38.75269,55.0813679,38.7522922,55.0813824,38.7522728,55.081701,38.7518477,55.0820325,38.7514053,55.082581,38.7507252
55.0806172,38.753333,55.0807796,38.7531078,55.0810809,38.75269,55.0813679,38.7522922,55.0813824,38.7522728,55.081701,38.7518477,55.0820325,38.7514053,55.082581,38.7507252,55.0826515,38.7506718
55.0807796,38.7531078,55.0810809,38.75269,55.0813679,38.7522922,55.0813824,38.7522728,55.081701,38.7518477,55.0820325,38.7514053,55.082581,38.7507252,55.0826515,38.7506718,55.0827088,38.7506285
55.0810809,38.75269,55.0813679,38.7522922,55.0813824,38.7522728,55.081701,38.7518477,55.0820325,38.7514053,55.082581,38.7507252,55.0826515,38.7506718,55.0827088,38.7506285,55.0828246,38.7504637
55.0813679,38.7522922,55.0813824,38.7522728,55.081701,38.7518477,55.0820325,38.7514053,55.082581,38.7507252,55.0826515,38.7506718,55.0827088,38.7506285,55.0828246,38.7504637,55.082969,38.7502515
55.0813824,38.7522728,55.081701,38.7518477,55.0820325,38.7514053,55.082581,38.7507252,55.0826515,38.7506718,55.0827088,38.7506285,55.0828246,38.7504637,55.082969,38.7502515,55.0831435,38.7499949
55.081701,38.7518477,55.0820325,38.7514053,55.082581,38.7507252,55.0826515,38.7506718,55.0827088,38.7506285,55.0828246,38.7504637,55.082969,38.7502515,55.0831435,38.7499949,55.0832277,38.7498008
55.0820325,38.7514053,55.082581,38.7507252,55.0826515,38.7506718,55.0827088,38.7506285,55.0828246,38.7504637,55.082969,38.7502515,55.0831435,38.7499949,55.0832277,38.7498008,55.0835173,38.7494261
55.082581,38.7507252,55.0826515,38.7506718,55.0827088,38.7506285,55.0828246,38.7504637,55.082969,38.7502515,55.0831435,38.7499949,55.0832277,38.7498008,55.0835173,38.7494261,55.0836509,38.7492869
55.0826515,38.7506718,55.0827088,38.7506285,55.0828246,38.7504637,55.082969,38.7502515,55.0831435,38.7499949,55.0832277,38.7498008,55.0835173,38.7494261,55.0836509,38.7492869,55.0838204,38.7489789
55.0827088,38.7506285,55.0828246,38.7504637,55.082969,38.7502515,55.0831435,38.7499949,55.0832277,38.7498008,55.0835173,38.7494261,55.0836509,38.7492869,55.0838204,38.7489789,55.0838957,38.7488318
55.0828246,38.7504637,55.082969,38.7502515,55.0831435,38.7499949,55.0832277,38.7498008,55.0835173,38.7494261,55.0836509,38.7492869,55.0838204,38.7489789,55.0838957,38.7488318,55.0838814,38.7487098
55.082969,38.7502515,55.0831435,38.7499949,55.0832277,38.7498008,55.0835173,38.7494261,55.0836509,38.7492869,55.0838204,38.7489789,55.0838957,38.7488318,55.0838814,38.7487098,55.0837035,38.7484796
55.0831435,38.7499949,55.0832277,38.7498008,55.0835173,38.7494261,55.0836509,38.7492869,55.0838204,38.7489789,55.0838957,38.7488318,55.0838814,38.7487098,55.0837035,38.7484796,55.0835067,38.7483076
55.0832277,38.7498008,55.0835173,38.7494261,55.0836509,38.7492869,55.0838204,38.7489789,55.0838957,38.7488318,55.0838814,38.7487098,55.0837035,38.7484796,55.0835067,38.7483076,55.0833527,38.7482105
55.0835173,38.7494261,55.0836509,38.7492869,55.0838204,38.7489789,55.0838957,38.7488318,55.0838814,38.7487098,55.0837035,38.7484796,55.0835067,38.7483076,55.0833527,38.7482105,55.0830272,38.7480635
55.0836509,38.7492869,55.0838204,38.7489789,55.0838957,38.7488318,55.0838814,38.7487098,55.0837035,38.7484796,55.0835067,38.7483076,55.0833527,38.7482105,55.0830272,38.7480635,55.0827799,38.7479584
55.0838204,38.7489789,55.0838957,38.7488318,55.0838814,38.7487098,55.0837035,38.7484796,55.0835067,38.7483076,55.0833527,38.7482105,55.0830272,38.7480635,55.0827799,38.7479584,55.0825509,38.747861
55.0838957,38.7488318,55.0838814,38.7487098,55.0837035,38.7484796,55.0835067,38.7483076,55.0833527,38.7482105,55.0830272,38.7480635,55.0827799,38.7479584,55.0825509,38.747861,55.0821254,38.7475864
55.0838814,38.7487098,55.0837035,38.7484796,55.0835067,38.7483076,55.0833527,38.7482105,55.0830272,38.7480635,55.0827799,38.7479584,55.0825509,38.747861,55.0821254,38.7475864,55.081738,38.7473035
55.0837035,38.7484796,55.0835067,38.7483076,55.0833527,38.7482105,55.0830272,38.7480635,55.0827799,38.7479584,55.0825509,38.747861,55.0821254,38.7475864,55.081738,38.7473035,55.0815458,38.7471842
55.0835067,38.7483076,55.0833527,38.7482105,55.0830272,38.7480635,55.0827799,38.7479584,55.0825509,38.747861,55.0821254,38.7475864,55.081738,38.7473035,55.0815458,38.7471842,55.0813841,38.7473768
55.0833527,38.7482105,55.0830272,38.7480635,55.0827799,38.7479584,55.0825509,38.747861,55.0821254,38.7475864,55.081738,38.7473035,55.0815458,38.7471842,55.0813841,38.7473768,55.0811918,38.7476058
55.0830272,38.7480635,55.0827799,38.7479584,55.0825509,38.747861,55.0821254,38.7475864,55.081738,38.7473035,55.0815458,38.7471842,55.0813841,38.7473768,55.0811918,38.7476058,55.0810572,38.7477983
55.0827799,38.7479584,55.0825509,38.747861,55.0821254,38.7475864,55.081738,38.7473035,55.0815458,38.7471842,55.0813841,38.7473768,55.0811918,38.7476058,55.0810572,38.7477983,55.0807507,38.748237
55.0825509,38.747861,55.0821254,38.7475864,55.081738,38.7473035,55.0815458,38.7471842,55.0813841,38.7473768,55.0811918,38.7476058,55.0810572,38.7477983,55.0807507,38.748237,55.0807266,38.7482715
55.0821254,38.7475864,55.081738,38.7473035,55.0815458,38.7471842,55.0813841,38.7473768,55.0811918,38.7476058,55.0810572,38.7477983,55.0807507,38.748237,55.0807266,38.7482715,55.0804709,38.7486237
55.081738,38.7473035,55.0815458,38.7471842,55.0813841,38.7473768,55.0811918,38.7476058,55.0810572,38.7477983,55.0807507,38.748237,55.0807266,38.7482715,55.0804709,38.7486237,55.0801788,38.749026
55.0815458,38.7471842,55.0813841,38.7473768,55.0811918,38.7476058,55.0810572,38.7477983,55.0807507,38.748237,55.0807266,38.7482715,55.0804709,38.7486237,55.0801788,38.749026,55.0801487,38.7490675
55.0813841,38.7473768,55.0811918,38.7476058,55.0810572,38.7477983,55.0807507,38.748237,55.0807266,38.7482715,55.0804709,38.7486237,55.0801788,38.749026,55.0801487,38.7490675,55.0798511,38.7494793
55.0811918,38.7476058,55.0810572,38.7477983,55.0807507,38.748237,55.0807266,38.7482715,55.0804709,38.7486237,55.0801788,38.749026,55.0801487,38.7490675,55.0798511,38.7494793,55.0795425,38.7499062
55.0810572,38.7477983,55.0807507,38.748237,55.0807266,38.7482715,55.0804709,38.7486237,55.0801788,38.749026,55.0801487,38.7490675,55.0798511,38.7494793,55.0795425,38.7499062,55.079515,38.7499441
55.0807507,38.748237,55.0807266,38.7482715,55.0804709,38.7486237,55.0801788,38.749026,55.0801487,38.7490675,55.0798511,38.7494793,55.0795425,38.7499062,55.079515,38.7499441,55.0792285,38.750335
55.0807266,38.7482715,55.0804709,38.7486237,55.0801788,38.749026,55.0801487,38.7490675,55.0798511,38.7494793,55.0795425,38.7499062,55.079515,38.7499441,55.0792285,38.750335,55.0791816,38.750399
55.0804709,38.7486237,55.0801788,38.749026,55.0801487,38.7490675,55.0798511,38.7494793,55.0795425,38.7499062,55.079515,38.7499441,55.0792285,38.750335,55.0791816,38.750399,55.0789294,38.7507467
55.0801788,38.749026,55.0801487,38.7490675,55.0798511,38.7494793,55.0795425,38.7499062,55.079515,38.7499441,55.0792285,38.750335,55.0791816,38.750399,55.0789294,38.7507467,55.0786199,38.7511733
55.0801487,38.7490675,55.0798511,38.7494793,55.0795425,38.7499062,55.079515,38.7499441,55.0792285,38.750335,55.0791816,38.750399,55.0789294,38.7507467,55.0786199,38.7511733,55.0783182,38.751589
55.0798511,38.7494793,55.0795425,38.7499062,55.079515,38.7499441,55.0792285,38.750335,55.0791816,38.750399,55.0789294,38.7507467,55.0786199,38.7511733,55.0783182,38.751589,55.0782559,38.751675
55.0795425,38.7499062,55.079515,38.7499441,55.0792285,38.750335,55.0791816,38.750399,55.0789294,38.7507467,55.0786199,38.7511733,55.0783182,38.751589,55.0782559,38.751675,55.0780097,38.7519973
55.079515,38.7499441,55.0792285,38.750335,55.0791816,38.750399,55.0789294,38.7507467,55.0786199,38.7511733,55.0783182,38.751589,55.0782559,38.751675,55.0780097,38.7519973,55.0777447,38.7523442
55.0792285,38.750335,55.0791816,38.750399,55.0789294,38.7507467,55.0786199,38.7511733,55.0783182,38.751589,55.0782559,38.751675,55.0780097,38.7519973,55.0777447,38.7523442,55.0776955,38.7524087
55.0746411,38.759385,55.0750516,38.7595683,55.0752405,38.7596526,55.0753602,38.7588394,55.0754056,38.7587425,55.0754639,38.7587238,55.0757844,38.7588754,55.0760182,38.7589858,55.0761125,38.7582724
55.0750516,38.7595683,55.0752405,38.7596526,55.0753602,38.7588394,55.0754056,38.7587425,55.0754639,38.7587238,55.0757844,38.7588754,55.0760182,38.7589858,55.0761125,38.7582724,55.0761387,38.7580738
55.0914658,38.7514157,55.09135,38.7513612,55.0912809,38.7512673,55.0912824,38.7510972,55.0912937,38.7509742,55.0913096,38.7508732,55.0913395,38.7507302,55.0913947,38.7504995,55.0914463,38.7502866
55.09135,38.7513612,55.0912809,38.7512673,55.0912824,38.7510972,55.0912937,38.7509742,55.0913096,38.7508732,55.0913395,38.7507302,55.0913947,38.7504995,55.0914463,38.7502866,55.0914707,38.7501855
55.0912809,38.7512673,55.0912824,38.7510972,55.0912937,38.7509742,55.0913096,38.7508732,55.0913395,38.7507302,55.0913947,38.7504995,55.0914463,38.7502866,55.0914707,38.7501855,55.091482,38.7500883
55.0912824,38.7510972,55.0912937,38.7509742,55.0913096,38.7508732,55.0913395,38.7507302,55.0913947,38.7504995,55.0914463,38.7502866,55.0914707,38.7501855,55.091482,38.7500883,55.0914876,38.7499903
55.0912937,38.7509742,55.0913096,38.7508732,55.0913395,38.7507302,55.0913947,38.7504995,55.0914463,38.7502866,55.0914707,38.7501855,55.091482,38.7500883,55.0914876,38.7499903,55.0914818,38.7498233
55.0913096,38.7508732,55.0913395,38.7507302,55.0913947,38.7504995,55.0914463,38.7502866,55.0914707,38.7501855,55.091482,38.7500883,55.0914876,38.7499903,55.0914818,38.7498233,55.0914642,38.7495926
55.0913395,38.7507302,55.0913947,38.7504995,55.0914463,38.7502866,55.0914707,38.7501855,55.091482,38.7500883,55.0914876,38.7499903,55.0914818,38.7498233,55.0914642,38.7495926,55.091426,38.749146
55.0913947,38.7504995,55.0914463,38.7502866,55.0914707,38.7501855,55.091482,38.7500883,55.0914876,38.7499903,55.0914818,38.7498233,55.0914642,38.7495926,55.091426,38.749146,55.0913617,38.7486354
55.0914463,38.7502866,55.0914707,38.7501855,55.091482,38.7500883,55.0914876,38.7499903,55.0914818,38.7498233,55.0914642,38.7495926,55.091426,38.749146,55.0913617,38.7486354,55.0913529,38.748566
55.0914707,38.7501855,55.091482,38.7500883,55.0914876,38.7499903,55.0914818,38.7498233,55.0914642,38.7495926,55.091426,38.749146,55.0913617,38.7486354,55.0913529,38.748566,55.0912856,38.7479988
55.091482,38.7500883,55.0914876,38.7499903,55.0914818,38.7498233,55.0914642,38.7495926,55.091426,38.749146,55.0913617,38.7486354,55.0913529,38.748566,55.0912856,38.7479988,55.0911964,38.7476514
55.0914876,38.7499903,55.0914818,38.7498233,55.0914642,38.7495926,55.091426,38.749146,55.0913617,38.7486354,55.0913529,38.748566,55.0912856,38.7479988,55.0911964,38.7476514,55.0911072,38.7472553
55.0886009,38.7703354,55.0884496,38.7694646,55.0884053,38.7693181,55.0882633,38.7690536,55.0879523,38.7687664,55.0875743,38.7684295,55.0873744,38.768236,55.0873437,38.7681961,55.0872075,38.7680221
55.0874501,38.765708,55.0873605,38.7663922,55.0872337,38.7671604,55.0870544,38.7679135,55.0866804,38.7693037,55.0865158,38.7698824,55.0861491,38.771143,55.0861113,38.771279,55.0857503,38.7725231
55.0873605,38.7663922,55.0872337,38.7671604,55.0870544,38.7679135,55.0866804,38.7693037,55.0865158,38.7698824,55.0861491,38.771143,55.0861113,38.771279,55.0857503,38.7725231,55.0854099,38.7737642
55.0872337,38.7671604,55.0870544,38.7679135,55.0866804,38.7693037,55.0865158,38.7698824,55.0861491,38.771143,55.0861113,38.771279,55.0857503,38.7725231,55.0854099,38.7737642,55.0853564,38.7739691
55.0909308,38.7531599,55.0906704,38.7528574,55.0904833,38.7526193,55.0903522,38.752356,55.0902658,38.7520195,55.0902572,38.751918,55.0902133,38.7516989,55.0901675,38.7515708,55.0893892,38.7512113
55.0902133,38.7516989,55.0902731,38.7516235,55.0903026,38.7514699,55.090166,38.7513701,55.0900322,38.7512233,55.0899369,38.7510747,55.0896314,38.7508596,55.0893519,38.7506933,55.0889298,38.7502466
55.0901974,38.7518941,55.0900803,38.7527102,55.0898943,38.7526598,55.0897102,38.7525954,55.0895353,38.7525224,55.0895012,38.7527559,55.0898602,38.7528658,55.0898248,38.7531497,55.0892535,38.7529512
55.0925735,38.7485039,55.0923405,38.7481968,55.091719,38.7473699,55.0916375,38.7473213,55.0915487,38.7472197,55.0914337,38.7470882,55.0911925,38.7468345,55.0910929,38.7467086,55.0909921,38.7466972
55.0779012,38.7331072,55.0778711,38.7328229,55.0778631,38.7327475,55.0777154,38.7320894,55.0776457,38.7319202,55.0775824,38.7317668,55.0773608,38.7311377,55.0772851,38.730928,55.0772205,38.730728
55.0778711,38.7328229,55.0778631,38.7327475,55.0777154,38.7320894,55.0776457,38.7319202,55.0775824,38.7317668,55.0773608,38.7311377,55.0772851,38.730928,55.0772205,38.730728,55.0772315,38.7305796
55.0778631,38.7327475,55.0777154,38.7320894,55.0776457,38.7319202,55.0775824,38.7317668,55.0773608,38.7311377,55.0772851,38.730928,55.0772205,38.730728,55.0772315,38.7305796,55.0772925,38.730509
55.0755817,38.7273105,55.0756502,38.7273278,55.0757705,38.7276339,55.075906,38.7279491,55.0762636,38.7287807,55.0766278,38.7295723,55.0767288,38.7297867,55.0769481,38.7302603,55.0769885,38.7303495
55.0756502,38.7273278,55.0757705,38.7276339,55.075906,38.7279491,55.0762636,38.7287807,55.0766278,38.7295723,55.0767288,38.7297867,55.0769481,38.7302603,55.0769885,38.7303495,55.0770228,38.7304572
55.0757705,38.7276339,55.075906,38.7279491,55.0762636,38.7287807,55.0766278,38.7295723,55.0767288,38.7297867,55.0769481,38.7302603,55.0769885,38.7303495,55.0770228,38.7304572,55.0770898,38.7306063
55.075906,38.7279491,55.0762636,38.7287807,55.0766278,38.7295723,55.0767288,38.7297867,55.0769481,38.7302603,55.0769885,38.7303495,55.0770228,38.7304572,55.0770898,38.7306063,55.0771538,38.7307633
55.0762636,38.7287807,55.0766278,38.7295723,55.0767288,38.7297867,55.0769481,38.7302603,55.0769885,38.7303495,55.0770228,38.7304572,55.0770898,38.7306063,55.0771538,38.7307633,55.0772079,38.7309067
55.0766278,38.7295723,55.0767288,38.7297867,55.0769481,38.7302603,55.0769885,38.7303495,55.0770228,38.7304572,55.0770898,38.7306063,55.0771538,38.7307633,55.0772079,38.7309067,55.0772881,38.7311308
55.0767288,38.7297867,55.0769481,38.7302603,55.0769885,38.7303495,55.0770228,38.7304572,55.0770898,38.7306063,55.0771538,38.7307633,55.0772079,38.7309067,55.0772881,38.7311308,55.0775952,38.7319895
55.0837906,38.746505,55.0838789,38.7465698,55.0839298,38.7466411,55.0839542,38.7467889,55.0839585,38.7469117,55.083947,38.7470244,55.0839098,38.7472047,55.0838137,38.7474001,55.0837965,38.7475153
55.0838789,38.7465698,55.0839298,38.7466411,55.0839542,38.7467889,55.0839585,38.7469117,55.083947,38.7470244,55.0839098,38.7472047,55.0838137,38.7474001,55.0837965,38.7475153,55.0838338,38.747598
55.0839298,38.7466411,55.0839542,38.7467889,55.0839585,38.7469117,55.083947,38.7470244,55.0839098,38.7472047,55.0838137,38.7474001,55.0837965,38.7475153,55.0838338,38.747598,55.0840715,38.7478324
55.0839542,38.7467889,55.0839585,38.7469117,55.083947,38.7470244,55.0839098,38.7472047,55.0838137,38.7474001,55.0837965,38.7475153,55.0838338,38.747598,55.0840715,38.7478324,55.0842682,38.7480238
55.0839585,38.7469117,55.083947,38.7470244,55.0839098,38.7472047,55.0838137,38.7474001,55.0837965,38.7475153,55.0838338,38.747598,55.0840715,38.7478324,55.0842682,38.7480238,55.0843485,38.7480739
55.083947,38.7470244,55.0839098,38.7472047,55.0838137,38.7474001,55.0837965,38.7475153,55.0838338,38.747598,55.0840715,38.7478324,55.0842682,38.7480238,55.0843485,38.7480739,55.0844302,38.748104
55.0839098,38.7472047,55.0838137,38.7474001,55.0837965,38.7475153,55.0838338,38.747598,55.0840715,38.7478324,55.0842682,38.7480238,55.0843485,38.7480739,55.0844302,38.748104,55.0845349,38.7481315
55.0838137,38.7474001,55.0837965,38.7475153,55.0838338,38.747598,55.0840715,38.7478324,55.0842682,38.7480238,55.0843485,38.7480739,55.0844302,38.748104,55.0845349,38.7481315,55.0846481,38.7482518
55.0837965,38.7475153,55.0838338,38.747598,55.0840715,38.7478324,55.0842682,38.7480238,55.0843485,38.7480739,55.0844302,38.748104,55.0845349,38.7481315,55.0846481,38.7482518,55.0846897,38.7483895
55.0838338,38.747598,55.0840715,38.7478324,55.0842682,38.7480238,55.0843485,38.7480739,55.0844302,38.748104,55.0845349,38.7481315,55.0846481,38.7482518,55.0846897,38.7483895,55.0846926,38.7485098
55.0840715,38.7478324,55.0842682,38.7480238,55.0843485,38.7480739,55.0844302,38.748104,55.0845349,38.7481315,55.0846481,38.7482518,55.0846897,38.7483895,55.0846926,38.7485098,55.084661,38.7486901
55.0842682,38.7480238,55.0843485,38.7480739,55.0844302,38.748104,55.0845349,38.7481315,55.0846481,38.7482518,55.0846897,38.7483895,55.0846926,38.7485098,55.084661,38.7486901,55.0846338,38.7488329
55.0843485,38.7480739,55.0844302,38.748104,55.0845349,38.7481315,55.0846481,38.7482518,55.0846897,38.7483895,55.0846926,38.7485098,55.084661,38.7486901,55.0846338,38.7488329,55.0845162,38.7492337
55.0844302,38.748104,55.0845349,38.7481315,55.0846481,38.7482518,55.0846897,38.7483895,55.0846926,38.7485098,55.084661,38.7486901,55.0846338,38.7488329,55.0845162,38.7492337,55.0844488,38.7494917
55.0845349,38.7481315,55.0846481,38.7482518,55.0846897,38.7483895,55.0846926,38.7485098,55.084661,38.7486901,55.0846338,38.7488329,55.0845162,38.7492337,55.0844488,38.7494917,55.0844239,38.7496872
55.0846481,38.7482518,55.0846897,38.7483895,55.0846926,38.7485098,55.084661,38.7486901,55.0846338,38.7488329,55.0845162,38.7492337,55.0844488,38.7494917,55.0844239,38.7496872,55.0844273,38.7499751
55.0846897,38.7483895,55.0846926,38.7485098,55.084661,38.7486901,55.0846338,38.7488329,55.0845162,38.7492337,55.0844488,38.7494917,55.0844239,38.7496872,55.0844273,38.7499751,55.084478,38.7502539
55.0881528,38.7445726,55.0884048,38.74501,55.0887072,38.7456435,55.0888584,38.7458254,55.0885009,38.7458049,55.0882158,38.7457708,55.0878951,38.745821,55.0876916,38.745815,55.087357,38.7457708
55.0884048,38.74501,55.0887072,38.7456435,55.0888584,38.7458254,55.0885009,38.7458049,55.0882158,38.7457708,55.0878951,38.745821,55.0876916,38.745815,55.087357,38.7457708,55.0870512,38.7456964
55.0887072,38.7456435,55.0888584,38.7458254,55.0885009,38.7458049,55.0882158,38.7457708,55.0878951,38.745821,55.0876916,38.745815,55.087357,38.7457708,55.0870512,38.7456964,55.0869604,38.7456924
55.0888584,38.7458254,55.0885009,38.7458049,55.0882158,38.7457708,55.0878951,38.745821,55.0876916,38.745815,55.087357,38.7457708,55.0870512,38.7456964,55.0869604,38.7456924,55.0868753,38.7457246
55.0885009,38.7458049,55.0882158,38.7457708,55.0878951,38.745821,55.0876916,38.745815,55.087357,38.7457708,55.0870512,38.7456964,55.0869604,38.7456924,55.0868753,38.7457246,55.08675,38.7458069
55.0882158,38.7457708,55.0878951,38.745821,55.0876916,38.745815,55.087357,38.7457708,55.0870512,38.7456964,55.0869604,38.7456924,55.0868753,38.7457246,55.08675,38.7458069,55.0866787,38.745813
55.0878951,38.745821,55.0876916,38.745815,55.087357,38.7457708,55.0870512,38.7456964,55.0869604,38.7456924,55.0868753,38.7457246,55.08675,38.7458069,55.0866787,38.745813,55.0866281,38.7457889
55.0876916,38.745815,55.087357,38.7457708,55.0870512,38.7456964,55.0869604,38.7456924,55.0868753,38.7457246,55.08675,38.7458069,55.0866787,38.745813,55.0866281,38.7457889,55.086504,38.7457085
55.087357,38.7457708,55.0870512,38.7456964,55.0869604,38.7456924,55.0868753,38.7457246,55.08675,38.7458069,55.0866787,38.745813,55.0866281,38.7457889,55.086504,38.7457085,55.0864109,38.7456543
55.0789046,38.7237344,55.0791124,38.7240465,55.079177,38.7241519,55.0793461,38.7249733,55.0795868,38.7261276,55.0797293,38.7265739,55.0799552,38.7271326,55.0800796,38.7274182,55.0802918,38.7278848
55.0791124,38.7240465,55.079177,38.7241519,55.0793461,38.7249733,55.0795868,38.7261276,55.0797293,38.7265739,55.0799552,38.7271326,55.0800796,38.7274182,55.0802918,38.7278848,55.0804134,38.7282109
55.079177,38.7241519,55.0793461,38.7249733,55.0795868,38.7261276,55.0797293,38.7265739,55.0799552,38.7271326,55.0800796,38.7274182,55.0802918,38.7278848,55.0804134,38.7282109,55.0804625,38.7283268
55.0793461,38.7249733,55.0795868,38.7261276,55.0797293,38.7265739,55.0799552,38.7271326,55.0800796,38.7274182,55.0802918,38.7278848,55.0804134,38.7282109,55.0804625,38.7283268,55.0802818,38.7285147
55.08053,38.7223193,55.080261,38.7226657,55.0801024,38.7228699,55.0800493,38.7229383,55.0798219,38.7232537,55.0794258,38.723803,55.079177,38.7241519,55.0790888,38.7242551,55.0787032,38.7247892
55.080261,38.7226657,55.0801024,38.7228699,55.0800493,38.7229383,55.0798219,38.7232537,55.0794258,38.723803,55.079177,38.7241519,55.0790888,38.7242551,55.0787032,38.7247892,55.0786445,38.7249239
55.0801024,38.7228699,55.0800493,38.7229383,55.0798219,38.7232537,55.0794258,38.723803,55.079177,38.7241519,55.0790888,38.7242551,55.0787032,38.7247892,55.0786445,38.7249239,55.0787503,38.7251712
55.0800493,38.7229383,55.0798219,38.7232537,55.0794258,38.723803,55.079177,38.7241519,55.0790888,38.7242551,55.0787032,38.7247892,55.0786445,38.7249239,55.0787503,38.7251712,55.0787811,38.7252371
55.0774643,38.724032,55.0771335,38.7233292,55.0768627,38.7227219,55.0759231,38.7206142,55.0757151,38.7201478,55.075692,38.720096,55.0755997,38.7198698,55.075474,38.7195617,55.0750016,38.7184893
55.0771335,38.7233292,55.0768627,38.7227219,55.0759231,38.7206142,55.0757151,38.7201478,55.075692,38.720096,55.0755997,38.7198698,55.075474,38.7195617,55.0750016,38.7184893,55.0747586,38.7179375
55.0768627,38.7227219,55.0759231,38.7206142,55.0757151,38.7201478,55.075692,38.720096,55.0755997,38.7198698,55.075474,38.7195617,55.0750016,38.7184893,55.0747586,38.7179375,55.0747208,38.7178529
55.0759231,38.7206142,55.0757151,38.7201478,55.075692,38.720096,55.0755997,38.7198698,55.075474,38.7195617,55.0750016,38.7184893,55.0747586,38.7179375,55.0747208,38.7178529,55.0745059,38.7173718
55.0757151,38.7201478,55.075692,38.720096,55.0755997,38.7198698,55.075474,38.7195617,55.0750016,38.7184893,55.0747586,38.7179375,55.0747208,38.7178529,55.0745059,38.7173718,55.0743393,38.7169989
55.075692,38.720096,55.0755997,38.7198698,55.075474,38.7195617,55.0750016,38.7184893,55.0747586,38.7179375,55.0747208,38.7178529,55.0745059,38.7173718,55.0743393,38.7169989,55.0739125,38.7160374
55.0849777,38.7332726,55.0848092,38.7333624,55.0847131,38.7334448,55.0845134,38.7336255,55.0837339,38.73443,55.0832262,38.7348417,55.0829507,38.7349748,55.0826823,38.7350001,55.0824918,38.7350862
55.0825579,38.7360594,55.0823664,38.7365875,55.0820727,38.7381934,55.081556,38.7409775,55.0813403,38.7420925,55.0813176,38.7425707,55.081317,38.7433155,55.0812481,38.7443325,55.0811875,38.7443262
55.0823664,38.7365875,55.0820727,38.7381934,55.081556,38.7409775,55.0813403,38.7420925,55.0813176,38.7425707,55.081317,38.7433155,55.0812481,38.7443325,55.0811875,38.7443262,55.0811169,38.7442961
55.0820727,38.7381934,55.081556,38.7409775,55.0813403,38.7420925,55.0813176,38.7425707,55.081317,38.7433155,55.0812481,38.7443325,55.0811875,38.7443262,55.0811169,38.7442961,55.0809494,38.7442202
55.081556,38.7409775,55.0813403,38.7420925,55.0813176,38.7425707,55.081317,38.7433155,55.0812481,38.7443325,55.0811875,38.7443262,55.0811169,38.7442961,55.0809494,38.7442202,55.080867,38.744168
55.0813403,38.7420925,55.0813176,38.7425707,55.081317,38.7433155,55.0812481,38.7443325,55.0811875,38.7443262,55.0811169,38.7442961,55.0809494,38.7442202,55.080867,38.744168,55.0808426,38.7440874
55.0813176,38.7425707,55.081317,38.7433155,55.0812481,38.7443325,55.0811875,38.7443262,55.0811169,38.7442961,55.0809494,38.7442202,55.080867,38.744168,55.0808426,38.7440874,55.0808308,38.743896
55.081317,38.7433155,55.0812481,38.7443325,55.0811875,38.7443262,55.0811169,38.7442961,55.0809494,38.7442202,55.080867,38.744168,55.0808426,38.7440874,55.0808308,38.743896,55.0808435,38.7432255
55.0812481,38.7443325,55.0811875,38.7443262,55.0811169,38.7442961,55.0809494,38.7442202,55.080867,38.744168,55.0808426,38.7440874,55.0808308,38.743896,55.0808435,38.7432255,55.0808354,38.7431708
55.0811875,38.7443262,55.0811169,38.7442961,55.0809494,38.7442202,55.080867,38.744168,55.0808426,38.7440874,55.0808308,38.743896,55.0808435,38.7432255,55.0808354,38.7431708,55.0807125,38.7429449
55.0811169,38.7442961,55.0809494,38.7442202,55.080867,38.744168,55.0808426,38.7440874,55.0808308,38.743896,55.0808435,38.7432255,55.0808354,38.7431708,55.0807125,38.7429449,55.0806288,38.7428267
55.0809494,38.7442202,55.080867,38.744168,55.0808426,38.7440874,55.0808308,38.743896,55.0808435,38.7432255,55.0808354,38.7431708,55.0807125,38.7429449,55.0806288,38.7428267,55.0804656,38.7425962
55.080867,38.744168,55.0808426,38.7440874,55.0808308,38.743896,55.0808435,38.7432255,55.0808354,38.7431708,55.0807125,38.7429449,55.0806288,38.7428267,55.0804656,38.7425962,55.0801624,38.7421451
55.0808426,38.7440874,55.0808308,38.743896,55.0808435,38.7432255,55.0808354,38.7431708,55.0807125,38.7429449,55.0806288,38.7428267,55.0804656,38.7425962,55.0801624,38.7421451,55.0801327,38.742034
55.0808308,38.743896,55.0808435,38.7432255,55.0808354,38.7431708,55.0807125,38.7429449,55.0806288,38.7428267,55.0804656,38.7425962,55.0801624,38.7421451,55.0801327,38.742034,55.0801255,38.7419233
55.0873895,38.7366852,55.0872144,38.7370578,55.0869259,38.7374844,55.0866532,38.7378449,55.0864866,38.7380303,55.0859949,38.7386755,55.0855998,38.7391332,55.0854008,38.7394197,55.0852998,38.7395651
55.0872144,38.7370578,55.0869259,38.7374844,55.0866532,38.7378449,55.0864866,38.7380303,55.0859949,38.7386755,55.0855998,38.7391332,55.0854008,38.7394197,55.0852998,38.7395651,55.0850837,38.7399581
55.0839823,38.7380088,55.0840195,38.7381204,55.0840934,38.7381943,55.0841843,38.7382312,55.0844526,38.7383936,55.0846406,38.7385597,55.0847589,38.7387332,55.0849089,38.7388882,55.0850273,38.7389251
55.0840195,38.7381204,55.0840934,38.7381943,55.0841843,38.7382312,55.0844526,38.7383936,55.0846406,38.7385597,55.0847589,38.7387332,55.0849089,38.7388882,55.0850273,38.7389251,55.0851244,38.7389399
55.0840934,38.7381943,55.0841843,38.7382312,55.0844526,38.7383936,55.0846406,38.7385597,55.0847589,38.7387332,55.0849089,38.7388882,55.0850273,38.7389251,55.0851244,38.7389399,55.085228,38.7390617
55.0841843,38.7382312,55.0844526,38.7383936,55.0846406,38.7385597,55.0847589,38.7387332,55.0849089,38.7388882,55.0850273,38.7389251,55.0851244,38.7389399,55.085228,38.7390617,55.0854008,38.7394197
55.0826487,38.7359025,55.0827436,38.7360253,55.0829008,38.7362963,55.0830248,38.7365094,55.0831055,38.7365998,55.083182,38.7366106,55.083304,38.73656,55.0833826,38.7366756,55.0834984,38.7368743
55.0827436,38.7360253,55.0829008,38.7362963,55.0830248,38.7365094,55.0831055,38.7365998,55.083182,38.7366106,55.083304,38.73656,55.0833826,38.7366756,55.0834984,38.7368743,55.0836163,38.7369719
55.0829008,38.7362963,55.0830248,38.7365094,55.0831055,38.7365998,55.083182,38.7366106,55.083304,38.73656,55.0833826,38.7366756,55.0834984,38.7368743,55.0836163,38.7369719,55.0838355,38.7371308
55.0830248,38.7365094,55.0831055,38.7365998,55.083182,38.7366106,55.083304,38.73656,55.0833826,38.7366756,55.0834984,38.7368743,55.0836163,38.7369719,55.0838355,38.7371308,55.0839327,38.7372717
55.0831055,38.7365998,55.083182,38.7366106,55.083304,38.73656,55.0833826,38.7366756,55.0834984,38.7368743,55.0836163,38.7369719,55.0838355,38.7371308,55.0839327,38.7372717,55.0839678,38.737503
55.083182,38.7366106,55.083304,38.73656,55.0833826,38.7366756,55.0834984,38.7368743,55.0836163,38.7369719,55.0838355,38.7371308,55.0839327,38.7372717,55.0839678,38.737503,55.0839761,38.7376475
55.083304,38.73656,55.0833826,38.7366756,55.0834984,38.7368743,55.0836163,38.7369719,55.0838355,38.7371308,55.0839327,38.7372717,55.0839678,38.737503,55.0839761,38.7376475,55.0839823,38.7380088
55.0833826,38.7366756,55.0834984,38.7368743,55.0836163,38.7369719,55.0838355,38.7371308,55.0839327,38.7372717,55.0839678,38.737503,55.0839761,38.7376475,55.0839823,38.7380088,55.0839637,38.7381424
55.0834984,38.7368743,55.0836163,38.7369719,55.0838355,38.7371308,55.0839327,38.7372717,55.0839678,38.737503,55.0839761,38.7376475,55.0839823,38.7380088,55.0839637,38.7381424,55.0838885,38.738281
55.0842069,38.74223,55.084116,38.742481,55.0838942,38.7430661,55.0834917,38.7441015,55.0831261,38.745041,55.0831261,38.7451314,55.0831589,38.745196,55.0834958,38.7456413,55.0838803,38.7460673
55.084116,38.742481,55.0838942,38.7430661,55.0834917,38.7441015,55.0831261,38.745041,55.0831261,38.7451314,55.0831589,38.745196,55.0834958,38.7456413,55.0838803,38.7460673,55.0839134,38.746104
55.0838942,38.7430661,55.0834917,38.7441015,55.0831261,38.745041,55.0831261,38.7451314,55.0831589,38.745196,55.0834958,38.7456413,55.0838803,38.7460673,55.0839134,38.746104,55.0841815,38.7464094
55.0834917,38.7441015,55.0831261,38.745041,55.0831261,38.7451314,55.0831589,38.745196,55.0834958,38.7456413,55.0838803,38.7460673,55.0839134,38.746104,55.0841815,38.7464094,55.0842494,38.7464628
55.0803824,38.7294271,55.0800732,38.7296561,55.0792248,38.7298295,55.0790899,38.7300302,55.0788172,38.7305519,55.0785569,38.7305559,55.0783892,38.7304866,55.077854,38.7305725,55.0776834,38.7305754
55.0800732,38.7296561,55.0792248,38.7298295,55.0790899,38.7300302,55.0788172,38.7305519,55.0785569,38.7305559,55.0783892,38.7304866,55.077854,38.7305725,55.0776834,38.7305754,55.0775198,38.7305413
55.0792248,38.7298295,55.0790899,38.7300302,55.0788172,38.7305519,55.0785569,38.7305559,55.0783892,38.7304866,55.077854,38.7305725,55.0776834,38.7305754,55.0775198,38.7305413,55.0772925,38.730509
55.0790899,38.7300302,55.0788172,38.7305519,55.0785569,38.7305559,55.0783892,38.7304866,55.077854,38.7305725,55.0776834,38.7305754,55.0775198,38.7305413,55.0772925,38.730509,55.0772395,38.7304768
55.0788172,38.7305519,55.0785569,38.7305559,55.0783892,38.7304866,55.077854,38.7305725,55.0776834,38.7305754,55.0775198,38.7305413,55.0772925,38.730509,55.0772395,38.7304768,55.0770749,38.7302979
55.0785569,38.7305559,55.0783892,38.7304866,55.077854,38.7305725,55.0776834,38.7305754,55.0775198,38.7305413,55.0772925,38.730509,55.0772395,38.7304768,55.0770749,38.7302979,55.0767667,38.7296837
55.0783892,38.7304866,55.077854,38.7305725,55.0776834,38.7305754,55.0775198,38.7305413,55.0772925,38.730509,55.0772395,38.7304768,55.0770749,38.7302979,55.0767667,38.7296837,55.0764555,38.7290275
55.077854,38.7305725,55.0776834,38.7305754,55.0775198,38.7305413,55.0772925,38.730509,55.0772395,38.7304768,55.0770749,38.7302979,55.0767667,38.7296837,55.0764555,38.7290275,55.0764343,38.7289813
55.0776834,38.7305754,55.0775198,38.7305413,55.0772925,38.730509,55.0772395,38.7304768,55.0770749,38.7302979,55.0767667,38.7296837,55.0764555,38.7290275,55.0764343,38.7289813,55.0757328,38.7272893
55.0775198,38.7305413,55.0772925,38.730509,55.0772395,38.7304768,55.0770749,38.7302979,55.0767667,38.7296837,55.0764555,38.7290275,55.0764343,38.7289813,55.0757328,38.7272893,55.0756827,38.7271951
55.0772925,38.730509,55.0772395,38.7304768,55.0770749,38.7302979,55.0767667,38.7296837,55.0764555,38.7290275,55.0764343,38.7289813,55.0757328,38.7272893,55.0756827,38.7271951,55.0756346,38.7269516
55.0772395,38.7304768,55.0770749,38.7302979,55.0767667,38.7296837,55.0764555,38.7290275,55.0764343,38.7289813,55.0757328,38.7272893,55.0756827,38.7271951,55.0756346,38.7269516,55.0755721,38.7267941
55.0770749,38.7302979,55.0767667,38.7296837,55.0764555,38.7290275,55.0764343,38.7289813,55.0757328,38.7272893,55.0756827,38.7271951,55.0756346,38.7269516,55.0755721,38.7267941,55.0755108,38.7266513
55.0767667,38.7296837,55.0764555,38.7290275,55.0764343,38.7289813,55.0757328,38.7272893,55.0756827,38.7271951,55.0756346,38.7269516,55.0755721,38.7267941,55.0755108,38.7266513,55.0754074,38.7264308
55.0764555,38.7290275,55.0764343,38.7289813,55.0757328,38.7272893,55.0756827,38.7271951,55.0756346,38.7269516,55.0755721,38.7267941,55.0755108,38.7266513,55.0754074,38.7264308,55.07531,38.726204
55.0764343,38.7289813,55.0757328,38.7272893,55.0756827,38.7271951,55.0756346,38.7269516,55.0755721,38.7267941,55.0755108,38.7266513,55.0754074,38.7264308,55.07531,38.726204,55.0751958,38.7259625
55.0757328,38.7272893,55.0756827,38.7271951,55.0756346,38.7269516,55.0755721,38.7267941,55.0755108,38.7266513,55.0754074,38.7264308,55.07531,38.726204,55.0751958,38.7259625,55.0750456,38.7257105
55.0756827,38.7271951,55.0756346,38.7269516,55.0755721,38.7267941,55.0755108,38.7266513,55.0754074,38.7264308,55.07531,38.726204,55.0751958,38.7259625,55.0750456,38.7257105,55.0750137,38.7256602
55.0756346,38.7269516,55.0755721,38.7267941,55.0755108,38.7266513,55.0754074,38.7264308,55.07531,38.726204,55.0751958,38.7259625,55.0750456,38.7257105,55.0750137,38.7256602,55.0749698,38.7255908
55.0755721,38.7267941,55.0755108,38.7266513,55.0754074,38.7264308,55.07531,38.726204,55.0751958,38.7259625,55.0750456,38.7257105,55.0750137,38.7256602,55.0749698,38.7255908,55.0749318,38.7255453
55.0847017,38.7407746,55.0844062,38.7413651,55.0842151,38.7417156,55.0840046,38.7421017,55.0839424,38.7421959,55.0836669,38.7426133,55.0836338,38.7426651,55.0833203,38.7431562,55.0832635,38.7432735
55.0844062,38.7413651,55.0842151,38.7417156,55.0840046,38.7421017,55.0839424,38.7421959,55.0836669,38.7426133,55.0836338,38.7426651,55.0833203,38.7431562,55.0832635,38.7432735,55.083008,38.7438016
55.0842151,38.7417156,55.0840046,38.7421017,55.0839424,38.7421959,55.0836669,38.7426133,55.0836338,38.7426651,55.0833203,38.7431562,55.0832635,38.7432735,55.083008,38.7438016,55.0829819,38.7438614
55.0840046,38.7421017,55.0839424,38.7421959,55.0836669,38.7426133,55.0836338,38.7426651,55.0833203,38.7431562,55.0832635,38.7432735,55.083008,38.7438016,55.0829819,38.7438614,55.0828115,38.7442519
55.0839424,38.7421959,55.0836669,38.7426133,55.0836338,38.7426651,55.0833203,38.7431562,55.0832635,38.7432735,55.083008,38.7438016,55.0829819,38.7438614,55.0828115,38.7442519,55.0827174,38.7445568
55.0836669,38.7426133,55.0836338,38.7426651,55.0833203,38.7431562,55.0832635,38.7432735,55.083008,38.7438016,55.0829819,38.7438614,55.0828115,38.7442519,55.0827174,38.7445568,55.0826815,38.7446732
55.0805955,38.7332569,55.0806095,38.7334991,55.0805932,38.733629,55.0805062,38.7336891,55.0797356,38.733819,55.0791409,38.7339077,55.0790951,38.7337683,55.0790951,38.7336701,55.079178,38.7335523
55.0889224,38.7211889,55.0888877,38.721512,55.088816,38.721766,55.0887263,38.7220028,55.0886504,38.722175,55.0885338,38.722438,55.0884505,38.7226688,55.0883861,38.7229093,55.0883256,38.7231877
55.0888877,38.721512,55.088816,38.721766,55.0887263,38.7220028,55.0886504,38.722175,55.0885338,38.722438,55.0884505,38.7226688,55.0883861,38.7229093,55.0883256,38.7231877,55.0882937,38.7233993
55.088816,38.721766,55.0887263,38.7220028,55.0886504,38.722175,55.0885338,38.722438,55.0884505,38.7226688,55.0883861,38.7229093,55.0883256,38.7231877,55.0882937,38.7233993,55.0882688,38.723552
55.0986653,38.7182154,55.0987036,38.7186151,55.0987758,38.7190791,55.0989014,38.7196194,55.098963,38.7198623,55.0989906,38.7199427,55.0990489,38.7199642,55.09915,38.7201076,55.0992285,38.7203317
55.0987036,38.7186151,55.0987758,38.7190791,55.0989014,38.7196194,55.098963,38.7198623,55.0989906,38.7199427,55.0990489,38.7199642,55.09915,38.7201076,55.0992285,38.7203317,55.0992853,38.7205543
55.0987758,38.7190791,55.0989014,38.7196194,55.098963,38.7198623,55.0989906,38.7199427,55.0990489,38.7199642,55.09915,38.7201076,55.0992285,38.7203317,55.0992853,38.7205543,55.0993774,38.7209191
55.0989014,38.7196194,55.098963,38.7198623,55.0989906,38.7199427,55.0990489,38.7199642,55.09915,38.7201076,55.0992285,38.7203317,55.0992853,38.7205543,55.0993774,38.7209191,55.0993973,38.7210988
55.098963,38.7198623,55.0989906,38.7199427,55.0990489,38.7199642,55.09915,38.7201076,55.0992285,38.7203317,55.0992853,38.7205543,55.0993774,38.7209191,55.0993973,38.7210988,55.0993913,38.7212797
55.0989906,38.7199427,55.0990489,38.7199642,55.09915,38.7201076,55.0992285,38.7203317,55.0992853,38.7205543,55.0993774,38.7209191,55.0993973,38.7210988,55.0993913,38.7212797,55.0993817,38.7215721
55.0990489,38.7199642,55.09915,38.7201076,55.0992285,38.7203317,55.0992853,38.7205543,55.0993774,38.7209191,55.0993973,38.7210988,55.0993913,38.7212797,55.0993817,38.7215721,55.0993427,38.7223531
55.09915,38.7201076,55.0992285,38.7203317,55.0992853,38.7205543,55.0993774,38.7209191,55.0993973,38.7210988,55.0993913,38.7212797,55.0993817,38.7215721,55.0993427,38.7223531,55.0993303,38.7225183
55.0992285,38.7203317,55.0992853,38.7205543,55.0993774,38.7209191,55.0993973,38.7210988,55.0993913,38.7212797,55.0993817,38.7215721,55.0993427,38.7223531,55.0993303,38.7225183,55.0992843,38.7227168
55.0992853,38.7205543,55.0993774,38.7209191,55.0993973,38.7210988,55.0993913,38.7212797,55.0993817,38.7215721,55.0993427,38.7223531,55.0993303,38.7225183,55.0992843,38.7227168,55.0992033,38.7229776
55.0993774,38.7209191,55.0993973,38.7210988,55.0993913,38.7212797,55.0993817,38.7215721,55.0993427,38.7223531,55.0993303,38.7225183,55.0992843,38.7227168,55.0992033,38.7229776,55.0992837,38.7233009
55.0993973,38.7210988,55.0993913,38.7212797,55.0993817,38.7215721,55.0993427,38.7223531,55.0993303,38.7225183,55.0992843,38.7227168,55.0992033,38.7229776,55.0992837,38.7233009,55.0992748,38.7234493
55.0993913,38.7212797,55.0993817,38.7215721,55.0993427,38.7223531,55.0993303,38.7225183,55.0992843,38.7227168,55.0992033,38.7229776,55.0992837,38.7233009,55.0992748,38.7234493,55.0992297,38.7236671
55.0993817,38.7215721,55.0993427,38.7223531,55.0993303,38.7225183,55.0992843,38.7227168,55.0992033,38.7229776,55.0992837,38.7233009,55.0992748,38.7234493,55.0992297,38.7236671,55.0986849,38.7251362
55.0993427,38.7223531,55.0993303,38.7225183,55.0992843,38.7227168,55.0992033,38.7229776,55.0992837,38.7233009,55.0992748,38.7234493,55.0992297,38.7236671,55.0986849,38.7251362,55.0984845,38.7255502
55.0993303,38.7225183,55.0992843,38.7227168,55.0992033,38.7229776,55.0992837,38.7233009,55.0992748,38.7234493,55.0992297,38.7236671,55.0986849,38.7251362,55.0984845,38.7255502,55.0983324,38.7260489
55.0992843,38.7227168,55.0992033,38.7229776,55.0992837,38.7233009,55.0992748,38.7234493,55.0992297,38.7236671,55.0986849,38.7251362,55.0984845,38.7255502,55.0983324,38.7260489,55.098226,38.7261894
55.0992033,38.7229776,55.0992837,38.7233009,55.0992748,38.7234493,55.0992297,38.7236671,55.0986849,38.7251362,55.0984845,38.7255502,55.0983324,38.7260489,55.098226,38.7261894,55.0981952,38.7264305
55.0992837,38.7233009,55.0992748,38.7234493,55.0992297,38.7236671,55.0986849,38.7251362,55.0984845,38.7255502,55.0983324,38.7260489,55.098226,38.7261894,55.0981952,38.7264305,55.0981281,38.726591
55.0992748,38.7234493,55.0992297,38.7236671,55.0986849,38.7251362,55.0984845,38.7255502,55.0983324,38.7260489,55.098226,38.7261894,55.0981952,38.7264305,55.0981281,38.726591,55.0980042,38.7266919
55.0992297,38.7236671,55.0986849,38.7251362,55.0984845,38.7255502,55.0983324,38.7260489,55.098226,38.7261894,55.0981952,38.7264305,55.0981281,38.726591,55.0980042,38.7266919,55.0979465,38.7268086
55.0986849,38.7251362,55.0984845,38.7255502,55.0983324,38.7260489,55.098226,38.7261894,55.0981952,38.7264305,55.0981281,38.726591,55.0980042,38.7266919,55.0979465,38.7268086,55.0978615,38.7272667
55.0984845,38.7255502,55.0983324,38.7260489,55.098226,38.7261894,55.0981952,38.7264305,55.0981281,38.726591,55.0980042,38.7266919,55.0979465,38.7268086,55.0978615,38.7272667,55.0977816,38.7274145
55.0983324,38.7260489,55.098226,38.7261894,55.0981952,38.7264305,55.0981281,38.726591,55.0980042,38.7266919,55.0979465,38.7268086,55.0978615,38.7272667,55.0977816,38.7274145,55.0977413,38.7274696
55.0967216,38.7494215,55.0967089,38.7495721,55.0967362,38.7497519,55.0967331,38.7500968,55.096689,38.7503023,55.0965515,38.7506325,55.0965084,38.7507903,55.0964979,38.7514049,55.0965294,38.7516214
55.0967089,38.7495721,55.0967362,38.7497519,55.0967331,38.7500968,55.096689,38.7503023,55.0965515,38.7506325,55.0965084,38.7507903,55.0964979,38.7514049,55.0965294,38.7516214,55.0964916,38.7519461
55.0967362,38.7497519,55.0967331,38.7500968,55.096689,38.7503023,55.0965515,38.7506325,55.0965084,38.7507903,55.0964979,38.7514049,55.0965294,38.7516214,55.0964916,38.7519461,55.0964927,38.7521827
55.0967331,38.7500968,55.096689,38.7503023,55.0965515,38.7506325,55.0965084,38.7507903,55.0964979,38.7514049,55.0965294,38.7516214,55.0964916,38.7519461,55.0964927,38.7521827,55.0963468,38.7526267
55.096689,38.7503023,55.0965515,38.7506325,55.0965084,38.7507903,55.0964979,38.7514049,55.0965294,38.7516214,55.0964916,38.7519461,55.0964927,38.7521827,55.0963468,38.7526267,55.0962502,38.7532101
55.0965515,38.7506325,55.0965084,38.7507903,55.0964979,38.7514049,55.0965294,38.7516214,55.0964916,38.7519461,55.0964927,38.7521827,55.0963468,38.7526267,55.0962502,38.7532101,55.0961838,38.7534919
55.0965084,38.7507903,55.0964979,38.7514049,55.0965294,38.7516214,55.0964916,38.7519461,55.0964927,38.7521827,55.0963468,38.7526267,55.0962502,38.7532101,55.0961838,38.7534919,55.0961547,38.7536156
55.0964979,38.7514049,55.0965294,38.7516214,55.0964916,38.7519461,55.0964927,38.7521827,55.0963468,38.7526267,55.0962502,38.7532101,55.0961838,38.7534919,55.0961547,38.7536156,55.0961379,38.7537715
55.0965294,38.7516214,55.0964916,38.7519461,55.0964927,38.7521827,55.0963468,38.7526267,55.0962502,38.7532101,55.0961838,38.7534919,55.0961547,38.7536156,55.0961379,38.7537715,55.0960896,38.753966
55.0964916,38.7519461,55.0964927,38.7521827,55.0963468,38.7526267,55.0962502,38.7532101,55.0961838,38.7534919,55.0961547,38.7536156,55.0961379,38.7537715,55.0960896,38.753966,55.096109,38.7544784
55.0925912,38.7314926,55.0926343,38.7318221,55.0926953,38.7321014,55.092738,38.7322966,55.0928851,38.7329688,55.0930473,38.7336805,55.0931482,38.7341006,55.0931656,38.734173,55.0932547,38.734402
55.0926343,38.7318221,55.0926953,38.7321014,55.092738,38.7322966,55.0928851,38.7329688,55.0930473,38.7336805,55.0931482,38.7341006,55.0931656,38.734173,55.0932547,38.734402,55.0935148,38.7350313
55.0926953,38.7321014,55.092738,38.7322966,55.0928851,38.7329688,55.0930473,38.7336805,55.0931482,38.7341006,55.0931656,38.734173,55.0932547,38.734402,55.0935148,38.7350313,55.09357,38.7351499
55.092738,38.7322966,55.0928851,38.7329688,55.0930473,38.7336805,55.0931482,38.7341006,55.0931656,38.734173,55.0932547,38.734402,55.0935148,38.7350313,55.09357,38.7351499,55.093927,38.735916
55.0928851,38.7329688,55.0930473,38.7336805,55.0931482,38.7341006,55.0931656,38.734173,55.0932547,38.734402,55.0935148,38.7350313,55.09357,38.7351499,55.093927,38.735916,55.0939588,38.7359843
55.0930473,38.7336805,55.0931482,38.7341006,55.0931656,38.734173,55.0932547,38.734402,55.0935148,38.7350313,55.09357,38.7351499,55.093927,38.735916,55.0939588,38.7359843,55.0941195,38.7363292
55.0931482,38.7341006,55.0931656,38.734173,55.0932547,38.734402,55.0935148,38.7350313,55.09357,38.7351499,55.093927,38.735916,55.0939588,38.7359843,55.0941195,38.7363292,55.0943818,38.7368922
55.0975741,38.7327342,55.0975664,38.7328549,55.0975542,38.7330346,55.0975465,38.7331634,55.0975465,38.7333001,55.0975803,38.7334396,55.0976522,38.7335642,55.0977061,38.7336327,55.0977721,38.7337695
55.0975664,38.7328549,55.0975542,38.7330346,55.0975465,38.7331634,55.0975465,38.7333001,55.0975803,38.7334396,55.0976522,38.7335642,55.0977061,38.7336327,55.0977721,38.7337695,55.0978258,38.7338876
55.0975542,38.7330346,55.0975465,38.7331634,55.0975465,38.7333001,55.0975803,38.7334396,55.0976522,38.7335642,55.0977061,38.7336327,55.0977721,38.7337695,55.0978258,38.7338876,55.0978319,38.7339734
55.0954978,38.7296099,55.0955535,38.7295664,55.0957246,38.7295545,55.0957691,38.7295077,55.0957906,38.7294582,55.0958036,38.7292313,55.0958096,38.7289921,55.0958359,38.7288946,55.0958581,38.7287031
55.0955535,38.7295664,55.0957246,38.7295545,55.0957691,38.7295077,55.0957906,38.7294582,55.0958036,38.7292313,55.0958096,38.7289921,55.0958359,38.7288946,55.0958581,38.7287031,55.095859,38.7284794
55.0957246,38.7295545,55.0957691,38.7295077,55.0957906,38.7294582,55.0958036,38.7292313,55.0958096,38.7289921,55.0958359,38.7288946,55.0958581,38.7287031,55.095859,38.7284794,55.0958374,38.7283327
55.0957691,38.7295077,55.0957906,38.7294582,55.0958036,38.7292313,55.0958096,38.7289921,55.0958359,38.7288946,55.0958581,38.7287031,55.095859,38.7284794,55.0958374,38.7283327,55.0958104,38.7282103
55.0957906,38.7294582,55.0958036,38.7292313,55.0958096,38.7289921,55.0958359,38.7288946,55.0958581,38.7287031,55.095859,38.7284794,55.0958374,38.7283327,55.0958104,38.7282103,55.0957799,38.7280136
55.0958036,38.7292313,55.0958096,38.7289921,55.0958359,38.7288946,55.0958581,38.7287031,55.095859,38.7284794,55.0958374,38.7283327,55.0958104,38.7282103,55.0957799,38.7280136,55.0958146,38.7273093
55.0958096,38.7289921,55.0958359,38.7288946,55.0958581,38.7287031,55.095859,38.7284794,55.0958374,38.7283327,55.0958104,38.7282103,55.0957799,38.7280136,55.0958146,38.7273093,55.0958244,38.7270775
55.0967775,38.7265603,55.0967585,38.7263721,55.0968471,38.724699,55.0969357,38.7235779,55.0969704,38.7228833,55.0969529,38.722744,55.0969116,38.7226324,55.0968412,38.7226574,55.0968028,38.7226993
55.0967585,38.7263721,55.0968471,38.724699,55.0969357,38.7235779,55.0969704,38.7228833,55.0969529,38.722744,55.0969116,38.7226324,55.0968412,38.7226574,55.0968028,38.7226993,55.0964117,38.7232918
55.0968471,38.724699,55.0969357,38.7235779,55.0969704,38.7228833,55.0969529,38.722744,55.0969116,38.7226324,55.0968412,38.7226574,55.0968028,38.7226993,55.0964117,38.7232918,55.096406,38.7234044
55.0969357,38.7235779,55.0969704,38.7228833,55.0969529,38.722744,55.0969116,38.7226324,55.0968412,38.7226574,55.0968028,38.7226993,55.0964117,38.7232918,55.096406,38.7234044,55.0962846,38.7258032
55.0969704,38.7228833,55.0969529,38.722744,55.0969116,38.7226324,55.0968412,38.7226574,55.0968028,38.7226993,55.0964117,38.7232918,55.096406,38.7234044,55.0962846,38.7258032,55.0962538,38.72616
55.0973225,38.7260873,55.0973652,38.7249582,55.0975083,38.7227106,55.0974959,38.7226411,55.0974559,38.7226118,55.0970552,38.7225836,55.0969116,38.7226324,55.0968625,38.7225512,55.0968104,38.722488
55.0959944,38.7348129,55.0958083,38.7351421,55.0957636,38.7351686,55.0957296,38.7351323,55.0956749,38.7349874,55.095592,38.7347304,55.0955007,38.7345234,55.0954658,38.734517,55.0941195,38.7363292
55.0939061,38.7377433,55.0939099,38.7378982,55.0939853,38.7381123,55.0940758,38.7383034,55.0941079,38.738399,55.094187,38.7386132,55.0941908,38.7390118,55.09427,38.7405769,55.0943657,38.7422819
55.0962472,38.723283,55.0962935,38.7232024,55.0965774,38.7228314,55.0967501,38.7225856,55.0968104,38.722488,55.0968346,38.7224255,55.0969014,38.7222057,55.0970841,38.7214767,55.0971181,38.7212729
55.0962935,38.7232024,55.0965774,38.7228314,55.0967501,38.7225856,55.0968104,38.722488,55.0968346,38.7224255,55.0969014,38.7222057,55.0970841,38.7214767,55.0971181,38.7212729,55.0971172,38.7207449
55.0965774,38.7228314,55.0967501,38.7225856,55.0968104,38.722488,55.0968346,38.7224255,55.0969014,38.7222057,55.0970841,38.7214767,55.0971181,38.7212729,55.0971172,38.7207449,55.0971411,38.7200501
55.0967501,38.7225856,55.0968104,38.722488,55.0968346,38.7224255,55.0969014,38.7222057,55.0970841,38.7214767,55.0971181,38.7212729,55.0971172,38.7207449,55.0971411,38.7200501,55.0971655,38.7196154
55.0968104,38.722488,55.0968346,38.7224255,55.0969014,38.7222057,55.0970841,38.7214767,55.0971181,38.7212729,55.0971172,38.7207449,55.0971411,38.7200501,55.0971655,38.7196154,55.0971206,38.7190874
55.0888908,38.7265421,55.089195,38.7264791,55.0895074,38.7265099,55.0897607,38.7265252,55.090192,38.7265424,55.090481,38.7265582,55.0908128,38.7264725,55.0909724,38.7263567,55.0910227,38.7262089
55.089195,38.7264791,55.0895074,38.7265099,55.0897607,38.7265252,55.090192,38.7265424,55.090481,38.7265582,55.0908128,38.7264725,55.0909724,38.7263567,55.0910227,38.7262089,55.0910321,38.7260313
55.0895074,38.7265099,55.0897607,38.7265252,55.090192,38.7265424,55.090481,38.7265582,55.0908128,38.7264725,55.0909724,38.7263567,55.0910227,38.7262089,55.0910321,38.7260313,55.0909637,38.7257279
55.0959944,38.7348129,55.0960185,38.7346948,55.0960096,38.7345886,55.0959516,38.7343547,55.0959003,38.7341112,55.0958177,38.7338723,55.0956638,38.733392,55.09519,38.7318783,55.09514,38.7316408
55.0960185,38.7346948,55.0960096,38.7345886,55.0959516,38.7343547,55.0959003,38.7341112,55.0958177,38.7338723,55.0956638,38.733392,55.09519,38.7318783,55.09514,38.7316408,55.0950501,38.7313555
55.0960096,38.7345886,55.0959516,38.7343547,55.0959003,38.7341112,55.0958177,38.7338723,55.0956638,38.733392,55.09519,38.7318783,55.09514,38.7316408,55.0950501,38.7313555,55.094856,38.7307543
55.0959516,38.7343547,55.0959003,38.7341112,55.0958177,38.7338723,55.0956638,38.733392,55.09519,38.7318783,55.09514,38.7316408,55.0950501,38.7313555,55.094856,38.7307543,55.0947526,38.7304883
55.0959003,38.7341112,55.0958177,38.7338723,55.0956638,38.733392,55.09519,38.7318783,55.09514,38.7316408,55.0950501,38.7313555,55.094856,38.7307543,55.0947526,38.7304883,55.0942673,38.7289363
55.0958177,38.7338723,55.0956638,38.733392,55.09519,38.7318783,55.09514,38.7316408,55.0950501,38.7313555,55.094856,38.7307543,55.0947526,38.7304883,55.0942673,38.7289363,55.0941915,38.7287627
55.0956638,38.733392,55.09519,38.7318783,55.09514,38.7316408,55.0950501,38.7313555,55.094856,38.7307543,55.0947526,38.7304883,55.0942673,38.7289363,55.0941915,38.7287627,55.094124,38.7285568
55.09519,38.7318783,55.09514,38.7316408,55.0950501,38.7313555,55.094856,38.7307543,55.0947526,38.7304883,55.0942673,38.7289363,55.0941915,38.7287627,55.094124,38.7285568,55.0939908,38.7281452
55.09514,38.7316408,55.0950501,38.7313555,55.094856,38.7307543,55.0947526,38.7304883,55.0942673,38.7289363,55.0941915,38.7287627,55.094124,38.7285568,55.0939908,38.7281452,55.0939137,38.7278077
55.0965437,38.7468095,55.0965709,38.7467134,55.0969838,38.7455277,55.0972023,38.7449005,55.09744,38.7442178,55.097592,38.7437815,55.0978252,38.7431117,55.0979133,38.7431564,55.098,38.7432977
55.0965709,38.7467134,55.0969838,38.7455277,55.0972023,38.7449005,55.09744,38.7442178,55.097592,38.7437815,55.0978252,38.7431117,55.0979133,38.7431564,55.098,38.7432977,55.0981526,38.7436319
55.0969838,38.7455277,55.0972023,38.7449005,55.09744,38.7442178,55.097592,38.7437815,55.0978252,38.7431117,55.0979133,38.7431564,55.098,38.7432977,55.0981526,38.7436319,55.0982893,38.743836
55.0972023,38.7449005,55.09744,38.7442178,55.097592,38.7437815,55.0978252,38.7431117,55.0979133,38.7431564,55.098,38.7432977,55.0981526,38.7436319,55.0982893,38.743836,55.0984581,38.7439862
55.09744,38.7442178,55.097592,38.7437815,55.0978252,38.7431117,55.0979133,38.7431564,55.098,38.7432977,55.0981526,38.7436319,55.0982893,38.743836,55.0984581,38.7439862,55.0986024,38.7440184
55.097592,38.7437815,55.0978252,38.7431117,55.0979133,38.7431564,55.098,38.7432977,55.0981526,38.7436319,55.0982893,38.743836,55.0984581,38.7439862,55.0986024,38.7440184,55.0987374,38.7439808
55.0978252,38.7431117,55.0979133,38.7431564,55.098,38.7432977,55.0981526,38.7436319,55.0982893,38.743836,55.0984581,38.7439862,55.0986024,38.7440184,55.0987374,38.7439808,55.0988832,38.7438628
55.0979133,38.7431564,55.098,38.7432977,55.0981526,38.7436319,55.0982893,38.743836,55.0984581,38.7439862,55.0986024,38.7440184,55.0987374,38.7439808,55.0988832,38.7438628,55.0990152,38.7436804
55.098,38.7432977,55.0981526,38.7436319,55.0982893,38.743836,55.0984581,38.7439862,55.0986024,38.7440184,55.0987374,38.7439808,55.0988832,38.7438628,55.0990152,38.7436804,55.0991011,38.7434283
55.0981526,38.7436319,55.0982893,38.743836,55.0984581,38.7439862,55.0986024,38.7440184,55.0987374,38.7439808,55.0988832,38.7438628,55.0990152,38.7436804,55.0991011,38.7434283,55.0991226,38.7431788
55.0982893,38.743836,55.0984581,38.7439862,55.0986024,38.7440184,55.0987374,38.7439808,55.0988832,38.7438628,55.0990152,38.7436804,55.0991011,38.7434283,55.0991226,38.7431788,55.0991068,38.743008
55.0984581,38.7439862,55.0986024,38.7440184,55.0987374,38.7439808,55.0988832,38.7438628,55.0990152,38.7436804,55.0991011,38.7434283,55.0991226,38.7431788,55.0991068,38.743008,55.0990548,38.7428476
55.0986024,38.7440184,55.0987374,38.7439808,55.0988832,38.7438628,55.0990152,38.7436804,55.0991011,38.7434283,55.0991226,38.7431788,55.0991068,38.743008,55.0990548,38.7428476,55.0986737,38.741673
55.0987374,38.7439808,55.0988832,38.7438628,55.0990152,38.7436804,55.0991011,38.7434283,55.0991226,38.7431788,55.0991068,38.743008,55.0990548,38.7428476,55.0986737,38.741673,55.0986649,38.7416456
55.0988832,38.7438628,55.0990152,38.7436804,55.0991011,38.7434283,55.0991226,38.7431788,55.0991068,38.743008,55.0990548,38.7428476,55.0986737,38.741673,55.0986649,38.7416456,55.0986632,38.7416099
55.0798581,38.7683742,55.0798406,38.7684436,55.0797835,38.7683929,55.0797386,38.7685253,55.0796325,38.7687137,55.0795575,38.7689021,55.0795218,38.768994,55.0798501,38.7692597,55.0798253,38.7695516
55.0798406,38.7684436,55.0797835,38.7683929,55.0797386,38.7685253,55.0796325,38.7687137,55.0795575,38.7689021,55.0795218,38.768994,55.0798501,38.7692597,55.0798253,38.7695516,55.079833,38.7697077
55.0797835,38.7683929,55.0797386,38.7685253,55.0796325,38.7687137,55.0795575,38.7689021,55.0795218,38.768994,55.0798501,38.7692597,55.0798253,38.7695516,55.079833,38.7697077,55.0798195,38.7699701
55.0797386,38.7685253,55.0796325,38.7687137,55.0795575,38.7689021,55.0795218,38.768994,55.0798501,38.7692597,55.0798253,38.7695516,55.079833,38.7697077,55.0798195,38.7699701,55.0798294,38.7704245
55.0796325,38.7687137,55.0795575,38.7689021,55.0795218,38.768994,55.0798501,38.7692597,55.0798253,38.7695516,55.079833,38.7697077,55.0798195,38.7699701,55.0798294,38.7704245,55.0798523,38.7707461
55.0795575,38.7689021,55.0795218,38.768994,55.0798501,38.7692597,55.0798253,38.7695516,55.079833,38.7697077,55.0798195,38.7699701,55.0798294,38.7704245,55.0798523,38.7707461,55.0801962,38.7721904
55.0795218,38.768994,55.0798501,38.7692597,55.0798253,38.7695516,55.079833,38.7697077,55.0798195,38.7699701,55.0798294,38.7704245,55.0798523,38.7707461,55.0801962,38.7721904,55.0806127,38.7741332
55.0798501,38.7692597,55.0798253,38.7695516,55.079833,38.7697077,55.0798195,38.7699701,55.0798294,38.7704245,55.0798523,38.7707461,55.0801962,38.7721904,55.0806127,38.7741332,55.0809643,38.772871
55.0798253,38.7695516,55.079833,38.7697077,55.0798195,38.7699701,55.0798294,38.7704245,55.0798523,38.7707461,55.0801962,38.7721904,55.0806127,38.7741332,55.0809643,38.772871,55.0814291,38.7712152
55.079833,38.7697077,55.0798195,38.7699701,55.0798294,38.7704245,55.0798523,38.7707461,55.0801962,38.7721904,55.0806127,38.7741332,55.0809643,38.772871,55.0814291,38.7712152,55.081483,38.7710121
55.0798195,38.7699701,55.0798294,38.7704245,55.0798523,38.7707461,55.0801962,38.7721904,55.0806127,38.7741332,55.0809643,38.772871,55.0814291,38.7712152,55.081483,38.7710121,55.081539,38.7708555
55.0798294,38.7704245,55.0798523,38.7707461,55.0801962,38.7721904,55.0806127,38.7741332,55.0809643,38.772871,55.0814291,38.7712152,55.081483,38.7710121,55.081539,38.7708555,55.081579,38.7707427
55.0815758,38.7754093,55.0812302,38.7751092,55.0809151,38.7748356,55.0810002,38.7745367,55.0810646,38.7743104,55.0810219,38.7742734,55.0810793,38.7740715,55.0811556,38.7738033,55.0812199,38.7735772
55.0812302,38.7751092,55.0809151,38.7748356,55.0810002,38.7745367,55.0810646,38.7743104,55.0810219,38.7742734,55.0810793,38.7740715,55.0811556,38.7738033,55.0812199,38.7735772,55.0815187,38.772527
55.0809151,38.7748356,55.0810002,38.7745367,55.0810646,38.7743104,55.0810219,38.7742734,55.0810793,38.7740715,55.0811556,38.7738033,55.0812199,38.7735772,55.0815187,38.772527,55.0817829,38.7715984
55.0810002,38.7745367,55.0810646,38.7743104,55.0810219,38.7742734,55.0810793,38.7740715,55.0811556,38.7738033,55.0812199,38.7735772,55.0815187,38.772527,55.0817829,38.7715984,55.081902,38.7711798
55.0810646,38.7743104,55.0810219,38.7742734,55.0810793,38.7740715,55.0811556,38.7738033,55.0812199,38.7735772,55.0815187,38.772527,55.0817829,38.7715984,55.081902,38.7711798,55.0819355,38.7710621
55.0877625,38.7658699,55.087627,38.7657962,55.0874501,38.765708,55.08662,38.7653087,55.0865893,38.7653408,55.0865237,38.7653523,55.0863824,38.7652805,55.0860313,38.7651077,55.0856969,38.7649667
55.087627,38.7657962,55.0874501,38.765708,55.08662,38.7653087,55.0865893,38.7653408,55.0865237,38.7653523,55.0863824,38.7652805,55.0860313,38.7651077,55.0856969,38.7649667,55.085526,38.7648776
55.0874501,38.765708,55.08662,38.7653087,55.0865893,38.7653408,55.0865237,38.7653523,55.0863824,38.7652805,55.0860313,38.7651077,55.0856969,38.7649667,55.085526,38.7648776,55.0853552,38.7647885
55.08662,38.7653087,55.0865893,38.7653408,55.0865237,38.7653523,55.0863824,38.7652805,55.0860313,38.7651077,55.0856969,38.7649667,55.085526,38.7648776,55.0853552,38.7647885,55.0845445,38.7643558
55.0834385,38.764983,55.0833225,38.7653853,55.08319,38.7658449,55.0830452,38.766347,55.0826172,38.767831,55.0825336,38.7681208,55.0822401,38.7691384,55.0822216,38.7692024,55.0818035,38.7706523
55.0918333,38.7926017,55.091969,38.7920803,55.0920048,38.7918614,55.0919689,38.7916225,55.091971,38.7914465,55.092019,38.7912069,55.0920545,38.7910324,55.0922,38.7903166,55.0922136,38.7902622
55.091969,38.7920803,55.0920048,38.7918614,55.0919689,38.7916225,55.091971,38.7914465,55.092019,38.7912069,55.0920545,38.7910324,55.0922,38.7903166,55.0922136,38.7902622,55.092275,38.7900177
55.0920048,38.7918614,55.0919689,38.7916225,55.091971,38.7914465,55.092019,38.7912069,55.0920545,38.7910324,55.0922,38.7903166,55.0922136,38.7902622,55.092275,38.7900177,55.0922948,38.7899203
55.0919689,38.7916225,55.091971,38.7914465,55.092019,38.7912069,55.0920545,38.7910324,55.0922,38.7903166,55.0922136,38.7902622,55.092275,38.7900177,55.0922948,38.7899203,55.0922886,38.7898116
55.091971,38.7914465,55.092019,38.7912069,55.0920545,38.7910324,55.0922,38.7903166,55.0922136,38.7902622,55.092275,38.7900177,55.0922948,38.7899203,55.0922886,38.7898116,55.0922558,38.7897231
55.0887248,38.7861779,55.0868717,38.7845016,55.0867676,38.7842949,55.0866497,38.7841955,55.0864525,38.7843159,55.0863622,38.7842383,55.0863341,38.7842142,55.0857625,38.7837234,55.0846994,38.7827984
55.0868717,38.7845016,55.0867676,38.7842949,55.0866497,38.7841955,55.0864525,38.7843159,55.0863622,38.7842383,55.0863341,38.7842142,55.0857625,38.7837234,55.0846994,38.7827984,55.0846323,38.7827211
55.0878907,38.7788062,55.087898,38.7787814,55.0879126,38.778732,55.0879308,38.7786692,55.087737,38.7784979,55.0875931,38.7783708,55.0874519,38.7782459,55.0873928,38.7781937,55.0873378,38.778145
55.087898,38.7787814,55.0879126,38.778732,55.0879308,38.7786692,55.087737,38.7784979,55.0875931,38.7783708,55.0874519,38.7782459,55.0873928,38.7781937,55.0873378,38.778145,55.0872774,38.7780917
55.0879126,38.778732,55.0879308,38.7786692,55.087737,38.7784979,55.0875931,38.7783708,55.0874519,38.7782459,55.0873928,38.7781937,55.0873378,38.778145,55.0872774,38.7780917,55.0871853,38.7780102
55.0879308,38.7786692,55.087737,38.7784979,55.0875931,38.7783708,55.0874519,38.7782459,55.0873928,38.7781937,55.0873378,38.778145,55.0872774,38.7780917,55.0871853,38.7780102,55.0871452,38.7781489
55.0845785,38.7828102,55.0845044,38.7828068,55.0844534,38.7827129,55.0844554,38.7825835,55.0845091,38.7824944,55.0845832,38.7824978,55.0846342,38.7825917,55.0846323,38.7827211,55.0845785,38.7828102
55.0845913,38.782963,55.0844483,38.7829459,55.0843541,38.7827571,55.0843639,38.7825072,55.084472,38.7823426,55.084615,38.7823597,55.0847092,38.7825485,55.0846994,38.7827984,55.0845913,38.782963
55.0865973,38.7809515,55.0866383,38.7810486,55.0866894,38.7811692,55.0866669,38.7814585,55.0865339,38.7816352,55.0864439,38.7816138,55.0863684,38.7815959,55.0862989,38.7814364,55.0862672,38.7813636
55.0866383,38.7810486,55.0866894,38.7811692,55.0866669,38.7814585,55.0865339,38.7816352,55.0864439,38.7816138,55.0863684,38.7815959,55.0862989,38.7814364,55.0862672,38.7813636,55.0862897,38.7810744
55.0866894,38.7811692,55.0866669,38.7814585,55.0865339,38.7816352,55.0864439,38.7816138,55.0863684,38.7815959,55.0862989,38.7814364,55.0862672,38.7813636,55.0862897,38.7810744,55.0864233,38.7808926
55.0866669,38.7814585,55.0865339,38.7816352,55.0864439,38.7816138,55.0863684,38.7815959,55.0862989,38.7814364,55.0862672,38.7813636,55.0862897,38.7810744,55.0864233,38.7808926,55.0864519,38.7809022
55.0865339,38.7816352,55.0864439,38.7816138,55.0863684,38.7815959,55.0862989,38.7814364,55.0862672,38.7813636,55.0862897,38.7810744,55.0864233,38.7808926,55.0864519,38.7809022,55.0865412,38.7809325
55.0864439,38.7816138,55.0863684,38.7815959,55.0862989,38.7814364,55.0862672,38.7813636,55.0862897,38.7810744,55.0864233,38.7808926,55.0864519,38.7809022,55.0865412,38.7809325,55.0865849,38.7809473
55.0863684,38.7815959,55.0862989,38.7814364,55.0862672,38.7813636,55.0862897,38.7810744,55.0864233,38.7808926,55.0864519,38.7809022,55.0865412,38.7809325,55.0865849,38.7809473,55.0865973,38.7809515
55.093084,38.7927875,55.0931678,38.7928325,55.0933005,38.7928502,55.0934234,38.7927367,55.0934886,38.7926425,55.0935303,38.7925824,55.093581,38.7925093,55.0936217,38.7924505,55.0936402,38.7924237
55.0931678,38.7928325,55.0933005,38.7928502,55.0934234,38.7927367,55.0934886,38.7926425,55.0935303,38.7925824,55.093581,38.7925093,55.0936217,38.7924505,55.0936402,38.7924237,55.0937084,38.7923254
55.0933005,38.7928502,55.0934234,38.7927367,55.0934886,38.7926425,55.0935303,38.7925824,55.093581,38.7925093,55.0936217,38.7924505,55.0936402,38.7924237,55.0937084,38.7923254,55.0937683,38.7922389
55.0927257,38.7933524,55.092827,38.7931835,55.0929716,38.7929597,55.0930388,38.7929404,55.0931733,38.793,55.0932572,38.7930305,55.093318,38.7930048,55.0933797,38.7930048,55.0934562,38.7930853
55.092827,38.7931835,55.0929716,38.7929597,55.0930388,38.7929404,55.0931733,38.793,55.0932572,38.7930305,55.093318,38.7930048,55.0933797,38.7930048,55.0934562,38.7930853,55.0935148,38.793204
55.0929716,38.7929597,55.093084,38.7927875,55.0932003,38.7926087,55.0932444,38.7925401,55.0933036,38.7924481,55.0933578,38.7923638,55.0934186,38.7922693,55.0936205,38.791958,55.0937683,38.7922389
55.093084,38.7927875,55.0932003,38.7926087,55.0932444,38.7925401,55.0933036,38.7924481,55.0933578,38.7923638,55.0934186,38.7922693,55.0936205,38.791958,55.0937683,38.7922389,55.0939434,38.7925768
55.0962207,38.784634,55.0961502,38.7846184,55.0959852,38.784582,55.0958514,38.7845296,55.0955991,38.7843973,55.0954222,38.7842679,55.0953787,38.7842362,55.0952619,38.7842689,55.0951885,38.7843817
55.0961502,38.7846184,55.0959852,38.784582,55.0958514,38.7845296,55.0955991,38.7843973,55.0954222,38.7842679,55.0953787,38.7842362,55.0952619,38.7842689,55.0951885,38.7843817,55.0950835,38.7846631
55.0959852,38.784582,55.0958514,38.7845296,55.0955991,38.7843973,55.0954222,38.7842679,55.0953787,38.7842362,55.0952619,38.7842689,55.0951885,38.7843817,55.0950835,38.7846631,55.0949778,38.7848293
55.0958514,38.7845296,55.0955991,38.7843973,55.0954222,38.7842679,55.0953787,38.7842362,55.0952619,38.7842689,55.0951885,38.7843817,55.0950835,38.7846631,55.0949778,38.7848293,55.094788,38.7852402
55.0955991,38.7843973,55.0954222,38.7842679,55.0953787,38.7842362,55.0952619,38.7842689,55.0951885,38.7843817,55.0950835,38.7846631,55.0949778,38.7848293,55.094788,38.7852402,55.0944851,38.7858433
55.0954222,38.7842679,55.0953787,38.7842362,55.0952619,38.7842689,55.0951885,38.7843817,55.0950835,38.7846631,55.0949778,38.7848293,55.094788,38.7852402,55.0944851,38.7858433,55.0943105,38.7861642
55.0824348,38.7571399,55.0827627,38.7559189,55.0830877,38.7548262,55.0832452,38.7542995,55.0832952,38.7541693,55.083336,38.7540628,55.0834539,38.7539043,55.084312,38.7533441,55.08512,38.7528608
55.0827627,38.7559189,55.0830877,38.7548262,55.0832452,38.7542995,55.0832952,38.7541693,55.083336,38.7540628,55.0834539,38.7539043,55.084312,38.7533441,55.08512,38.7528608,55.0869445,38.7515346
55.0830877,38.7548262,55.0832452,38.7542995,55.0832952,38.7541693,55.083336,38.7540628,55.0834539,38.7539043,55.084312,38.7533441,55.08512,38.7528608,55.0869445,38.7515346,55.0872964,38.7518263
55.0832452,38.7542995,55.0832952,38.7541693,55.083336,38.7540628,55.0834539,38.7539043,55.084312,38.7533441,55.08512,38.7528608,55.0869445,38.7515346,55.0872964,38.7518263,55.0891648,38.7533262
55.0832952,38.7541693,55.083336,38.7540628,55.0834539,38.7539043,55.084312,38.7533441,55.08512,38.7528608,55.0869445,38.7515346,55.0872964,38.7518263,55.0891648,38.7533262,55.0904288,38.7543883
55.083336,38.7540628,55.0834539,38.7539043,55.084312,38.7533441,55.08512,38.7528608,55.0869445,38.7515346,55.0872964,38.7518263,55.0891648,38.7533262,55.0904288,38.7543883,55.0905231,38.7544698
55.0838807,38.7635157,55.0839384,38.7632523,55.0841414,38.7625609,55.0844172,38.7616114,55.0844703,38.7614287,55.0845122,38.7614047,55.0846286,38.7610038,55.084669,38.7608648,55.0847314,38.7608292
55.0839384,38.7632523,55.0841414,38.7625609,55.0844172,38.7616114,55.0844703,38.7614287,55.0845122,38.7614047,55.0846286,38.7610038,55.084669,38.7608648,55.0847314,38.7608292,55.0851596,38.7593551
55.0811623,38.7810578,55.0813716,38.7812508,55.0813877,38.7812657,55.0814866,38.7813569,55.0815566,38.7814215,55.0816068,38.7814678,55.0817991,38.7816452,55.0819144,38.7812635,55.0818253,38.7811813
55.0813716,38.7812508,55.0813877,38.7812657,55.0814866,38.7813569,55.0815566,38.7814215,55.0816068,38.7814678,55.0817991,38.7816452,55.0819144,38.7812635,55.0818253,38.7811813,55.081525,38.7809043
55.0915991,38.772097,55.0918551,38.7712415,55.092053,38.7706293,55.0921636,38.7702725,55.0924508,38.7693459,55.0926298,38.7687621,55.0926568,38.7686628,55.0927171,38.7683553,55.0927387,38.768245
55.0918551,38.7712415,55.092053,38.7706293,55.0921636,38.7702725,55.0924508,38.7693459,55.0926298,38.7687621,55.0926568,38.7686628,55.0927171,38.7683553,55.0927387,38.768245,55.0927431,38.7682227
55.092053,38.7706293,55.0921636,38.7702725,55.0924508,38.7693459,55.0926298,38.7687621,55.0926568,38.7686628,55.0927171,38.7683553,55.0927387,38.768245,55.0927431,38.7682227,55.0927537,38.7681689
55.0921636,38.7702725,55.0924508,38.7693459,55.0926298,38.7687621,55.0926568,38.7686628,55.0927171,38.7683553,55.0927387,38.768245,55.0927431,38.7682227,55.0927537,38.7681689,55.0927909,38.7679605
55.0842608,38.7636989,55.0843004,38.7634155,55.0843101,38.763345,55.0843574,38.7630304,55.0844037,38.762887,55.084409,38.7628705,55.0845183,38.762873,55.0851379,38.7632155,55.0856251,38.7634611
55.0843004,38.7634155,55.0843101,38.763345,55.0843574,38.7630304,55.0844037,38.762887,55.084409,38.7628705,55.0845183,38.762873,55.0851379,38.7632155,55.0856251,38.7634611,55.0859182,38.7636169
55.0843101,38.763345,55.0843574,38.7630304,55.0844037,38.762887,55.084409,38.7628705,55.0845183,38.762873,55.0851379,38.7632155,55.0856251,38.7634611,55.0859182,38.7636169,55.085842,38.7640726
55.0843574,38.7630304,55.0844037,38.762887,55.084409,38.7628705,55.0845183,38.762873,55.0851379,38.7632155,55.0856251,38.7634611,55.0859182,38.7636169,55.085842,38.7640726,55.0858159,38.7642247
55.0844037,38.762887,55.084409,38.7628705,55.0845183,38.762873,55.0851379,38.7632155,55.0856251,38.7634611,55.0859182,38.7636169,55.085842,38.7640726,55.0858159,38.7642247,55.0857815,38.7644344
55.0895205,38.7615957,55.089445,38.7616183,55.0892588,38.7619975,55.0892007,38.7620466,55.0891218,38.7621119,55.0890777,38.7621841,55.0890396,38.7622464,55.0889472,38.7623323,55.0889227,38.7624786
55.0901935,38.7561519,55.0904466,38.7563414,55.0908333,38.7566886,55.0911054,38.756926,55.0913493,38.7571589,55.091818,38.7576063,55.09207,38.7578482,55.0926273,38.7583352,55.0928657,38.7585454
55.0904466,38.7563414,55.0908333,38.7566886,55.0911054,38.756926,55.0913493,38.7571589,55.091818,38.7576063,55.09207,38.7578482,55.0926273,38.7583352,55.0928657,38.7585454,55.0933164,38.7590778
55.0908333,38.7566886,55.0911054,38.756926,55.0913493,38.7571589,55.091818,38.7576063,55.09207,38.7578482,55.0926273,38.7583352,55.0928657,38.7585454,55.0933164,38.7590778,55.0933867,38.75909
55.0911054,38.756926,55.0913493,38.7571589,55.091818,38.7576063,55.09207,38.7578482,55.0926273,38.7583352,55.0928657,38.7585454,55.0933164,38.7590778,55.0933867,38.75909,55.0936415,38.7594856
55.0913493,38.7571589,55.091818,38.7576063,55.09207,38.7578482,55.0926273,38.7583352,55.0928657,38.7585454,55.0933164,38.7590778,55.0933867,38.75909,55.0936415,38.7594856,55.0936738,38.7595964
55.091818,38.7576063,55.09207,38.7578482,55.0926273,38.7583352,55.0928657,38.7585454,55.0933164,38.7590778,55.0933867,38.75909,55.0936415,38.7594856,55.0936738,38.7595964,55.0937365,38.7597073
55.09207,38.7578482,55.0926273,38.7583352,55.0928657,38.7585454,55.0933164,38.7590778,55.0933867,38.75909,55.0936415,38.7594856,55.0936738,38.7595964,55.0937365,38.7597073,55.0938567,38.7599197
55.0926273,38.7583352,55.0928657,38.7585454,55.0933164,38.7590778,55.0933867,38.75909,55.0936415,38.7594856,55.0936738,38.7595964,55.0937365,38.7597073,55.0938567,38.7599197,55.0943258,38.760655
55.0928657,38.7585454,55.0933164,38.7590778,55.0933867,38.75909,55.0936415,38.7594856,55.0936738,38.7595964,55.0937365,38.7597073,55.0938567,38.7599197,55.0943258,38.760655,55.0945101,38.7609524
55.0933164,38.7590778,55.0933867,38.75909,55.0936415,38.7594856,55.0936738,38.7595964,55.0937365,38.7597073,55.0938567,38.7599197,55.0943258,38.760655,55.0945101,38.7609524,55.0951096,38.7618838
55.0933867,38.75909,55.0936415,38.7594856,55.0936738,38.7595964,55.0937365,38.7597073,55.0938567,38.7599197,55.0943258,38.760655,55.0945101,38.7609524,55.0951096,38.7618838,55.0951588,38.7619633
55.0936415,38.7594856,55.0936738,38.7595964,55.0937365,38.7597073,55.0938567,38.7599197,55.0943258,38.760655,55.0945101,38.7609524,55.0951096,38.7618838,55.0951588,38.7619633,55.0952914,38.7621749
55.0936738,38.7595964,55.0937365,38.7597073,55.0938567,38.7599197,55.0943258,38.760655,55.0945101,38.7609524,55.0951096,38.7618838,55.0951588,38.7619633,55.0952914,38.7621749,55.0953347,38.762242
55.0937365,38.7597073,55.0938567,38.7599197,55.0943258,38.760655,55.0945101,38.7609524,55.0951096,38.7618838,55.0951588,38.7619633,55.0952914,38.7621749,55.0953347,38.762242,55.0954478,38.7624263
55.0938567,38.7599197,55.0943258,38.760655,55.0945101,38.7609524,55.0951096,38.7618838,55.0951588,38.7619633,55.0952914,38.7621749,55.0953347,38.762242,55.0954478,38.7624263,55.0954707,38.7625087
55.0943258,38.760655,55.0945101,38.7609524,55.0951096,38.7618838,55.0951588,38.7619633,55.0952914,38.7621749,55.0953347,38.762242,55.0954478,38.7624263,55.0954707,38.7625087,55.0954918,38.7625651
55.0945101,38.7609524,55.0951096,38.7618838,55.0951588,38.7619633,55.0952914,38.7621749,55.0953347,38.762242,55.0954478,38.7624263,55.0954707,38.7625087,55.0954918,38.7625651,55.095547,38.7626562
55.0951096,38.7618838,55.0951588,38.7619633,55.0952914,38.7621749,55.0953347,38.762242,55.0954478,38.7624263,55.0954707,38.7625087,55.0954918,38.7625651,55.095547,38.7626562,55.0955672,38.7626895
55.0951588,38.7619633,55.0952914,38.7621749,55.0953347,38.762242,55.0954478,38.7624263,55.0954707,38.7625087,55.0954918,38.7625651,55.095547,38.7626562,55.0955672,38.7626895,55.0956232,38.7627819
55.0952914,38.7621749,55.0953347,38.762242,55.0954478,38.7624263,55.0954707,38.7625087,55.0954918,38.7625651,55.095547,38.7626562,55.0955672,38.7626895,55.0956232,38.7627819,55.0956374,38.7629257
55.0953347,38.762242,55.0954478,38.7624263,55.0954707,38.7625087,55.0954918,38.7625651,55.095547,38.7626562,55.0955672,38.7626895,55.0956232,38.7627819,55.0956374,38.7629257,55.0959511,38.7634565
55.0954478,38.7624263,55.0954707,38.7625087,55.0954918,38.7625651,55.095547,38.7626562,55.0955672,38.7626895,55.0956232,38.7627819,55.0956374,38.7629257,55.0959511,38.7634565,55.0960346,38.7635953
55.0954707,38.7625087,55.0954918,38.7625651,55.095547,38.7626562,55.0955672,38.7626895,55.0956232,38.7627819,55.0956374,38.7629257,55.0959511,38.7634565,55.0960346,38.7635953,55.0962186,38.7639013
55.0954918,38.7625651,55.095547,38.7626562,55.0955672,38.7626895,55.0956232,38.7627819,55.0956374,38.7629257,55.0959511,38.7634565,55.0960346,38.7635953,55.0962186,38.7639013,55.0962699,38.7638991
55.095547,38.7626562,55.0955672,38.7626895,55.0956232,38.7627819,55.0956374,38.7629257,55.0959511,38.7634565,55.0960346,38.7635953,55.0962186,38.7639013,55.0962699,38.7638991,55.0963262,38.7639927
55.0942658,38.7613545,55.0942922,38.7612781,55.0943264,38.7612089,55.0943813,38.7611775,55.0945101,38.7609524,55.0945682,38.7608462,55.0946155,38.760754,55.0951722,38.7596894,55.0954963,38.7590891
55.0942922,38.7612781,55.0943264,38.7612089,55.0943813,38.7611775,55.0945101,38.7609524,55.0945682,38.7608462,55.0946155,38.760754,55.0951722,38.7596894,55.0954963,38.7590891,55.0955526,38.7589871
55.0943264,38.7612089,55.0943813,38.7611775,55.0945101,38.7609524,55.0945682,38.7608462,55.0946155,38.760754,55.0951722,38.7596894,55.0954963,38.7590891,55.0955526,38.7589871,55.0960464,38.7580452
55.0943813,38.7611775,55.0945101,38.7609524,55.0945682,38.7608462,55.0946155,38.760754,55.0951722,38.7596894,55.0954963,38.7590891,55.0955526,38.7589871,55.0960464,38.7580452,55.0962236,38.7577343
55.0945101,38.7609524,55.0945682,38.7608462,55.0946155,38.760754,55.0951722,38.7596894,55.0954963,38.7590891,55.0955526,38.7589871,55.0960464,38.7580452,55.0962236,38.7577343,55.0967596,38.7567404
55.0901144,38.7595994,55.0901487,38.7594816,55.0902166,38.7592582,55.090315,38.758938,55.0905005,38.7583341,55.0907874,38.7585968,55.0908898,38.7586906,55.0910662,38.7581026,55.0913493,38.7571589
55.0901487,38.7594816,55.0902166,38.7592582,55.090315,38.758938,55.0905005,38.7583341,55.0907874,38.7585968,55.0908898,38.7586906,55.0910662,38.7581026,55.0913493,38.7571589,55.09138,38.7570571
55.0907721,38.7662859,55.0907439,38.7662482,55.0907127,38.7662333,55.0906525,38.7662045,55.0905156,38.766139,55.0905087,38.7661831,55.0901297,38.7660018,55.0900467,38.7659819,55.0895157,38.7657329
55.0907439,38.7662482,55.0907127,38.7662333,55.0906525,38.7662045,55.0905156,38.766139,55.0905087,38.7661831,55.0901297,38.7660018,55.0900467,38.7659819,55.0895157,38.7657329,55.0892991,38.7656313
55.0933351,38.7680577,55.0934845,38.7673336,55.0935937,38.7670379,55.0936406,38.7669115,55.0936976,38.7667695,55.0937898,38.7665844,55.0941898,38.7657897,55.0942786,38.7656134,55.0944403,38.765862
55.0934845,38.7673336,55.0935937,38.7670379,55.0936406,38.7669115,55.0936976,38.7667695,55.0937898,38.7665844,55.0941898,38.7657897,55.0942786,38.7656134,55.0944403,38.765862,55.0944826,38.7658573
55.0935937,38.7670379,55.0936406,38.7669115,55.0936976,38.7667695,55.0937898,38.7665844,55.0941898,38.7657897,55.0942786,38.7656134,55.0944403,38.765862,55.0944826,38.7658573,55.0945455,38.765954
55.0936406,38.7669115,55.0936976,38.7667695,55.0937898,38.7665844,55.0941898,38.7657897,55.0942786,38.7656134,55.0944403,38.765862,55.0944826,38.7658573,55.0945455,38.765954,55.094572,38.7660909
55.0936976,38.7667695,55.0937898,38.7665844,55.0941898,38.7657897,55.0942786,38.7656134,55.0944403,38.765862,55.0944826,38.7658573,55.0945455,38.765954,55.094572,38.7660909,55.0946643,38.7662329
55.0935403,38.7665638,55.093506,38.7665046,55.0934926,38.7664814,55.0934471,38.766403,55.0934157,38.7663488,55.0933591,38.7662512,55.0932289,38.7660284,55.0931334,38.7658623,55.093085,38.7657783
55.093506,38.7665046,55.0934926,38.7664814,55.0934471,38.766403,55.0934157,38.7663488,55.0933591,38.7662512,55.0932289,38.7660284,55.0931334,38.7658623,55.093085,38.7657783,55.0930062,38.765641
55.0953347,38.762242,55.0951375,38.7626089,55.0949001,38.7630507,55.0946372,38.7635398,55.094397,38.7639868,55.0941857,38.7643852,55.0939535,38.764812,55.0937054,38.7652736,55.0936877,38.7653064
55.0952914,38.7621749,55.095171,38.7623975,55.0950797,38.7625662,55.0950434,38.7626333,55.0948936,38.7629103,55.0947781,38.7631239,55.094656,38.7633495,55.094542,38.7635602,55.0943885,38.763844
55.095171,38.7623975,55.0950797,38.7625662,55.0950434,38.7626333,55.0948936,38.7629103,55.0947781,38.7631239,55.094656,38.7633495,55.094542,38.7635602,55.0943885,38.763844,55.0941026,38.7643724
55.0950797,38.7625662,55.0950434,38.7626333,55.0948936,38.7629103,55.0947781,38.7631239,55.094656,38.7633495,55.094542,38.7635602,55.0943885,38.763844,55.0941026,38.7643724,55.0939582,38.7646395
55.0950434,38.7626333,55.0948936,38.7629103,55.0947781,38.7631239,55.094656,38.7633495,55.094542,38.7635602,55.0943885,38.763844,55.0941026,38.7643724,55.0939582,38.7646395,55.093642,38.7652239
55.090099,38.7666318,55.0898782,38.7665196,55.0892057,38.7661777,55.0890578,38.7661026,55.0889931,38.7660697,55.0883942,38.7657652,55.0880583,38.7655945,55.0878221,38.7654774,55.087696,38.7654104
55.0829789,38.7663174,55.0830452,38.766347,55.083123,38.7664146,55.0832291,38.7665074,55.0834375,38.7666889,55.0835521,38.7667899,55.0836384,38.7668697,55.0838092,38.7670277,55.0838213,38.7670389
55.0830452,38.766347,55.083123,38.7664146,55.0832291,38.7665074,55.0834375,38.7666889,55.0835521,38.7667899,55.0836384,38.7668697,55.0838092,38.7670277,55.0838213,38.7670389,55.08384,38.7670561
55.083123,38.7664146,55.0832291,38.7665074,55.0834375,38.7666889,55.0835521,38.7667899,55.0836384,38.7668697,55.0838092,38.7670277,55.0838213,38.7670389,55.08384,38.7670561,55.0840479,38.76726
55.0832291,38.7665074,55.0834375,38.7666889,55.0835521,38.7667899,55.0836384,38.7668697,55.0838092,38.7670277,55.0838213,38.7670389,55.08384,38.7670561,55.0840479,38.76726,55.0842552,38.7674954
55.0834375,38.7666889,55.0835521,38.7667899,55.0836384,38.7668697,55.0838092,38.7670277,55.0838213,38.7670389,55.08384,38.7670561,55.0840479,38.76726,55.0842552,38.7674954,55.0844066,38.7677204
55.0835521,38.7667899,55.0836384,38.7668697,55.0838092,38.7670277,55.0838213,38.7670389,55.08384,38.7670561,55.0840479,38.76726,55.0842552,38.7674954,55.0844066,38.7677204,55.0844583,38.7678675
55.0836384,38.7668697,55.0838092,38.7670277,55.0838213,38.7670389,55.08384,38.7670561,55.0840479,38.76726,55.0842552,38.7674954,55.0844066,38.7677204,55.0844583,38.7678675,55.0844714,38.7679875
55.0838092,38.7670277,55.0838213,38.7670389,55.08384,38.7670561,55.0840479,38.76726,55.0842552,38.7674954,55.0844066,38.7677204,55.0844583,38.7678675,55.0844714,38.7679875,55.0844722,38.7681319
55.0838213,38.7670389,55.08384,38.7670561,55.0840479,38.76726,55.0842552,38.7674954,55.0844066,38.7677204,55.0844583,38.7678675,55.0844714,38.7679875,55.0844722,38.7681319,55.0845161,38.7681723
55.08384,38.7670561,55.0840479,38.76726,55.0842552,38.7674954,55.0844066,38.7677204,55.0844583,38.7678675,55.0844714,38.7679875,55.0844722,38.7681319,55.0845161,38.7681723,55.0846704,38.7683144
55.0840479,38.76726,55.0842552,38.7674954,55.0844066,38.7677204,55.0844583,38.7678675,55.0844714,38.7679875,55.0844722,38.7681319,55.0845161,38.7681723,55.0846704,38.7683144,55.0847644,38.7684009
55.0842552,38.7674954,55.0844066,38.7677204,55.0844583,38.7678675,55.0844714,38.7679875,55.0844722,38.7681319,55.0845161,38.7681723,55.0846704,38.7683144,55.0847644,38.7684009,55.0848241,38.7684559
55.0844066,38.7677204,55.0844583,38.7678675,55.0844714,38.7679875,55.0844722,38.7681319,55.0845161,38.7681723,55.0846704,38.7683144,55.0847644,38.7684009,55.0848241,38.7684559,55.0849181,38.7685424
55.0844583,38.7678675,55.0844714,38.7679875,55.0844722,38.7681319,55.0845161,38.7681723,55.0846704,38.7683144,55.0847644,38.7684009,55.0848241,38.7684559,55.0849181,38.7685424,55.0850304,38.7686387
55.096254,38.7842161,55.0965026,38.7845436,55.0969078,38.7851736,55.0971922,38.7855805,55.0975168,38.7859914,55.0978504,38.7862614,55.0981948,38.7862907,55.0982167,38.7865602,55.0982268,38.7867703
55.0965026,38.7845436,55.0969078,38.7851736,55.0971922,38.7855805,55.0975168,38.7859914,55.0978504,38.7862614,55.0981948,38.7862907,55.0982167,38.7865602,55.0982268,38.7867703,55.0983708,38.7869418
55.0969078,38.7851736,55.0971922,38.7855805,55.0975168,38.7859914,55.0978504,38.7862614,55.0981948,38.7862907,55.0982167,38.7865602,55.0982268,38.7867703,55.0983708,38.7869418,55.098583,38.7870387
55.0971922,38.7855805,55.0975168,38.7859914,55.0978504,38.7862614,55.0981948,38.7862907,55.0982167,38.7865602,55.0982268,38.7867703,55.0983708,38.7869418,55.098583,38.7870387,55.0988268,38.7870608
55.0975168,38.7859914,55.0978504,38.7862614,55.0981948,38.7862907,55.0982167,38.7865602,55.0982268,38.7867703,55.0983708,38.7869418,55.098583,38.7870387,55.0988268,38.7870608,55.0990816,38.7870165
55.0978504,38.7862614,55.0981948,38.7862907,55.0982167,38.7865602,55.0982268,38.7867703,55.0983708,38.7869418,55.098583,38.7870387,55.0988268,38.7870608,55.0990816,38.7870165,55.0995896,38.7870525
55.0981948,38.7862907,55.0982167,38.7865602,55.0982268,38.7867703,55.0983708,38.7869418,55.098583,38.7870387,55.0988268,38.7870608,55.0990816,38.7870165,55.0995896,38.7870525,55.0999165,38.7869116
55.0982167,38.7865602,55.0982268,38.7867703,55.0983708,38.7869418,55.098583,38.7870387,55.0988268,38.7870608,55.0990816,38.7870165,55.0995896,38.7870525,55.0999165,38.7869116,55.1002567,38.7867434
55.0982268,38.7867703,55.0983708,38.7869418,55.098583,38.7870387,55.0988268,38.7870608,55.0990816,38.7870165,55.0995896,38.7870525,55.0999165,38.7869116,55.1002567,38.7867434,55.1004448,38.7864695
55.0983708,38.7869418,55.098583,38.7870387,55.0988268,38.7870608,55.0990816,38.7870165,55.0995896,38.7870525,55.0999165,38.7869116,55.1002567,38.7867434,55.1004448,38.7864695,55.1016425,38.7856125
55.0970484,38.7947468,55.097191,38.7945297,55.0974025,38.794271,55.0976352,38.7941354,55.0977868,38.7941231,55.0978996,38.7941847,55.0980124,38.7941847,55.0981076,38.7940985,55.0981569,38.7939506
55.097191,38.7945297,55.0974025,38.794271,55.0976352,38.7941354,55.0977868,38.7941231,55.0978996,38.7941847,55.0980124,38.7941847,55.0981076,38.7940985,55.0981569,38.7939506,55.0983297,38.7929833
55.0974025,38.794271,55.0976352,38.7941354,55.0977868,38.7941231,55.0978996,38.7941847,55.0980124,38.7941847,55.0981076,38.7940985,55.0981569,38.7939506,55.0983297,38.7929833,55.0984107,38.7926999
55.0976352,38.7941354,55.0977868,38.7941231,55.0978996,38.7941847,55.0980124,38.7941847,55.0981076,38.7940985,55.0981569,38.7939506,55.0983297,38.7929833,55.0984107,38.7926999,55.099641,38.7907714
55.0977868,38.7941231,55.0978996,38.7941847,55.0980124,38.7941847,55.0981076,38.7940985,55.0981569,38.7939506,55.0983297,38.7929833,55.0984107,38.7926999,55.099641,38.7907714,55.1012203,38.7888922
55.0978996,38.7941847,55.0980124,38.7941847,55.0981076,38.7940985,55.0981569,38.7939506,55.0983297,38.7929833,55.0984107,38.7926999,55.099641,38.7907714,55.1012203,38.7888922,55.1019746,38.7880913
55.0980124,38.7941847,55.0981076,38.7940985,55.0981569,38.7939506,55.0983297,38.7929833,55.0984107,38.7926999,55.099641,38.7907714,55.1012203,38.7888922,55.1019746,38.7880913,55.1025386,38.7874505
55.0981076,38.7940985,55.0981569,38.7939506,55.0983297,38.7929833,55.0984107,38.7926999,55.099641,38.7907714,55.1012203,38.7888922,55.1019746,38.7880913,55.1025386,38.7874505,55.1029545,38.7869391
55.0981569,38.7939506,55.0983297,38.7929833,55.0984107,38.7926999,55.099641,38.7907714,55.1012203,38.7888922,55.1019746,38.7880913,55.1025386,38.7874505,55.1029545,38.7869391,55.1031096,38.7865941
55.0983297,38.7929833,55.0984107,38.7926999,55.099641,38.7907714,55.1012203,38.7888922,55.1019746,38.7880913,55.1025386,38.7874505,55.1029545,38.7869391,55.1031096,38.7865941,55.1031907,38.7862059
55.0922013,38.7929618,55.0924215,38.7931349,55.0925537,38.7932388,55.0927257,38.7933524,55.0929178,38.7934696,55.0930005,38.7934999,55.0930616,38.7935234,55.0931153,38.7935246,55.0932096,38.7935005
55.0924215,38.7931349,55.0925537,38.7932388,55.0927257,38.7933524,55.0929178,38.7934696,55.0930005,38.7934999,55.0930616,38.7935234,55.0931153,38.7935246,55.0932096,38.7935005,55.0933222,38.7934346
55.0925537,38.7932388,55.0927257,38.7933524,55.0929178,38.7934696,55.0930005,38.7934999,55.0930616,38.7935234,55.0931153,38.7935246,55.0932096,38.7935005,55.0933222,38.7934346,55.0935148,38.793204
55.0927257,38.7933524,55.0929178,38.7934696,55.0930005,38.7934999,55.0930616,38.7935234,55.0931153,38.7935246,55.0932096,38.7935005,55.0933222,38.7934346,55.0935148,38.793204,55.093823,38.7927735
55.0929178,38.7934696,55.0930005,38.7934999,55.0930616,38.7935234,55.0931153,38.7935246,55.0932096,38.7935005,55.0933222,38.7934346,55.0935148,38.793204,55.093823,38.7927735,55.0939434,38.7925768
55.0930005,38.7934999,55.0930616,38.7935234,55.0931153,38.7935246,55.0932096,38.7935005,55.0933222,38.7934346,55.0935148,38.793204,55.093823,38.7927735,55.0939434,38.7925768,55.0944557,38.791795
55.0930616,38.7935234,55.0931153,38.7935246,55.0932096,38.7935005,55.0933222,38.7934346,55.0935148,38.793204,55.093823,38.7927735,55.0939434,38.7925768,55.0944557,38.791795,55.0946941,38.7914131
55.0931153,38.7935246,55.0932096,38.7935005,55.0933222,38.7934346,55.0935148,38.793204,55.093823,38.7927735,55.0939434,38.7925768,55.0944557,38.791795,55.0946941,38.7914131,55.0950551,38.7908099
55.0932096,38.7935005,55.0933222,38.7934346,55.0935148,38.793204,55.093823,38.7927735,55.0939434,38.7925768,55.0944557,38.791795,55.0946941,38.7914131,55.0950551,38.7908099,55.0954767,38.7901002
55.0933222,38.7934346,55.0935148,38.793204,55.093823,38.7927735,55.0939434,38.7925768,55.0944557,38.791795,55.0946941,38.7914131,55.0950551,38.7908099,55.0954767,38.7901002,55.0958453,38.7894608
55.0935148,38.793204,55.093823,38.7927735,55.0939434,38.7925768,55.0944557,38.791795,55.0946941,38.7914131,55.0950551,38.7908099,55.0954767,38.7901002,55.0958453,38.7894608,55.0961595,38.7888844
55.093823,38.7927735,55.0939434,38.7925768,55.0944557,38.791795,55.0946941,38.7914131,55.0950551,38.7908099,55.0954767,38.7901002,55.0958453,38.7894608,55.0961595,38.7888844,55.0967563,38.7876803
55.0939434,38.7925768,55.0944557,38.791795,55.0946941,38.7914131,55.0950551,38.7908099,55.0954767,38.7901002,55.0958453,38.7894608,55.0961595,38.7888844,55.0967563,38.7876803,55.0970463,38.7869783
55.0944557,38.791795,55.0946941,38.7914131,55.0950551,38.7908099,55.0954767,38.7901002,55.0958453,38.7894608,55.0961595,38.7888844,55.0967563,38.7876803,55.0970463,38.7869783,55.0970923,38.786794
55.0946941,38.7914131,55.0950551,38.7908099,55.0954767,38.7901002,55.0958453,38.7894608,55.0961595,38.7888844,55.0967563,38.7876803,55.0970463,38.7869783,55.0970923,38.786794,55.0969257,38.7864006
55.0950551,38.7908099,55.0954767,38.7901002,55.0958453,38.7894608,55.0961595,38.7888844,55.0967563,38.7876803,55.0970463,38.7869783,55.0970923,38.786794,55.0969257,38.7864006,55.0967408,38.7855725
55.0954767,38.7901002,55.0958453,38.7894608,55.0961595,38.7888844,55.0967563,38.7876803,55.0970463,38.7869783,55.0970923,38.786794,55.0969257,38.7864006,55.0967408,38.7855725,55.0965303,38.7850986
55.0958453,38.7894608,55.0961595,38.7888844,55.0967563,38.7876803,55.0970463,38.7869783,55.0970923,38.786794,55.0969257,38.7864006,55.0967408,38.7855725,55.0965303,38.7850986,55.0962207,38.784634
55.0797823,38.767577,55.0799042,38.7673375,55.080203,38.7669119,55.0806031,38.7672922,55.0806217,38.7677148,55.0808771,38.7679507,55.0811357,38.7681703,55.0820056,38.7689085,55.0820825,38.7689738
55.0799042,38.7673375,55.080203,38.7669119,55.0806031,38.7672922,55.0806217,38.7677148,55.0808771,38.7679507,55.0811357,38.7681703,55.0820056,38.7689085,55.0820825,38.7689738,55.0821793,38.7690777
55.080203,38.7669119,55.0806031,38.7672922,55.0806217,38.7677148,55.0808771,38.7679507,55.0811357,38.7681703,55.0820056,38.7689085,55.0820825,38.7689738,55.0821793,38.7690777,55.0822401,38.7691384
55.0806031,38.7672922,55.0806217,38.7677148,55.0808771,38.7679507,55.0811357,38.7681703,55.0820056,38.7689085,55.0820825,38.7689738,55.0821793,38.7690777,55.0822401,38.7691384,55.082327,38.7692124
55.0806217,38.7677148,55.0808771,38.7679507,55.0811357,38.7681703,55.0820056,38.7689085,55.0820825,38.7689738,55.0821793,38.7690777,55.0822401,38.7691384,55.082327,38.7692124,55.0824266,38.7693186
55.0808771,38.7679507,55.0811357,38.7681703,55.0820056,38.7689085,55.0820825,38.7689738,55.0821793,38.7690777,55.0822401,38.7691384,55.082327,38.7692124,55.0824266,38.7693186,55.0825198,38.7694124
55.0811357,38.7681703,55.0820056,38.7689085,55.0820825,38.7689738,55.0821793,38.7690777,55.0822401,38.7691384,55.082327,38.7692124,55.0824266,38.7693186,55.0825198,38.7694124,55.0826254,38.7694994
55.0820056,38.7689085,55.0820825,38.7689738,55.0821793,38.7690777,55.0822401,38.7691384,55.082327,38.7692124,55.0824266,38.7693186,55.0825198,38.7694124,55.0826254,38.7694994,55.0829037,38.7697564
55.0820825,38.7689738,55.0821793,38.7690777,55.0822401,38.7691384,55.082327,38.7692124,55.0824266,38.7693186,55.0825198,38.7694124,55.0826254,38.7694994,55.0829037,38.7697564,55.0829714,38.7698188
55.0821793,38.7690777,55.0822401,38.7691384,55.082327,38.7692124,55.0824266,38.7693186,55.0825198,38.7694124,55.0826254,38.7694994,55.0829037,38.7697564,55.0829714,38.7698188,55.0835255,38.7704503
55.0822401,38.7691384,55.082327,38.7692124,55.0824266,38.7693186,55.0825198,38.7694124,55.0826254,38.7694994,55.0829037,38.7697564,55.0829714,38.7698188,55.0835255,38.7704503,55.0839014,38.7711396
55.082327,38.7692124,55.0824266,38.7693186,55.0825198,38.7694124,55.0826254,38.7694994,55.0829037,38.7697564,55.0829714,38.7698188,55.0835255,38.7704503,55.0839014,38.7711396,55.0841781,38.7716922
55.0824266,38.7693186,55.0825198,38.7694124,55.0826254,38.7694994,55.0829037,38.7697564,55.0829714,38.7698188,55.0835255,38.7704503,55.0839014,38.7711396,55.0841781,38.7716922,55.0843082,38.771976
55.0825198,38.7694124,55.0826254,38.7694994,55.0829037,38.7697564,55.0829714,38.7698188,55.0835255,38.7704503,55.0839014,38.7711396,55.0841781,38.7716922,55.0843082,38.771976,55.0844352,38.7723122
55.0826254,38.7694994,55.0829037,38.7697564,55.0829714,38.7698188,55.0835255,38.7704503,55.0839014,38.7711396,55.0841781,38.7716922,55.0843082,38.771976,55.0844352,38.7723122,55.0846152,38.7727977
55.0829037,38.7697564,55.0829714,38.7698188,55.0835255,38.7704503,55.0839014,38.7711396,55.0841781,38.7716922,55.0843082,38.771976,55.0844352,38.7723122,55.0846152,38.7727977,55.0850501,38.7735759
55.0829714,38.7698188,55.0835255,38.7704503,55.0839014,38.7711396,55.0841781,38.7716922,55.0843082,38.771976,55.0844352,38.7723122,55.0846152,38.7727977,55.0850501,38.7735759,55.0852158,38.7738532
55.0901583,38.7721542,55.0900277,38.7725445,55.0899161,38.7728845,55.0898763,38.7730242,55.0896913,38.7736425,55.0895899,38.7739995,55.0891696,38.7754791,55.0887424,38.7769831,55.0883233,38.7784048
55.0900277,38.7725445,55.0899161,38.7728845,55.0898763,38.7730242,55.0896913,38.7736425,55.0895899,38.7739995,55.0891696,38.7754791,55.0887424,38.7769831,55.0883233,38.7784048,55.0882916,38.7785186
55.0740121,38.7614689,55.0742774,38.7615515,55.0744055,38.7615562,55.0745869,38.7616155,55.0747425,38.7617209,55.0748859,38.7619578,55.075063,38.7620206,55.0752388,38.7620957,55.0753261,38.7623705
55.0742774,38.7615515,55.0744055,38.7615562,55.0745869,38.7616155,55.0747425,38.7617209,55.0748859,38.7619578,55.075063,38.7620206,55.0752388,38.7620957,55.0753261,38.7623705,55.0755221,38.7624738
55.0779258,38.7692644,55.0779525,38.7691713,55.0780515,38.7688266,55.0779422,38.7687308,55.0779166,38.7687084,55.0773538,38.7682152,55.0771942,38.7680753,55.0773377,38.7675755,55.0774052,38.7673404
55.0779525,38.7691713,55.0780515,38.7688266,55.0779422,38.7687308,55.0779166,38.7687084,55.0773538,38.7682152,55.0771942,38.7680753,55.0773377,38.7675755,55.0774052,38.7673404,55.0775633,38.7667899
55.0786607,38.7734036,55.0782721,38.7730645,55.0779261,38.7742749,55.0778714,38.7744659,55.0779562,38.7745399,55.0776515,38.7756055,55.0774909,38.7761671,55.0775143,38.7761876,55.0774089,38.7765785
55.0791796,38.7700222,55.0793473,38.7708226,55.0793897,38.7710043,55.0792397,38.7714803,55.0790204,38.772172,55.0788665,38.772708,55.0786607,38.7734036,55.0785571,38.7737583,55.0784575,38.7740991
55.0793473,38.7708226,55.0793897,38.7710043,55.0792397,38.7714803,55.0790204,38.772172,55.0788665,38.772708,55.0786607,38.7734036,55.0785571,38.7737583,55.0784575,38.7740991,55.0783082,38.7746104
55.0793897,38.7710043,55.0792397,38.7714803,55.0790204,38.772172,55.0788665,38.772708,55.0786607,38.7734036,55.0785571,38.7737583,55.0784575,38.7740991,55.0783082,38.7746104,55.078238,38.7749437
55.0792397,38.7714803,55.0790204,38.772172,55.0788665,38.772708,55.0786607,38.7734036,55.0785571,38.7737583,55.0784575,38.7740991,55.0783082,38.7746104,55.078238,38.7749437,55.0782232,38.775127
55.0790204,38.772172,55.0788665,38.772708,55.0786607,38.7734036,55.0785571,38.7737583,55.0784575,38.7740991,55.0783082,38.7746104,55.078238,38.7749437,55.0782232,38.775127,55.0782353,38.7752756
55.0738257,38.7629463,55.0739764,38.761824,55.0740121,38.7614689,55.0740517,38.7609673,55.0740806,38.760871,55.0741135,38.7608248,55.0741677,38.7607487,55.074246,38.7607041,55.0742746,38.7607153
55.0739764,38.761824,55.0740121,38.7614689,55.0740517,38.7609673,55.0740806,38.760871,55.0741135,38.7608248,55.0741677,38.7607487,55.074246,38.7607041,55.0742746,38.7607153,55.0745979,38.7608419
55.0740121,38.7614689,55.0740517,38.7609673,55.0740806,38.760871,55.0741135,38.7608248,55.0741677,38.7607487,55.074246,38.7607041,55.0742746,38.7607153,55.0745979,38.7608419,55.0751919,38.7610944
55.0740517,38.7609673,55.0740806,38.760871,55.0741135,38.7608248,55.0741677,38.7607487,55.074246,38.7607041,55.0742746,38.7607153,55.0745979,38.7608419,55.0751919,38.7610944,55.0756941,38.7613061
55.0740806,38.760871,55.0741135,38.7608248,55.0741677,38.7607487,55.074246,38.7607041,55.0742746,38.7607153,55.0745979,38.7608419,55.0751919,38.7610944,55.0756941,38.7613061,55.0770129,38.7618702
55.0741135,38.7608248,55.0741677,38.7607487,55.074246,38.7607041,55.0742746,38.7607153,55.0745979,38.7608419,55.0751919,38.7610944,55.0756941,38.7613061,55.0770129,38.7618702,55.0772516,38.7619718
55.0741677,38.7607487,55.074246,38.7607041,55.0742746,38.7607153,55.0745979,38.7608419,55.0751919,38.7610944,55.0756941,38.7613061,55.0770129,38.7618702,55.0772516,38.7619718,55.0773318,38.7620144
55.0789707,38.7663182,55.0789162,38.7664042,55.0788369,38.7666931,55.0787537,38.7670151,55.0787436,38.7670856,55.0787878,38.7674585,55.0787699,38.7676836,55.0787378,38.7680854,55.0787052,38.7681158
55.0779484,38.766192,55.0779398,38.7663838,55.0779398,38.7666064,55.0782436,38.7678903,55.0782877,38.7681129,55.0782926,38.7683925,55.0782583,38.768792,55.0782273,38.7690973,55.0782692,38.7694457
55.0781604,38.7713098,55.0781204,38.7712692,55.0778378,38.7710159,55.0776654,38.7708642,55.0776038,38.7708101,55.0774186,38.7706473,55.0774068,38.7706371,55.0762567,38.769608,55.0756778,38.7691037
55.0781204,38.7712692,55.0778378,38.7710159,55.0776654,38.7708642,55.0776038,38.7708101,55.0774186,38.7706473,55.0774068,38.7706371,55.0762567,38.769608,55.0756778,38.7691037,55.0750946,38.7686198
55.0778378,38.7710159,55.0776654,38.7708642,55.0776038,38.7708101,55.0774186,38.7706473,55.0774068,38.7706371,55.0762567,38.769608,55.0756778,38.7691037,55.0750946,38.7686198,55.0749294,38.7684661
55.0776654,38.7708642,55.0776038,38.7708101,55.0774186,38.7706473,55.0774068,38.7706371,55.0762567,38.769608,55.0756778,38.7691037,55.0750946,38.7686198,55.0749294,38.7684661,55.0740878,38.767813
55.0776038,38.7708101,55.0774186,38.7706473,55.0774068,38.7706371,55.0762567,38.769608,55.0756778,38.7691037,55.0750946,38.7686198,55.0749294,38.7684661,55.0740878,38.767813,55.0736007,38.7674081
55.078827,38.7616405,55.0800342,38.7618889,55.0802837,38.7619913,55.0808487,38.762217,55.080945,38.7622629,55.0810419,38.7622997,55.0825361,38.7628135,55.082614,38.762818,55.0826524,38.7628202
55.0800342,38.7618889,55.0802837,38.7619913,55.0808487,38.762217,55.080945,38.7622629,55.0810419,38.7622997,55.0825361,38.7628135,55.082614,38.762818,55.0826524,38.7628202,55.0832255,38.7629734
55.0802837,38.7619913,55.0808487,38.762217,55.080945,38.7622629,55.0810419,38.7622997,55.0825361,38.7628135,55.082614,38.762818,55.0826524,38.7628202,55.0832255,38.7629734,55.0832952,38.7630029
55.0808487,38.762217,55.080945,38.7622629,55.0810419,38.7622997,55.0825361,38.7628135,55.082614,38.762818,55.0826524,38.7628202,55.0832255,38.7629734,55.0832952,38.7630029,55.083616,38.7631244
55.080945,38.7622629,55.0810419,38.7622997,55.0825361,38.7628135,55.082614,38.762818,55.0826524,38.7628202,55.0832255,38.7629734,55.0832952,38.7630029,55.083616,38.7631244,55.0838258,38.7632086
55.0810419,38.7622997,55.0825361,38.7628135,55.082614,38.762818,55.0826524,38.7628202,55.0832255,38.7629734,55.0832952,38.7630029,55.083616,38.7631244,55.0838258,38.7632086,55.0839384,38.7632523
55.0825361,38.7628135,55.082614,38.762818,55.0826524,38.7628202,55.0832255,38.7629734,55.0832952,38.7630029,55.083616,38.7631244,55.0838258,38.7632086,55.0839384,38.7632523,55.084047,38.7633013
55.082614,38.762818,55.0826524,38.7628202,55.0832255,38.7629734,55.0832952,38.7630029,55.083616,38.7631244,55.0838258,38.7632086,55.0839384,38.7632523,55.084047,38.7633013,55.0843004,38.7634155
55.0826524,38.7628202,55.0832255,38.7629734,55.0832952,38.7630029,55.083616,38.7631244,55.0838258,38.7632086,55.0839384,38.7632523,55.084047,38.7633013,55.0843004,38.7634155,55.085049,38.763761
55.0832255,38.7629734,55.0832952,38.7630029,55.083616,38.7631244,55.0838258,38.7632086,55.0839384,38.7632523,55.084047,38.7633013,55.0843004,38.7634155,55.085049,38.763761,55.0851279,38.7638312
55.0832952,38.7630029,55.083616,38.7631244,55.0838258,38.7632086,55.0839384,38.7632523,55.084047,38.7633013,55.0843004,38.7634155,55.085049,38.763761,55.0851279,38.7638312,55.0851998,38.763895
55.083616,38.7631244,55.0838258,38.7632086,55.0839384,38.7632523,55.084047,38.7633013,55.0843004,38.7634155,55.085049,38.763761,55.0851279,38.7638312,55.0851998,38.763895,55.0858159,38.7642247
55.0838258,38.7632086,55.0839384,38.7632523,55.084047,38.7633013,55.0843004,38.7634155,55.085049,38.763761,55.0851279,38.7638312,55.0851998,38.763895,55.0858159,38.7642247,55.0859419,38.7642966
55.0839384,38.7632523,55.084047,38.7633013,55.0843004,38.7634155,55.085049,38.763761,55.0851279,38.7638312,55.0851998,38.763895,55.0858159,38.7642247,55.0859419,38.7642966,55.0861625,38.7644112
55.084047,38.7633013,55.0843004,38.7634155,55.085049,38.763761,55.0851279,38.7638312,55.0851998,38.763895,55.0858159,38.7642247,55.0859419,38.7642966,55.0861625,38.7644112,55.0865203,38.7645909
55.0843004,38.7634155,55.085049,38.763761,55.0851279,38.7638312,55.0851998,38.763895,55.0858159,38.7642247,55.0859419,38.7642966,55.0861625,38.7644112,55.0865203,38.7645909,55.0868727,38.7647577
55.085049,38.763761,55.0851279,38.7638312,55.0851998,38.763895,55.0858159,38.7642247,55.0859419,38.7642966,55.0861625,38.7644112,55.0865203,38.7645909,55.0868727,38.7647577,55.0870054,38.7648233
55.0851279,38.7638312,55.0851998,38.763895,55.0858159,38.7642247,55.0859419,38.7642966,55.0861625,38.7644112,55.0865203,38.7645909,55.0868727,38.7647577,55.0870054,38.7648233,55.0875538,38.7650897
55.0772005,38.7574483,55.0771565,38.7571301,55.0770908,38.7568748,55.0770071,38.7567773,55.0769496,38.7566195,55.0769004,38.7561463,55.0768938,38.7557821,55.0769464,38.7556272,55.0771016,38.7555548
55.0749014,38.754616,55.075015,38.7546014,55.0751092,38.7545998,55.0751452,38.754574,55.0751369,38.7544998,55.0751166,38.7543901,55.0750898,38.7542659,55.0750381,38.7542579,55.0748793,38.7543885
55.075015,38.7546014,55.0751092,38.7545998,55.0751452,38.754574,55.0751369,38.7544998,55.0751166,38.7543901,55.0750898,38.7542659,55.0750381,38.7542579,55.0748793,38.7543885,55.0747129,38.7544702
55.0751092,38.7545998,55.0751452,38.754574,55.0751369,38.7544998,55.0751166,38.7543901,55.0750898,38.7542659,55.0750381,38.7542579,55.0748793,38.7543885,55.0747129,38.7544702,55.0746117,38.7545282
55.0751452,38.754574,55.0751369,38.7544998,55.0751166,38.7543901,55.0750898,38.7542659,55.0750381,38.7542579,55.0748793,38.7543885,55.0747129,38.7544702,55.0746117,38.7545282,55.074493,38.7545365
55.0751369,38.7544998,55.0751166,38.7543901,55.0750898,38.7542659,55.0750381,38.7542579,55.0748793,38.7543885,55.0747129,38.7544702,55.0746117,38.7545282,55.074493,38.7545365,55.0744155,38.7543679
55.0751166,38.7543901,55.0750898,38.7542659,55.0750381,38.7542579,55.0748793,38.7543885,55.0747129,38.7544702,55.0746117,38.7545282,55.074493,38.7545365,55.0744155,38.7543679,55.0743823,38.7542436
55.0750898,38.7542659,55.0750381,38.7542579,55.0748793,38.7543885,55.0747129,38.7544702,55.0746117,38.7545282,55.074493,38.7545365,55.0744155,38.7543679,55.0743823,38.7542436,55.0743823,38.7541413
55.0750381,38.7542579,55.0748793,38.7543885,55.0747129,38.7544702,55.0746117,38.7545282,55.074493,38.7545365,55.0744155,38.7543679,55.0743823,38.7542436,55.0743823,38.7541413,55.0744123,38.7539092
55.0748793,38.7543885,55.0747129,38.7544702,55.0746117,38.7545282,55.074493,38.7545365,55.0744155,38.7543679,55.0743823,38.7542436,55.0743823,38.7541413,55.0744123,38.7539092,55.0744044,38.7537199
55.0747129,38.7544702,55.0746117,38.7545282,55.074493,38.7545365,55.0744155,38.7543679,55.0743823,38.7542436,55.0743823,38.7541413,55.0744123,38.7539092,55.0744044,38.7537199,55.0743938,38.7535968
55.0746117,38.7545282,55.074493,38.7545365,55.0744155,38.7543679,55.0743823,38.7542436,55.0743823,38.7541413,55.0744123,38.7539092,55.0744044,38.7537199,55.0743938,38.7535968,55.0743902,38.7534339
55.074493,38.7545365,55.0744155,38.7543679,55.0743823,38.7542436,55.0743823,38.7541413,55.0744123,38.7539092,55.0744044,38.7537199,55.0743938,38.7535968,55.0743902,38.7534339,55.0743554,38.7532681
55.0744155,38.7543679,55.0743823,38.7542436,55.0743823,38.7541413,55.0744123,38.7539092,55.0744044,38.7537199,55.0743938,38.7535968,55.0743902,38.7534339,55.0743554,38.7532681,55.0743111,38.7532101
55.0743823,38.7542436,55.0743823,38.7541413,55.0744123,38.7539092,55.0744044,38.7537199,55.0743938,38.7535968,55.0743902,38.7534339,55.0743554,38.7532681,55.0743111,38.7532101,55.0742367,38.7533345
55.0743823,38.7541413,55.0744123,38.7539092,55.0744044,38.7537199,55.0743938,38.7535968,55.0743902,38.7534339,55.0743554,38.7532681,55.0743111,38.7532101,55.0742367,38.7533345,55.0737194,38.7542049
55.074554,38.757261,55.0747941,38.7545844,55.0747129,38.7544702,55.0746359,38.7544122,55.0745687,38.7543027,55.0745441,38.754164,55.0745106,38.7539803,55.0745095,38.7537517,55.0744647,38.7533531
55.0747941,38.7545844,55.0747129,38.7544702,55.0746359,38.7544122,55.0745687,38.7543027,55.0745441,38.754164,55.0745106,38.7539803,55.0745095,38.7537517,55.0744647,38.7533531,55.0744367,38.7531538
55.0747129,38.7544702,55.0746359,38.7544122,55.0745687,38.7543027,55.0745441,38.754164,55.0745106,38.7539803,55.0745095,38.7537517,55.0744647,38.7533531,55.0744367,38.7531538,55.0743875,38.7529584
55.0746359,38.7544122,55.0745687,38.7543027,55.0745441,38.754164,55.0745106,38.7539803,55.0745095,38.7537517,55.0744647,38.7533531,55.0744367,38.7531538,55.0743875,38.7529584,55.0743405,38.7527924
55.0745687,38.7543027,55.0745441,38.754164,55.0745106,38.7539803,55.0745095,38.7537517,55.0744647,38.7533531,55.0744367,38.7531538,55.0743875,38.7529584,55.0743405,38.7527924,55.0742555,38.7527318
55.0745441,38.754164,55.0745106,38.7539803,55.0745095,38.7537517,55.0744647,38.7533531,55.0744367,38.7531538,55.0743875,38.7529584,55.0743405,38.7527924,55.0742555,38.7527318,55.0742007,38.752767
55.0745106,38.7539803,55.0745095,38.7537517,55.0744647,38.7533531,55.0744367,38.7531538,55.0743875,38.7529584,55.0743405,38.7527924,55.0742555,38.7527318,55.0742007,38.752767,55.0741727,38.7528256
55.0745095,38.7537517,55.0744647,38.7533531,55.0744367,38.7531538,55.0743875,38.7529584,55.0743405,38.7527924,55.0742555,38.7527318,55.0742007,38.752767,55.0741727,38.7528256,55.0741213,38.7530913
55.0744647,38.7533531,55.0744367,38.7531538,55.0743875,38.7529584,55.0743405,38.7527924,55.0742555,38.7527318,55.0742007,38.752767,55.0741727,38.7528256,55.0741213,38.7530913,55.0740273,38.753273
55.0744367,38.7531538,55.0743875,38.7529584,55.0743405,38.7527924,55.0742555,38.7527318,55.0742007,38.752767,55.0741727,38.7528256,55.0741213,38.7530913,55.0740273,38.753273,55.073657,38.7538299
55.076461,38.7576253,55.0761751,38.7575599,55.0760966,38.757597,55.0760384,38.7576809,55.0747289,38.757055,55.0747555,38.7567092,55.0747811,38.7563759,55.0748092,38.7560112,55.0748378,38.7556384
55.0761751,38.7575599,55.0760966,38.757597,55.0760384,38.7576809,55.0747289,38.757055,55.0747555,38.7567092,55.0747811,38.7563759,55.0748092,38.7560112,55.0748378,38.7556384,55.0748658,38.7552748
55.0760966,38.757597,55.0760384,38.7576809,55.0747289,38.757055,55.0747555,38.7567092,55.0747811,38.7563759,55.0748092,38.7560112,55.0748378,38.7556384,55.0748658,38.7552748,55.0748859,38.7550129
55.0760384,38.7576809,55.0747289,38.757055,55.0747555,38.7567092,55.0747811,38.7563759,55.0748092,38.7560112,55.0748378,38.7556384,55.0748658,38.7552748,55.0748859,38.7550129,55.0749349,38.7549403
55.0747289,38.757055,55.0747555,38.7567092,55.0747811,38.7563759,55.0748092,38.7560112,55.0748378,38.7556384,55.0748658,38.7552748,55.0748859,38.7550129,55.0749349,38.7549403,55.0753938,38.7551629
55.0747555,38.7567092,55.0747811,38.7563759,55.0748092,38.7560112,55.0748378,38.7556384,55.0748658,38.7552748,55.0748859,38.7550129,55.0749349,38.7549403,55.0753938,38.7551629,55.0754548,38.755421
55.0747811,38.7563759,55.0748092,38.7560112,55.0748378,38.7556384,55.0748658,38.7552748,55.0748859,38.7550129,55.0749349,38.7549403,55.0753938,38.7551629,55.0754548,38.755421,55.075489,38.7555629
55.0748092,38.7560112,55.0748378,38.7556384,55.0748658,38.7552748,55.0748859,38.7550129,55.0749349,38.7549403,55.0753938,38.7551629,55.0754548,38.755421,55.075489,38.7555629,55.0756106,38.7559661
55.0748378,38.7556384,55.0748658,38.7552748,55.0748859,38.7550129,55.0749349,38.7549403,55.0753938,38.7551629,55.0754548,38.755421,55.075489,38.7555629,55.0756106,38.7559661,55.0757495,38.7564263
55.0748658,38.7552748,55.0748859,38.7550129,55.0749349,38.7549403,55.0753938,38.7551629,55.0754548,38.755421,55.075489,38.7555629,55.0756106,38.7559661,55.0757495,38.7564263,55.0758475,38.7567511
55.0748859,38.7550129,55.0749349,38.7549403,55.0753938,38.7551629,55.0754548,38.755421,55.075489,38.7555629,55.0756106,38.7559661,55.0757495,38.7564263,55.0758475,38.7567511,55.0758895,38.7569208
55.0749349,38.7549403,55.0753938,38.7551629,55.0754548,38.755421,55.075489,38.7555629,55.0756106,38.7559661,55.0757495,38.7564263,55.0758475,38.7567511,55.0758895,38.7569208,55.075966,38.7572297
55.0753938,38.7551629,55.0754548,38.755421,55.075489,38.7555629,55.0756106,38.7559661,55.0757495,38.7564263,55.0758475,38.7567511,55.0758895,38.7569208,55.075966,38.7572297,55.0759977,38.7573579
55.0754548,38.755421,55.075489,38.7555629,55.0756106,38.7559661,55.0757495,38.7564263,55.0758475,38.7567511,55.0758895,38.7569208,55.075966,38.7572297,55.0759977,38.7573579,55.0760384,38.7576809
55.0886502,38.7971466,55.0881778,38.7969035,55.0880604,38.7968528,55.0878973,38.7967823,55.0875903,38.7967008,55.0870046,38.7964337,55.086589,38.7961786,55.0864632,38.7960851,55.0863507,38.7960034
55.0881778,38.7969035,55.0880604,38.7968528,55.0878973,38.7967823,55.0875903,38.7967008,55.0870046,38.7964337,55.086589,38.7961786,55.0864632,38.7960851,55.0863507,38.7960034,55.0862235,38.7958956
55.0887114,38.7998889,55.0887886,38.7999666,55.0893238,38.8005016,55.0895515,38.8004191,55.0896203,38.8003653,55.0897364,38.8001209,55.089964,38.7997482,55.0898799,38.7995964,55.0897281,38.7993868
55.0887886,38.7999666,55.0893238,38.8005016,55.0895515,38.8004191,55.0896203,38.8003653,55.0897364,38.8001209,55.089964,38.7997482,55.0898799,38.7995964,55.0897281,38.7993868,55.0896816,38.7991557
55.0893238,38.8005016,55.0895515,38.8004191,55.0896203,38.8003653,55.0897364,38.8001209,55.089964,38.7997482,55.0898799,38.7995964,55.0897281,38.7993868,55.0896816,38.7991557,55.0896816,38.7989161
55.0895515,38.8004191,55.0896203,38.8003653,55.0897364,38.8001209,55.089964,38.7997482,55.0898799,38.7995964,55.0897281,38.7993868,55.0896816,38.7991557,55.0896816,38.7989161,55.0897795,38.7985225
55.0896203,38.8003653,55.0897364,38.8001209,55.089964,38.7997482,55.0898799,38.7995964,55.0897281,38.7993868,55.0896816,38.7991557,55.0896816,38.7989161,55.0897795,38.7985225,55.089804,38.7983813
55.0875903,38.7967008,55.0875983,38.7968295,55.0875117,38.7971246,55.0868773,38.7983935,55.086741,38.7986708,55.0864874,38.7993013,55.0863134,38.7998749,55.0863667,38.8001582,55.0862699,38.8008062
55.0875983,38.7968295,55.0875117,38.7971246,55.0868773,38.7983935,55.086741,38.7986708,55.0864874,38.7993013,55.0863134,38.7998749,55.0863667,38.8001582,55.0862699,38.8008062,55.0860963,38.8015327
55.0875117,38.7971246,55.0868773,38.7983935,55.086741,38.7986708,55.0864874,38.7993013,55.0863134,38.7998749,55.0863667,38.8001582,55.0862699,38.8008062,55.0860963,38.8015327,55.0860941,38.8017356
55.0868773,38.7983935,55.086741,38.7986708,55.0864874,38.7993013,55.0863134,38.7998749,55.0863667,38.8001582,55.0862699,38.8008062,55.0860963,38.8015327,55.0860941,38.8017356,55.0861443,38.8019213
55.086741,38.7986708,55.0864874,38.7993013,55.0863134,38.7998749,55.0863667,38.8001582,55.0862699,38.8008062,55.0860963,38.8015327,55.0860941,38.8017356,55.0861443,38.8019213,55.0861756,38.8021344
55.0864874,38.7993013,55.0863134,38.7998749,55.0863667,38.8001582,55.0862699,38.8008062,55.0860963,38.8015327,55.0860941,38.8017356,55.0861443,38.8019213,55.0861756,38.8021344,55.0860653,38.8025344
55.0863134,38.7998749,55.0863667,38.8001582,55.0862699,38.8008062,55.0860963,38.8015327,55.0860941,38.8017356,55.0861443,38.8019213,55.0861756,38.8021344,55.0860653,38.8025344,55.0860022,38.8027985
55.0867223,38.7975969,55.0864286,38.7973785,55.0863848,38.7974003,55.0861307,38.7983176,55.086089,38.7989109,55.0859057,38.799537,55.0857682,38.799759,55.0855057,38.8006034,55.0853994,38.8010257
55.0943105,38.7861642,55.0942016,38.7862612,55.0940284,38.7864785,55.0937708,38.7869947,55.0929468,38.7884269,55.0928439,38.7888457,55.0925915,38.7892768,55.0924826,38.7894593,55.0922558,38.7897231
55.0936546,38.7682101,55.0937238,38.7682226,55.0938476,38.7683437,55.09395,38.7683867,55.0940239,38.7683337,55.0941533,38.7680774,55.0945126,38.767314,55.0945531,38.7672377,55.0946235,38.7671052
55.0937238,38.7682226,55.0938476,38.7683437,55.09395,38.7683867,55.0940239,38.7683337,55.0941533,38.7680774,55.0945126,38.767314,55.0945531,38.7672377,55.0946235,38.7671052,55.0946466,38.7670616
55.0938476,38.7683437,55.09395,38.7683867,55.0940239,38.7683337,55.0941533,38.7680774,55.0945126,38.767314,55.0945531,38.7672377,55.0946235,38.7671052,55.0946466,38.7670616,55.0946699,38.7670178
55.0844089,38.7652448,55.0844191,38.7652498,55.0845976,38.7653364,55.0846447,38.7652928,55.0847167,38.7653284,55.085081,38.7655087,55.0852226,38.7655789,55.085552,38.7657419,55.0861285,38.7660533
55.0794916,38.7788203,55.079727,38.7786796,55.0798382,38.7784892,55.0799219,38.7781692,55.0799332,38.7780243,55.0799551,38.7778255,55.0800146,38.777599,55.0800757,38.7774422,55.0800953,38.777404
55.079727,38.7786796,55.0798382,38.7784892,55.0799219,38.7781692,55.0799332,38.7780243,55.0799551,38.7778255,55.0800146,38.777599,55.0800757,38.7774422,55.0800953,38.777404,55.0801435,38.7774475
55.0816942,38.7707751,55.0817491,38.7705913,55.0818741,38.7701532,55.0821022,38.7693492,55.0821599,38.7691547,55.0821793,38.7690777,55.0822379,38.7688842,55.0822888,38.7687074,55.082475,38.7680553
55.0817491,38.7705913,55.0818741,38.7701532,55.0821022,38.7693492,55.0821599,38.7691547,55.0821793,38.7690777,55.0822379,38.7688842,55.0822888,38.7687074,55.082475,38.7680553,55.0825429,38.7678069
55.0818741,38.7701532,55.0821022,38.7693492,55.0821599,38.7691547,55.0821793,38.7690777,55.0822379,38.7688842,55.0822888,38.7687074,55.082475,38.7680553,55.0825429,38.7678069,55.0829789,38.7663174
55.0821022,38.7693492,55.0821599,38.7691547,55.0821793,38.7690777,55.0822379,38.7688842,55.0822888,38.7687074,55.082475,38.7680553,55.0825429,38.7678069,55.0829789,38.7663174,55.0830321,38.7661149
55.0821599,38.7691547,55.0821793,38.7690777,55.0822379,38.7688842,55.0822888,38.7687074,55.082475,38.7680553,55.0825429,38.7678069,55.0829789,38.7663174,55.0830321,38.7661149,55.0832468,38.7653549
55.0821793,38.7690777,55.0822379,38.7688842,55.0822888,38.7687074,55.082475,38.7680553,55.0825429,38.7678069,55.0829789,38.7663174,55.0830321,38.7661149,55.0832468,38.7653549,55.0833798,38.764933
55.0822379,38.7688842,55.0822888,38.7687074,55.082475,38.7680553,55.0825429,38.7678069,55.0829789,38.7663174,55.0830321,38.7661149,55.0832468,38.7653549,55.0833798,38.764933,55.0836206,38.7639885
55.0822888,38.7687074,55.082475,38.7680553,55.0825429,38.7678069,55.0829789,38.7663174,55.0830321,38.7661149,55.0832468,38.7653549,55.0833798,38.764933,55.0836206,38.7639885,55.0836292,38.7638703
55.0805886,38.7746384,55.0806478,38.7744302,55.0807121,38.7742443,55.0809681,38.7733664,55.0810858,38.7729667,55.0812811,38.7722813,55.0815441,38.771332,55.0816419,38.7709658,55.0816942,38.7707751
55.0816629,38.7763993,55.0817791,38.7764891,55.0819365,38.7766695,55.0819955,38.776933,55.0820267,38.7773339,55.081807,38.7781473,55.0816857,38.7782389,55.0816185,38.7782418,55.0815447,38.7781902
55.0817791,38.7764891,55.0819365,38.7766695,55.0819955,38.776933,55.0820267,38.7773339,55.081807,38.7781473,55.0816857,38.7782389,55.0816185,38.7782418,55.0815447,38.7781902,55.0814578,38.777921
55.0819365,38.7766695,55.0819955,38.776933,55.0820267,38.7773339,55.081807,38.7781473,55.0816857,38.7782389,55.0816185,38.7782418,55.0815447,38.7781902,55.0814578,38.777921,55.0813928,38.7775502
55.0815234,38.7764114,55.0814484,38.7764613,55.0812141,38.7765764,55.0811557,38.7766118,55.0811088,38.7766356,55.0809621,38.776706,55.0808064,38.7768045,55.0807693,38.7768164,55.0805995,38.7767359
55.0814484,38.7764613,55.0812141,38.7765764,55.0811557,38.7766118,55.0811088,38.7766356,55.0809621,38.776706,55.0808064,38.7768045,55.0807693,38.7768164,55.0805995,38.7767359,55.0805677,38.7766888
55.0812141,38.7765764,55.0811557,38.7766118,55.0811088,38.7766356,55.0809621,38.776706,55.0808064,38.7768045,55.0807693,38.7768164,55.0805995,38.7767359,55.0805677,38.7766888,55.080528,38.7765252
55.0811557,38.7766118,55.0811088,38.7766356,55.0809621,38.776706,55.0808064,38.7768045,55.0807693,38.7768164,55.0805995,38.7767359,55.0805677,38.7766888,55.080528,38.7765252,55.0805074,38.7763893
55.0811088,38.7766356,55.0809621,38.776706,55.0808064,38.7768045,55.0807693,38.7768164,55.0805995,38.7767359,55.0805677,38.7766888,55.080528,38.7765252,55.0805074,38.7763893,55.0805137,38.7762561
55.0809621,38.776706,55.0808064,38.7768045,55.0807693,38.7768164,55.0805995,38.7767359,55.0805677,38.7766888,55.080528,38.7765252,55.0805074,38.7763893,55.0805137,38.7762561,55.0806677,38.7757042
55.0808064,38.7768045,55.0807693,38.7768164,55.0805995,38.7767359,55.0805677,38.7766888,55.080528,38.7765252,55.0805074,38.7763893,55.0805137,38.7762561,55.0806677,38.7757042,55.0807027,38.7756377
55.0807693,38.7768164,55.0805995,38.7767359,55.0805677,38.7766888,55.080528,38.7765252,55.0805074,38.7763893,55.0805137,38.7762561,55.0806677,38.7757042,55.0807027,38.7756377,55.0808106,38.7755766
55.0805995,38.7767359,55.0805677,38.7766888,55.080528,38.7765252,55.0805074,38.7763893,55.0805137,38.7762561,55.0806677,38.7757042,55.0807027,38.7756377,55.0808106,38.7755766,55.0810424,38.775438
55.0805677,38.7766888,55.080528,38.7765252,55.0805074,38.7763893,55.0805137,38.7762561,55.0806677,38.7757042,55.0807027,38.7756377,55.0808106,38.7755766,55.0810424,38.775438,55.0811075,38.7754851
55.080528,38.7765252,55.0805074,38.7763893,55.0805137,38.7762561,55.0806677,38.7757042,55.0807027,38.7756377,55.0808106,38.7755766,55.0810424,38.775438,55.0811075,38.7754851,55.0813742,38.7757486
55.0805074,38.7763893,55.0805137,38.7762561,55.0806677,38.7757042,55.0807027,38.7756377,55.0808106,38.7755766,55.0810424,38.775438,55.0811075,38.7754851,55.0813742,38.7757486,55.0814091,38.7758817
55.0805137,38.7762561,55.0806677,38.7757042,55.0807027,38.7756377,55.0808106,38.7755766,55.0810424,38.775438,55.0811075,38.7754851,55.0813742,38.7757486,55.0814091,38.7758817,55.0814567,38.7760981
55.0806677,38.7757042,55.0807027,38.7756377,55.0808106,38.7755766,55.0810424,38.775438,55.0811075,38.7754851,55.0813742,38.7757486,55.0814091,38.7758817,55.0814567,38.7760981,55.0814425,38.776245
55.0807027,38.7756377,55.0808106,38.7755766,55.0810424,38.775438,55.0811075,38.7754851,55.0813742,38.7757486,55.0814091,38.7758817,55.0814567,38.7760981,55.0814425,38.776245,55.0814313,38.7763754
55.0808106,38.7755766,55.0810424,38.775438,55.0811075,38.7754851,55.0813742,38.7757486,55.0814091,38.7758817,55.0814567,38.7760981,55.0814425,38.776245,55.0814313,38.7763754,55.0814484,38.7764613
55.0910502,38.7567645,55.0910622,38.7566563,55.0910905,38.7564001,55.0911831,38.7560589,55.0913466,38.7555322,55.0916028,38.7557657,55.0916516,38.7558102,55.0917043,38.7556336,55.0917606,38.755445
55.0873442,38.788593,55.0872969,38.7887571,55.0871937,38.7891156,55.087023,38.7897082,55.086935,38.790014,55.0866802,38.78979,55.0868826,38.7890871,55.085928,38.7882479,55.0857388,38.7880816
55.0872969,38.7887571,55.0871937,38.7891156,55.087023,38.7897082,55.086935,38.790014,55.0866802,38.78979,55.0868826,38.7890871,55.085928,38.7882479,55.0857388,38.7880816,55.0856973,38.788045
55.0871937,38.7891156,55.087023,38.7897082,55.086935,38.790014,55.0866802,38.78979,55.0868826,38.7890871,55.085928,38.7882479,55.0857388,38.7880816,55.0856973,38.788045,55.0855766,38.787939
55.0852629,38.788748,55.0850201,38.7896176,55.0847624,38.7904974,55.0844837,38.7914487,55.0842375,38.7922892,55.0840748,38.7928446,55.0840821,38.7929489,55.0840564,38.7930349,55.0840013,38.7932074
55.0850201,38.7896176,55.0847624,38.7904974,55.0844837,38.7914487,55.0842375,38.7922892,55.0840748,38.7928446,55.0840821,38.7929489,55.0840564,38.7930349,55.0840013,38.7932074,55.0839618,38.7933486
55.0896717,38.7807001,55.0896551,38.7807575,55.0895707,38.7810502,55.0895412,38.7811526,55.0895058,38.7811214,55.0891777,38.7808323,55.0886901,38.780404,55.0886596,38.7803772,55.088765,38.7800116
55.0896551,38.7807575,55.0895707,38.7810502,55.0895412,38.7811526,55.0895058,38.7811214,55.0891777,38.7808323,55.0886901,38.780404,55.0886596,38.7803772,55.088765,38.7800116,55.0887858,38.7799393
55.092281,38.7757339,55.0920765,38.7755545,55.0919969,38.775472,55.0920073,38.7754155,55.0919706,38.7753854,55.0919484,38.7753672,55.09185,38.7752864,55.0917809,38.7752269,55.091651,38.7751205
55.0920765,38.7755545,55.0919969,38.775472,55.0920073,38.7754155,55.0919706,38.7753854,55.0919484,38.7753672,55.09185,38.7752864,55.0917809,38.7752269,55.091651,38.7751205,55.0915561,38.7752757
55.0919969,38.775472,55.0920073,38.7754155,55.0919706,38.7753854,55.0919484,38.7753672,55.09185,38.7752864,55.0917809,38.7752269,55.091651,38.7751205,55.0915561,38.7752757,55.0914033,38.7754888
55.0920073,38.7754155,55.0919706,38.7753854,55.0919484,38.7753672,55.09185,38.7752864,55.0917809,38.7752269,55.091651,38.7751205,55.0915561,38.7752757,55.0914033,38.7754888,55.0913532,38.7755745
55.0949058,38.7730535,55.0950124,38.773056,55.095116,38.7730541,55.0951854,38.7729944,55.0953574,38.772679,55.0953316,38.7726364,55.0956669,38.7720394,55.0957749,38.7718472,55.0959887,38.7715065
55.0950124,38.773056,55.095116,38.7730541,55.0951854,38.7729944,55.0953574,38.772679,55.0953316,38.7726364,55.0956669,38.7720394,55.0957749,38.7718472,55.0959887,38.7715065,55.0960528,38.7713827
55.0773823,38.7926892,55.0774347,38.7927742,55.0775952,38.793896,55.0775987,38.7939213,55.0778414,38.7956984,55.0780452,38.7971367,55.0780649,38.7973171,55.0781305,38.7979167,55.0782266,38.7985344
55.0774347,38.7927742,55.0775952,38.793896,55.0775987,38.7939213,55.0778414,38.7956984,55.0780452,38.7971367,55.0780649,38.7973171,55.0781305,38.7979167,55.0782266,38.7985344,55.0782326,38.7986287
55.0775952,38.793896,55.0775987,38.7939213,55.0778414,38.7956984,55.0780452,38.7971367,55.0780649,38.7973171,55.0781305,38.7979167,55.0782266,38.7985344,55.0782326,38.7986287,55.078275,38.7989242
55.0763232,38.7882966,55.0763383,38.7884095,55.0764913,38.7894148,55.0765088,38.7895275,55.0766332,38.790488,55.0767339,38.7911892,55.0767511,38.7913088,55.076962,38.7928524,55.0769905,38.7930011
55.0918333,38.7926017,55.0922013,38.7929618,55.0929117,38.794209,55.0931036,38.7945344,55.0935998,38.7951627,55.0944921,38.7962745,55.0953506,38.7973965,55.0954647,38.797546,55.0957335,38.7978444
55.0922013,38.7929618,55.0929117,38.794209,55.0931036,38.7945344,55.0935998,38.7951627,55.0944921,38.7962745,55.0953506,38.7973965,55.0954647,38.797546,55.0957335,38.7978444,55.0960121,38.7981792
55.0909847,38.7603998,55.0905795,38.7600334,55.0904778,38.7599414,55.0900951,38.7612213,55.0899608,38.7611985,55.0897069,38.7609629,55.0895205,38.7615957,55.0893954,38.7623361,55.0893561,38.7625372
55.0976966,38.7811048,55.0976748,38.7810816,55.0975943,38.7809527,55.0974187,38.78088,55.0970679,38.7812194,55.0968483,38.7814318,55.0967612,38.7815234,55.0964612,38.7818388,55.0962399,38.7820716
55.0976748,38.7810816,55.0975943,38.7809527,55.0974187,38.78088,55.0970679,38.7812194,55.0968483,38.7814318,55.0967612,38.7815234,55.0964612,38.7818388,55.0962399,38.7820716,55.0954494,38.7828878
55.0881278,38.789273,55.0884025,38.7883009,55.0886635,38.787427,55.0889184,38.7865498,55.0889381,38.7864818,55.0890167,38.7862025,55.0891822,38.7856138,55.0892011,38.7855464,55.0892408,38.7854052
55.0884025,38.7883009,55.0886635,38.787427,55.0889184,38.7865498,55.0889381,38.7864818,55.0890167,38.7862025,55.0891822,38.7856138,55.0892011,38.7855464,55.0892408,38.7854052,55.0892882,38.7852421
55.0886635,38.787427,55.0889184,38.7865498,55.0889381,38.7864818,55.0890167,38.7862025,55.0891822,38.7856138,55.0892011,38.7855464,55.0892408,38.7854052,55.0892882,38.7852421,55.0893419,38.7850577
55.0889184,38.7865498,55.0889381,38.7864818,55.0890167,38.7862025,55.0891822,38.7856138,55.0892011,38.7855464,55.0892408,38.7854052,55.0892882,38.7852421,55.0893419,38.7850577,55.08944,38.7847207
55.076246,38.7861813,55.0762164,38.7862769,55.0761991,38.7863329,55.0761612,38.7863886,55.0760887,38.7863469,55.0757874,38.7860866,55.0757237,38.7860056,55.0757239,38.7858969,55.0757369,38.7858409
55.0762164,38.7862769,55.0761991,38.7863329,55.0761612,38.7863886,55.0760887,38.7863469,55.0757874,38.7860866,55.0757237,38.7860056,55.0757239,38.7858969,55.0757369,38.7858409,55.0757804,38.7857606
55.0884309,38.7619015,55.0885204,38.76195,55.0885829,38.7619763,55.0887504,38.7620466,55.0890777,38.7621841,55.0893954,38.7623361,55.0896996,38.7624817,55.0898775,38.7625818,55.0902115,38.7627667
55.0885204,38.76195,55.0885829,38.7619763,55.0887504,38.7620466,55.0890777,38.7621841,55.0893954,38.7623361,55.0896996,38.7624817,55.0898775,38.7625818,55.0902115,38.7627667,55.0906485,38.7629571
55.0885829,38.7619763,55.0887504,38.7620466,55.0890777,38.7621841,55.0893954,38.7623361,55.0896996,38.7624817,55.0898775,38.7625818,55.0902115,38.7627667,55.0906485,38.7629571,55.0909312,38.7631681
55.0887504,38.7620466,55.0890777,38.7621841,55.0893954,38.7623361,55.0896996,38.7624817,55.0898775,38.7625818,55.0902115,38.7627667,55.0906485,38.7629571,55.0909312,38.7631681,55.091019,38.7632337
55.0890777,38.7621841,55.0893954,38.7623361,55.0896996,38.7624817,55.0898775,38.7625818,55.0902115,38.7627667,55.0906485,38.7629571,55.0909312,38.7631681,55.091019,38.7632337,55.0914321,38.7636899
55.0893954,38.7623361,55.0896996,38.7624817,55.0898775,38.7625818,55.0902115,38.7627667,55.0906485,38.7629571,55.0909312,38.7631681,55.091019,38.7632337,55.0914321,38.7636899,55.0921989,38.76497
55.0896996,38.7624817,55.0898775,38.7625818,55.0902115,38.7627667,55.0906485,38.7629571,55.0909312,38.7631681,55.091019,38.7632337,55.0914321,38.7636899,55.0921989,38.76497,55.0923,38.7651388
55.0898775,38.7625818,55.0902115,38.7627667,55.0906485,38.7629571,55.0909312,38.7631681,55.091019,38.7632337,55.0914321,38.7636899,55.0921989,38.76497,55.0923,38.7651388,55.0926487,38.7656452
55.0902115,38.7627667,55.0906485,38.7629571,55.0909312,38.7631681,55.091019,38.7632337,55.0914321,38.7636899,55.0921989,38.76497,55.0923,38.7651388,55.0926487,38.7656452,55.092791,38.7658519
55.0906485,38.7629571,55.0909312,38.7631681,55.091019,38.7632337,55.0914321,38.7636899,55.0921989,38.76497,55.0923,38.7651388,55.0926487,38.7656452,55.092791,38.7658519,55.0928225,38.7658776
55.0909312,38.7631681,55.091019,38.7632337,55.0914321,38.7636899,55.0921989,38.76497,55.0923,38.7651388,55.0926487,38.7656452,55.092791,38.7658519,55.0928225,38.7658776,55.0928614,38.76588
55.091019,38.7632337,55.0914321,38.7636899,55.0921989,38.76497,55.0923,38.7651388,55.0926487,38.7656452,55.092791,38.7658519,55.0928225,38.7658776,55.0928614,38.76588,55.0929096,38.7658542
55.0914321,38.7636899,55.0921989,38.76497,55.0923,38.7651388,55.0926487,38.7656452,55.092791,38.7658519,55.0928225,38.7658776,55.0928614,38.76588,55.0929096,38.7658542,55.0929559,38.7657401
55.0921989,38.76497,55.0923,38.7651388,55.0926487,38.7656452,55.092791,38.7658519,55.0928225,38.7658776,55.0928614,38.76588,55.0929096,38.7658542,55.0929559,38.7657401,55.0930062,38.765641
55.0923,38.7651388,55.0926487,38.7656452,55.092791,38.7658519,55.0928225,38.7658776,55.0928614,38.76588,55.0929096,38.7658542,55.0929559,38.7657401,55.0930062,38.765641,55.0932859,38.7650895
55.0926487,38.7656452,55.092791,38.7658519,55.0928225,38.7658776,55.0928614,38.76588,55.0929096,38.7658542,55.0929559,38.7657401,55.0930062,38.765641,55.0932859,38.7650895,55.0933365,38.7650605
55.092791,38.7658519,55.0928225,38.7658776,55.0928614,38.76588,55.0929096,38.7658542,55.0929559,38.7657401,55.0930062,38.765641,55.0932859,38.7650895,55.0933365,38.7650605,55.0933713,38.7650171
55.0928225,38.7658776,55.0928614,38.76588,55.0929096,38.7658542,55.0929559,38.7657401,55.0930062,38.765641,55.0932859,38.7650895,55.0933365,38.7650605,55.0933713,38.7650171,55.0933808,38.7649955
55.0928614,38.76588,55.0929096,38.7658542,55.0929559,38.7657401,55.0930062,38.765641,55.0932859,38.7650895,55.0933365,38.7650605,55.0933713,38.7650171,55.0933808,38.7649955,55.093407,38.7649359
55.0929096,38.7658542,55.0929559,38.7657401,55.0930062,38.765641,55.0932859,38.7650895,55.0933365,38.7650605,55.0933713,38.7650171,55.0933808,38.7649955,55.093407,38.7649359,55.0934272,38.7648353
55.0929559,38.7657401,55.0930062,38.765641,55.0932859,38.7650895,55.0933365,38.7650605,55.0933713,38.7650171,55.0933808,38.7649955,55.093407,38.7649359,55.0934272,38.7648353,55.0936963,38.7643636
55.0930062,38.765641,55.0932859,38.7650895,55.0933365,38.7650605,55.0933713,38.7650171,55.0933808,38.7649955,55.093407,38.7649359,55.0934272,38.7648353,55.0936963,38.7643636,55.0937786,38.764209
55.0932859,38.7650895,55.0933365,38.7650605,55.0933713,38.7650171,55.0933808,38.7649955,55.093407,38.7649359,55.0934272,38.7648353,55.0936963,38.7643636,55.0937786,38.764209,55.0938302,38.7641122
55.0933365,38.7650605,55.0933713,38.7650171,55.0933808,38.7649955,55.093407,38.7649359,55.0934272,38.7648353,55.0936963,38.7643636,55.0937786,38.764209,55.0938302,38.7641122,55.0942315,38.7633593
55.0933713,38.7650171,55.0933808,38.7649955,55.093407,38.7649359,55.0934272,38.7648353,55.0936963,38.7643636,55.0937786,38.764209,55.0938302,38.7641122,55.0942315,38.7633593,55.0944439,38.7629607
55.0933808,38.7649955,55.093407,38.7649359,55.0934272,38.7648353,55.0936963,38.7643636,55.0937786,38.764209,55.0938302,38.7641122,55.0942315,38.7633593,55.0944439,38.7629607,55.0945344,38.762791
55.093407,38.7649359,55.0934272,38.7648353,55.0936963,38.7643636,55.0937786,38.764209,55.0938302,38.7641122,55.0942315,38.7633593,55.0944439,38.7629607,55.0945344,38.762791,55.0946784,38.7625208
55.0934272,38.7648353,55.0936963,38.7643636,55.0937786,38.764209,55.0938302,38.7641122,55.0942315,38.7633593,55.0944439,38.7629607,55.0945344,38.762791,55.0946784,38.7625208,55.0948464,38.7621615
55.0875538,38.7650897,55.0877329,38.7651849,55.0878558,38.7652547,55.0884269,38.7655581,55.0892438,38.7659551,55.0900846,38.7664266,55.0906256,38.7666808,55.0907027,38.766681,55.0907173,38.7666808
55.0877329,38.7651849,55.0878558,38.7652547,55.0884269,38.7655581,55.0892438,38.7659551,55.0900846,38.7664266,55.0906256,38.7666808,55.0907027,38.766681,55.0907173,38.7666808,55.0909836,38.7668254
55.0878558,38.7652547,55.0884269,38.7655581,55.0892438,38.7659551,55.0900846,38.7664266,55.0906256,38.7666808,55.0907027,38.766681,55.0907173,38.7666808,55.0909836,38.7668254,55.0910788,38.7669151
55.0884269,38.7655581,55.0892438,38.7659551,55.0900846,38.7664266,55.0906256,38.7666808,55.0907027,38.766681,55.0907173,38.7666808,55.0909836,38.7668254,55.0910788,38.7669151,55.0917255,38.7672236
55.0892438,38.7659551,55.0900846,38.7664266,55.0906256,38.7666808,55.0907027,38.766681,55.0907173,38.7666808,55.0909836,38.7668254,55.0910788,38.7669151,55.0917255,38.7672236,55.091694,38.7674324
55.0900846,38.7664266,55.0906256,38.7666808,55.0907027,38.766681,55.0907173,38.7666808,55.0909836,38.7668254,55.0910788,38.7669151,55.0917255,38.7672236,55.091694,38.7674324,55.0916761,38.7675327
55.0906256,38.7666808,55.0907027,38.766681,55.0907173,38.7666808,55.0909836,38.7668254,55.0910788,38.7669151,55.0917255,38.7672236,55.091694,38.7674324,55.0916761,38.7675327,55.0916611,38.7676053
55.0907027,38.766681,55.0907173,38.7666808,55.0909836,38.7668254,55.0910788,38.7669151,55.0917255,38.7672236,55.091694,38.7674324,55.0916761,38.7675327,55.0916611,38.7676053,55.0916508,38.7676548
55.0907173,38.7666808,55.0909836,38.7668254,55.0910788,38.7669151,55.0917255,38.7672236,55.091694,38.7674324,55.0916761,38.7675327,55.0916611,38.7676053,55.0916508,38.7676548,55.091588,38.7678285
55.0909836,38.7668254,55.0910788,38.7669151,55.0917255,38.7672236,55.091694,38.7674324,55.0916761,38.7675327,55.0916611,38.7676053,55.0916508,38.7676548,55.091588,38.7678285,55.091557,38.7679158
55.0919637,38.7679704,55.0919973,38.7678225,55.0920072,38.7677748,55.0920403,38.7676036,55.0920813,38.7673999,55.0922125,38.7669797,55.0922859,38.7669303,55.0923586,38.7668763,55.0924534,38.7667126
55.0919973,38.7678225,55.0920072,38.7677748,55.0920403,38.7676036,55.0920813,38.7673999,55.0922125,38.7669797,55.0922859,38.7669303,55.0923586,38.7668763,55.0924534,38.7667126,55.0924684,38.7666611
55.0920072,38.7677748,55.0920403,38.7676036,55.0920813,38.7673999,55.0922125,38.7669797,55.0922859,38.7669303,55.0923586,38.7668763,55.0924534,38.7667126,55.0924684,38.7666611,55.0924843,38.7666066
55.0920403,38.7676036,55.0920813,38.7673999,55.0922125,38.7669797,55.0922859,38.7669303,55.0923586,38.7668763,55.0924534,38.7667126,55.0924684,38.7666611,55.0924843,38.7666066,55.0924967,38.7664154
55.0920813,38.7673999,55.0922125,38.7669797,55.0922859,38.7669303,55.0923586,38.7668763,55.0924534,38.7667126,55.0924684,38.7666611,55.0924843,38.7666066,55.0924967,38.7664154,55.0925474,38.766242
55.0922125,38.7669797,55.0922859,38.7669303,55.0923586,38.7668763,55.0924534,38.7667126,55.0924684,38.7666611,55.0924843,38.7666066,55.0924967,38.7664154,55.0925474,38.766242,55.0926135,38.7660879
55.0922859,38.7669303,55.0923586,38.7668763,55.0924534,38.7667126,55.0924684,38.7666611,55.0924843,38.7666066,55.0924967,38.7664154,55.0925474,38.766242,55.0926135,38.7660879,55.0927127,38.765955
55.0923586,38.7668763,55.0924534,38.7667126,55.0924684,38.7666611,55.0924843,38.7666066,55.0924967,38.7664154,55.0925474,38.766242,55.0926135,38.7660879,55.0927127,38.765955,55.0930014,38.7664231
55.0924534,38.7667126,55.0924684,38.7666611,55.0924843,38.7666066,55.0924967,38.7664154,55.0925474,38.766242,55.0926135,38.7660879,55.0927127,38.765955,55.0930014,38.7664231,55.0931376,38.7666489
55.0924684,38.7666611,55.0924843,38.7666066,55.0924967,38.7664154,55.0925474,38.766242,55.0926135,38.7660879,55.0927127,38.765955,55.0930014,38.7664231,55.0931376,38.7666489,55.0931963,38.7667495
55.0918235,38.7672353,55.0919736,38.7673284,55.0920813,38.7673999,55.0924425,38.7676398,55.0925202,38.7676561,55.092553,38.7676362,55.0926086,38.7676023,55.0927412,38.7673815,55.0927834,38.7675083
55.098292,38.7817045,55.0982814,38.7817056,55.0982738,38.781622,55.0983864,38.7815767,55.0983853,38.7815235,55.0983721,38.7814338,55.0983599,38.7813509,55.098525,38.7812983,55.0985227,38.7812365
55.0955126,38.7666125,55.0959663,38.765793,55.0958652,38.7656303,55.0959215,38.7655265,55.0961146,38.7651756,55.0960981,38.7651461,55.0960839,38.7651173,55.0960789,38.7650811,55.0960812,38.7650301
55.0959663,38.765793,55.0958652,38.7656303,55.0959215,38.7655265,55.0961146,38.7651756,55.0960981,38.7651461,55.0960839,38.7651173,55.0960789,38.7650811,55.0960812,38.7650301,55.0960896,38.7649995
55.0958652,38.7656303,55.0959215,38.7655265,55.0961146,38.7651756,55.0960981,38.7651461,55.0960839,38.7651173,55.0960789,38.7650811,55.0960812,38.7650301,55.0960896,38.7649995,55.0964605,38.7643236
55.0959215,38.7655265,55.0961146,38.7651756,55.0960981,38.7651461,55.0960839,38.7651173,55.0960789,38.7650811,55.0960812,38.7650301,55.0960896,38.7649995,55.0964605,38.7643236,55.0964766,38.7642942
55.0749918,38.7809658,55.0750977,38.780596,55.0752029,38.7802284,55.0752366,38.7801107,55.0754825,38.7792516,55.0755613,38.7789763,55.0756653,38.7786132,55.0757023,38.7784839,55.0757393,38.7783545
55.0750977,38.780596,55.0752029,38.7802284,55.0752366,38.7801107,55.0754825,38.7792516,55.0755613,38.7789763,55.0756653,38.7786132,55.0757023,38.7784839,55.0757393,38.7783545,55.0757954,38.7781586
55.0752029,38.7802284,55.0752366,38.7801107,55.0754825,38.7792516,55.0755613,38.7789763,55.0756653,38.7786132,55.0757023,38.7784839,55.0757393,38.7783545,55.0757954,38.7781586,55.0757985,38.7781477
55.0752366,38.7801107,55.0754825,38.7792516,55.0755613,38.7789763,55.0756653,38.7786132,55.0757023,38.7784839,55.0757393,38.7783545,55.0757954,38.7781586,55.0757985,38.7781477,55.0758937,38.777849
55.0754825,38.7792516,55.0755613,38.7789763,55.0756653,38.7786132,55.0757023,38.7784839,55.0757393,38.7783545,55.0757954,38.7781586,55.0757985,38.7781477,55.0758937,38.777849,55.076004,38.7775033
55.0755613,38.7789763,55.0756653,38.7786132,55.0757023,38.7784839,55.0757393,38.7783545,55.0757954,38.7781586,55.0757985,38.7781477,55.0758937,38.777849,55.076004,38.7775033,55.0762999,38.776518
55.0756653,38.7786132,55.0757023,38.7784839,55.0757393,38.7783545,55.0757954,38.7781586,55.0757985,38.7781477,55.0758937,38.777849,55.076004,38.7775033,55.0762999,38.776518,55.0763464,38.7763583
55.0757023,38.7784839,55.0757393,38.7783545,55.0757954,38.7781586,55.0757985,38.7781477,55.0758937,38.777849,55.076004,38.7775033,55.0762999,38.776518,55.0763464,38.7763583,55.0764188,38.7761097
55.0974061,38.7621316,55.0973602,38.7622139,55.0971337,38.7626199,55.0970519,38.7626857,55.0968646,38.7630279,55.0967811,38.7632349,55.0966071,38.7635248,55.0964945,38.76372,55.0963656,38.7635359
55.0973602,38.7622139,55.0971337,38.7626199,55.0970519,38.7626857,55.0968646,38.7630279,55.0967811,38.7632349,55.0966071,38.7635248,55.0964945,38.76372,55.0963656,38.7635359,55.0960796,38.7631863
55.0971337,38.7626199,55.0970519,38.7626857,55.0968646,38.7630279,55.0967811,38.7632349,55.0966071,38.7635248,55.0964945,38.76372,55.0963656,38.7635359,55.0960796,38.7631863,55.096018,38.7630936
55.0970519,38.7626857,55.0968646,38.7630279,55.0967811,38.7632349,55.0966071,38.7635248,55.0964945,38.76372,55.0963656,38.7635359,55.0960796,38.7631863,55.096018,38.7630936,55.0957013,38.7625788
55.0968646,38.7630279,55.0967811,38.7632349,55.0966071,38.7635248,55.0964945,38.76372,55.0963656,38.7635359,55.0960796,38.7631863,55.096018,38.7630936,55.0957013,38.7625788,55.0956633,38.762509
55.0967811,38.7632349,55.0966071,38.7635248,55.0964945,38.76372,55.0963656,38.7635359,55.0960796,38.7631863,55.096018,38.7630936,55.0957013,38.7625788,55.0956633,38.762509,55.095645,38.7624755
55.0966071,38.7635248,55.0964945,38.76372,55.0963656,38.7635359,55.0960796,38.7631863,55.096018,38.7630936,55.0957013,38.7625788,55.0956633,38.762509,55.095645,38.7624755,55.0955964,38.7623863
55.0964945,38.76372,55.0963656,38.7635359,55.0960796,38.7631863,55.096018,38.7630936,55.0957013,38.7625788,55.0956633,38.762509,55.095645,38.7624755,55.0955964,38.7623863,55.0955263,38.762262
55.0959158,38.7707569,55.095866,38.770682,55.0958181,38.7698621,55.0958078,38.7696867,55.0957302,38.7697047,55.0956766,38.7696809,55.0956469,38.7696376,55.0956209,38.7695836,55.0955893,38.7694522
55.095866,38.770682,55.0958181,38.7698621,55.0958078,38.7696867,55.0957302,38.7697047,55.0956766,38.7696809,55.0956469,38.7696376,55.0956209,38.7695836,55.0955893,38.7694522,55.0955776,38.7691899
55.0958181,38.7698621,55.0958078,38.7696867,55.0957302,38.7697047,55.0956766,38.7696809,55.0956469,38.7696376,55.0956209,38.7695836,55.0955893,38.7694522,55.0955776,38.7691899,55.0951561,38.7696395
55.0958078,38.7696867,55.0957302,38.7697047,55.0956766,38.7696809,55.0956469,38.7696376,55.0956209,38.7695836,55.0955893,38.7694522,55.0955776,38.7691899,55.0951561,38.7696395,55.0948549,38.769956
55.0776883,38.7811274,55.0777668,38.7808561,55.0778861,38.7804441,55.0779231,38.7803158,55.0779663,38.7801666,55.0780714,38.7798033,55.0780852,38.7797556,55.0781402,38.7795656,55.0782328,38.7792457
55.0777447,38.7523442,55.0777539,38.752453,55.0778368,38.7525804,55.0780713,38.7528801,55.0786042,38.7535808,55.0786547,38.7536127,55.0788188,38.7538312,55.0792241,38.754364,55.0795108,38.7547375
55.0777539,38.752453,55.0778368,38.7525804,55.0780713,38.7528801,55.0786042,38.7535808,55.0786547,38.7536127,55.0788188,38.7538312,55.0792241,38.754364,55.0795108,38.7547375,55.0795621,38.7547797
55.0827799,38.7479584,55.0826641,38.7481837,55.0823355,38.7486466,55.0820401,38.7490629,55.0820127,38.7491015,55.0817214,38.7494861,55.0814161,38.7498891,55.0811128,38.750302,55.0808031,38.7507235
55.0826641,38.7481837,55.0823355,38.7486466,55.0820401,38.7490629,55.0820127,38.7491015,55.0817214,38.7494861,55.0814161,38.7498891,55.0811128,38.750302,55.0808031,38.7507235,55.0805675,38.7510444
55.0823355,38.7486466,55.0820401,38.7490629,55.0820127,38.7491015,55.0817214,38.7494861,55.0814161,38.7498891,55.0811128,38.750302,55.0808031,38.7507235,55.0805675,38.7510444,55.0804986,38.7511339
55.0820401,38.7490629,55.0820127,38.7491015,55.0817214,38.7494861,55.0814161,38.7498891,55.0811128,38.750302,55.0808031,38.7507235,55.0805675,38.7510444,55.0804986,38.7511339,55.0801782,38.7515505
55.0820127,38.7491015,55.0817214,38.7494861,55.0814161,38.7498891,55.0811128,38.750302,55.0808031,38.7507235,55.0805675,38.7510444,55.0804986,38.7511339,55.0801782,38.7515505,55.0801398,38.7516003
55.0817214,38.7494861,55.0814161,38.7498891,55.0811128,38.750302,55.0808031,38.7507235,55.0805675,38.7510444,55.0804986,38.7511339,55.0801782,38.7515505,55.0801398,38.7516003,55.0798676,38.7519638
55.0814161,38.7498891,55.0811128,38.750302,55.0808031,38.7507235,55.0805675,38.7510444,55.0804986,38.7511339,55.0801782,38.7515505,55.0801398,38.7516003,55.0798676,38.7519638,55.0795595,38.7523753
55.0811128,38.750302,55.0808031,38.7507235,55.0805675,38.7510444,55.0804986,38.7511339,55.0801782,38.7515505,55.0801398,38.7516003,55.0798676,38.7519638,55.0795595,38.7523753,55.0792813,38.7527469
55.0808031,38.7507235,55.0805675,38.7510444,55.0804986,38.7511339,55.0801782,38.7515505,55.0801398,38.7516003,55.0798676,38.7519638,55.0795595,38.7523753,55.0792813,38.7527469,55.0792464,38.7527967
55.0805675,38.7510444,55.0804986,38.7511339,55.0801782,38.7515505,55.0801398,38.7516003,55.0798676,38.7519638,55.0795595,38.7523753,55.0792813,38.7527469,55.0792464,38.7527967,55.0789626,38.7532011
55.0804986,38.7511339,55.0801782,38.7515505,55.0801398,38.7516003,55.0798676,38.7519638,55.0795595,38.7523753,55.0792813,38.7527469,55.0792464,38.7527967,55.0789626,38.7532011,55.0789034,38.7532855
55.0801782,38.7515505,55.0801398,38.7516003,55.0798676,38.7519638,55.0795595,38.7523753,55.0792813,38.7527469,55.0792464,38.7527967,55.0789626,38.7532011,55.0789034,38.7532855,55.0787094,38.753549
55.0801398,38.7516003,55.0798676,38.7519638,55.0795595,38.7523753,55.0792813,38.7527469,55.0792464,38.7527967,55.0789626,38.7532011,55.0789034,38.7532855,55.0787094,38.753549,55.0786547,38.7536127
55.0816126,38.746715,55.0814689,38.7469254,55.081309,38.7471593,55.080995,38.7475606,55.0809243,38.7476582,55.0804723,38.7482817,55.0802871,38.7485372,55.0800152,38.7489056,55.0796343,38.7494217
55.0814689,38.7469254,55.081309,38.7471593,55.080995,38.7475606,55.0809243,38.7476582,55.0804723,38.7482817,55.0802871,38.7485372,55.0800152,38.7489056,55.0796343,38.7494217,55.0795772,38.7494968
55.081309,38.7471593,55.080995,38.7475606,55.0809243,38.7476582,55.0804723,38.7482817,55.0802871,38.7485372,55.0800152,38.7489056,55.0796343,38.7494217,55.0795772,38.7494968,55.0791064,38.7501148
55.080995,38.7475606,55.0809243,38.7476582,55.0804723,38.7482817,55.0802871,38.7485372,55.0800152,38.7489056,55.0796343,38.7494217,55.0795772,38.7494968,55.0791064,38.7501148,55.0786563,38.7507228
55.0809243,38.7476582,55.0804723,38.7482817,55.0802871,38.7485372,55.0800152,38.7489056,55.0796343,38.7494217,55.0795772,38.7494968,55.0791064,38.7501148,55.0786563,38.7507228,55.0782478,38.7512746
55.0804723,38.7482817,55.0802871,38.7485372,55.0800152,38.7489056,55.0796343,38.7494217,55.0795772,38.7494968,55.0791064,38.7501148,55.0786563,38.7507228,55.0782478,38.7512746,55.0782006,38.7513402
55.0802871,38.7485372,55.0800152,38.7489056,55.0796343,38.7494217,55.0795772,38.7494968,55.0791064,38.7501148,55.0786563,38.7507228,55.0782478,38.7512746,55.0782006,38.7513402,55.0777262,38.7519994
55.0800152,38.7489056,55.0796343,38.7494217,55.0795772,38.7494968,55.0791064,38.7501148,55.0786563,38.7507228,55.0782478,38.7512746,55.0782006,38.7513402,55.0777262,38.7519994,55.0775182,38.7522574
55.0796343,38.7494217,55.0795772,38.7494968,55.0791064,38.7501148,55.0786563,38.7507228,55.0782478,38.7512746,55.0782006,38.7513402,55.0777262,38.7519994,55.0775182,38.7522574,55.0773154,38.7524732
55.0838957,38.7488318,55.0840335,38.7486256,55.0841003,38.7485048,55.0840605,38.7483779,55.0837101,38.7480135,55.0834417,38.7478251,55.0828663,38.7475753,55.082462,38.7473644,55.08208,38.7471065
55.0840335,38.7486256,55.0841003,38.7485048,55.0840605,38.7483779,55.0837101,38.7480135,55.0834417,38.7478251,55.0828663,38.7475753,55.082462,38.7473644,55.08208,38.7471065,55.081835,38.7468976
55.0841003,38.7485048,55.0840605,38.7483779,55.0837101,38.7480135,55.0834417,38.7478251,55.0828663,38.7475753,55.082462,38.7473644,55.08208,38.7471065,55.081835,38.7468976,55.081746,38.7468526
55.0840605,38.7483779,55.0837101,38.7480135,55.0834417,38.7478251,55.0828663,38.7475753,55.082462,38.7473644,55.08208,38.7471065,55.081835,38.7468976,55.081746,38.7468526,55.0816909,38.746869
55.0837101,38.7480135,55.0834417,38.7478251,55.0828663,38.7475753,55.082462,38.7473644,55.08208,38.7471065,55.081835,38.7468976,55.081746,38.7468526,55.0816909,38.746869,55.0816323,38.7469406
55.0834417,38.7478251,55.0828663,38.7475753,55.082462,38.7473644,55.08208,38.7471065,55.081835,38.7468976,55.081746,38.7468526,55.0816909,38.746869,55.0816323,38.7469406,55.0815889,38.7470266
55.0828663,38.7475753,55.082462,38.7473644,55.08208,38.7471065,55.081835,38.7468976,55.081746,38.7468526,55.0816909,38.746869,55.0816323,38.7469406,55.0815889,38.7470266,55.0815458,38.7471842
55.0803724,38.7549977,55.0804658,38.7547885,55.080516,38.7545814,55.0805723,38.7544245,55.080728,38.7542028,55.0811327,38.7536025,55.0809902,38.7534205,55.0807796,38.7531078,55.0805319,38.7528167
55.0804658,38.7547885,55.080516,38.7545814,55.0805723,38.7544245,55.080728,38.7542028,55.0811327,38.7536025,55.0809902,38.7534205,55.0807796,38.7531078,55.0805319,38.7528167,55.0801751,38.7523524
55.080516,38.7545814,55.0805723,38.7544245,55.080728,38.7542028,55.0811327,38.7536025,55.0809902,38.7534205,55.0807796,38.7531078,55.0805319,38.7528167,55.0801751,38.7523524,55.0798676,38.7519638
55.0805723,38.7544245,55.080728,38.7542028,55.0811327,38.7536025,55.0809902,38.7534205,55.0807796,38.7531078,55.0805319,38.7528167,55.0801751,38.7523524,55.0798676,38.7519638,55.0789294,38.7507467
55.078979,38.7482816,55.0789179,38.7484077,55.0788763,38.7484782,55.0788078,38.7485402,55.0787209,38.7484804,55.0785924,38.7483308,55.0784469,38.748226,55.0783318,38.7482389,55.0782609,38.7484376
55.088104,38.7619222,55.0880965,38.761967,55.0880828,38.7620488,55.0879049,38.7630288,55.0878356,38.7634103,55.0877667,38.7638205,55.0877416,38.7639702,55.0875538,38.7650897,55.0875153,38.7653185
55.0880965,38.761967,55.0880828,38.7620488,55.0879049,38.7630288,55.0878356,38.7634103,55.0877667,38.7638205,55.0877416,38.7639702,55.0875538,38.7650897,55.0875153,38.7653185,55.0874816,38.7655202
55.0880828,38.7620488,55.0879049,38.7630288,55.0878356,38.7634103,55.0877667,38.7638205,55.0877416,38.7639702,55.0875538,38.7650897,55.0875153,38.7653185,55.0874816,38.7655202,55.0874747,38.7655611
55.0879049,38.7630288,55.0878356,38.7634103,55.0877667,38.7638205,55.0877416,38.7639702,55.0875538,38.7650897,55.0875153,38.7653185,55.0874816,38.7655202,55.0874747,38.7655611,55.0874501,38.765708
55.0776707,38.7388421,55.077775,38.7387435,55.0778755,38.7385411,55.0778813,38.7383589,55.0778407,38.7382071,55.0778175,38.7380182,55.077831,38.7376708,55.0778001,38.7373132,55.0777693,38.7371007
55.077775,38.7387435,55.0778755,38.7385411,55.0778813,38.7383589,55.0778407,38.7382071,55.0778175,38.7380182,55.077831,38.7376708,55.0778001,38.7373132,55.0777693,38.7371007,55.0776999,38.7370252
55.0777693,38.7371007,55.0777905,38.7368747,55.0779102,38.7362473,55.0779179,38.7359032,55.0779134,38.7358317,55.0778909,38.7354782,55.0778658,38.7351779,55.0779025,38.7347765,55.0779527,38.7341491
55.0777905,38.7368747,55.0779102,38.7362473,55.0779179,38.7359032,55.0779134,38.7358317,55.0778909,38.7354782,55.0778658,38.7351779,55.0779025,38.7347765,55.0779527,38.7341491,55.077943,38.7336397
55.0779102,38.7362473,55.0779179,38.7359032,55.0779134,38.7358317,55.0778909,38.7354782,55.0778658,38.7351779,55.0779025,38.7347765,55.0779527,38.7341491,55.077943,38.7336397,55.0779334,38.733353
55.0779179,38.7359032,55.0779134,38.7358317,55.0778909,38.7354782,55.0778658,38.7351779,55.0779025,38.7347765,55.0779527,38.7341491,55.077943,38.7336397,55.0779334,38.733353,55.0779012,38.7331072
55.081996,38.7292008,55.0821614,38.7291917,55.0822307,38.7294339,55.0823759,38.7299708,55.0824713,38.7302953,55.0825354,38.7307112,55.0825642,38.7310379,55.0825734,38.7310768,55.0826544,38.7311567
55.0821614,38.7291917,55.0822307,38.7294339,55.0823759,38.7299708,55.0824713,38.7302953,55.0825354,38.7307112,55.0825642,38.7310379,55.0825734,38.7310768,55.0826544,38.7311567,55.0829095,38.7312916
55.0822307,38.7294339,55.0823759,38.7299708,55.0824713,38.7302953,55.0825354,38.7307112,55.0825642,38.7310379,55.0825734,38.7310768,55.0826544,38.7311567,55.0829095,38.7312916,55.0829605,38.7316297
55.0823759,38.7299708,55.0824713,38.7302953,55.0825354,38.7307112,55.0825642,38.7310379,55.0825734,38.7310768,55.0826544,38.7311567,55.0829095,38.7312916,55.0829605,38.7316297,55.0830926,38.7325917
55.0824713,38.7302953,55.0825354,38.7307112,55.0825642,38.7310379,55.0825734,38.7310768,55.0826544,38.7311567,55.0829095,38.7312916,55.0829605,38.7316297,55.0830926,38.7325917,55.0831686,38.7336447
55.0841569,38.7334898,55.083967,38.7334806,55.0835794,38.7335452,55.0834465,38.7335674,55.0831686,38.7336447,55.08265,38.733789,55.0823601,38.7338551,55.0818574,38.7339696,55.0814009,38.7340792
55.0801255,38.7419233,55.080006,38.7418853,55.0799426,38.7418916,55.0798973,38.7419217,55.0798575,38.7420213,55.0798503,38.7421083,55.0798819,38.7421858,55.0799634,38.7422648,55.0800069,38.7423407
55.080006,38.7418853,55.0799426,38.7418916,55.0798973,38.7419217,55.0798575,38.7420213,55.0798503,38.7421083,55.0798819,38.7421858,55.0799634,38.7422648,55.0800069,38.7423407,55.0800123,38.7424562
55.0799426,38.7418916,55.0798973,38.7419217,55.0798575,38.7420213,55.0798503,38.7421083,55.0798819,38.7421858,55.0799634,38.7422648,55.0800069,38.7423407,55.0800123,38.7424562,55.0800503,38.7430777
55.0798973,38.7419217,55.0798575,38.7420213,55.0798503,38.7421083,55.0798819,38.7421858,55.0799634,38.7422648,55.0800069,38.7423407,55.0800123,38.7424562,55.0800503,38.7430777,55.0800739,38.7434873
55.0798575,38.7420213,55.0798503,38.7421083,55.0798819,38.7421858,55.0799634,38.7422648,55.0800069,38.7423407,55.0800123,38.7424562,55.0800503,38.7430777,55.0800739,38.7434873,55.0800983,38.7441609
55.0798503,38.7421083,55.0798819,38.7421858,55.0799634,38.7422648,55.0800069,38.7423407,55.0800123,38.7424562,55.0800503,38.7430777,55.0800739,38.7434873,55.0800983,38.7441609,55.0801327,38.7442479
55.0798819,38.7421858,55.0799634,38.7422648,55.0800069,38.7423407,55.0800123,38.7424562,55.0800503,38.7430777,55.0800739,38.7434873,55.0800983,38.7441609,55.0801327,38.7442479,55.0802585,38.7442289
55.0799634,38.7422648,55.0800069,38.7423407,55.0800123,38.7424562,55.0800503,38.7430777,55.0800739,38.7434873,55.0800983,38.7441609,55.0801327,38.7442479,55.0802585,38.7442289,55.0804287,38.7442036
55.0779102,38.7362473,55.0779517,38.7361629,55.0780087,38.736001,55.0780464,38.735802,55.0780763,38.7356704,55.0781004,38.7356333,55.0781767,38.7356468,55.0782655,38.735635,55.0783244,38.7356047
55.0779517,38.7361629,55.0780087,38.736001,55.0780464,38.735802,55.0780763,38.7356704,55.0781004,38.7356333,55.0781767,38.7356468,55.0782655,38.735635,55.0783244,38.7356047,55.0783795,38.7355861
55.0780087,38.736001,55.0780464,38.735802,55.0780763,38.7356704,55.0781004,38.7356333,55.0781767,38.7356468,55.0782655,38.735635,55.0783244,38.7356047,55.0783795,38.7355861,55.0784471,38.7356097
55.0780464,38.735802,55.0780763,38.7356704,55.0781004,38.7356333,55.0781767,38.7356468,55.0782655,38.735635,55.0783244,38.7356047,55.0783795,38.7355861,55.0784471,38.7356097,55.0785059,38.7356839
55.0780763,38.7356704,55.0781004,38.7356333,55.0781767,38.7356468,55.0782655,38.735635,55.0783244,38.7356047,55.0783795,38.7355861,55.0784471,38.7356097,55.0785059,38.7356839,55.0785562,38.7357767
55.0781004,38.7356333,55.0781767,38.7356468,55.0782655,38.735635,55.0783244,38.7356047,55.0783795,38.7355861,55.0784471,38.7356097,55.0785059,38.7356839,55.0785562,38.7357767,55.0786035,38.735888
55.0781767,38.7356468,55.0782655,38.735635,55.0783244,38.7356047,55.0783795,38.7355861,55.0784471,38.7356097,55.0785059,38.7356839,55.0785562,38.7357767,55.0786035,38.735888,55.078644,38.7360331
55.0782655,38.735635,55.0783244,38.7356047,55.0783795,38.7355861,55.0784471,38.7356097,55.0785059,38.7356839,55.0785562,38.7357767,55.0786035,38.735888,55.078644,38.7360331,55.0786864,38.7361117
55.080006,38.7418853,55.0799438,38.7417847,55.0798795,38.7416566,55.0797989,38.7413862,55.0796903,38.7409951,55.0796096,38.7408881,55.079313,38.7406078,55.0792099,38.7404417,55.0790614,38.7402068
55.0799438,38.7417847,55.0798795,38.7416566,55.0797989,38.7413862,55.0796903,38.7409951,55.0796096,38.7408881,55.079313,38.7406078,55.0792099,38.7404417,55.0790614,38.7402068,55.0789948,38.739934
55.0798795,38.7416566,55.0797989,38.7413862,55.0796903,38.7409951,55.0796096,38.7408881,55.079313,38.7406078,55.0792099,38.7404417,55.0790614,38.7402068,55.0789948,38.739934,55.0789487,38.7393257
55.0797989,38.7413862,55.0796903,38.7409951,55.0796096,38.7408881,55.079313,38.7406078,55.0792099,38.7404417,55.0790614,38.7402068,55.0789948,38.739934,55.0789487,38.7393257,55.0789154,38.7389097
55.0796903,38.7409951,55.0796096,38.7408881,55.079313,38.7406078,55.0792099,38.7404417,55.0790614,38.7402068,55.0789948,38.739934,55.0789487,38.7393257,55.0789154,38.7389097,55.0788271,38.7380845
55.0796096,38.7408881,55.079313,38.7406078,55.0792099,38.7404417,55.0790614,38.7402068,55.0789948,38.739934,55.0789487,38.7393257,55.0789154,38.7389097,55.0788271,38.7380845,55.0788147,38.7376947
55.079313,38.7406078,55.0792099,38.7404417,55.0790614,38.7402068,55.0789948,38.739934,55.0789487,38.7393257,55.0789154,38.7389097,55.0788271,38.7380845,55.0788147,38.7376947,55.0797045,38.7377082
55.0792099,38.7404417,55.0790614,38.7402068,55.0789948,38.739934,55.0789487,38.7393257,55.0789154,38.7389097,55.0788271,38.7380845,55.0788147,38.7376947,55.0797045,38.7377082,55.0800745,38.7376992
55.0790614,38.7402068,55.0789948,38.739934,55.0789487,38.7393257,55.0789154,38.7389097,55.0788271,38.7380845,55.0788147,38.7376947,55.0797045,38.7377082,55.0800745,38.7376992,55.080312,38.737734
55.0789948,38.739934,55.0789487,38.7393257,55.0789154,38.7389097,55.0788271,38.7380845,55.0788147,38.7376947,55.0797045,38.7377082,55.0800745,38.7376992,55.080312,38.737734,55.0804713,38.7377574
55.0789487,38.7393257,55.0789154,38.7389097,55.0788271,38.7380845,55.0788147,38.7376947,55.0797045,38.7377082,55.0800745,38.7376992,55.080312,38.737734,55.0804713,38.7377574,55.0809343,38.7378519
55.0789154,38.7389097,55.0788271,38.7380845,55.0788147,38.7376947,55.0797045,38.7377082,55.0800745,38.7376992,55.080312,38.737734,55.0804713,38.7377574,55.0809343,38.7378519,55.0815185,38.7380034
55.0788271,38.7380845,55.0788147,38.7376947,55.0797045,38.7377082,55.0800745,38.7376992,55.080312,38.737734,55.0804713,38.7377574,55.0809343,38.7378519,55.0815185,38.7380034,55.0820727,38.7381934
55.0875319,38.7429421,55.0873702,38.7432978,55.0871001,38.7439782,55.087449,38.7444462,55.0874972,38.74444,55.0875876,38.7442286,55.0877039,38.743931,55.0877802,38.7437258,55.0879024,38.7434959
55.0873702,38.7432978,55.0871001,38.7439782,55.087449,38.7444462,55.0874972,38.74444,55.0875876,38.7442286,55.0877039,38.743931,55.0877802,38.7437258,55.0879024,38.7434959,55.0880081,38.7433564
55.0871001,38.7439782,55.087449,38.7444462,55.0874972,38.74444,55.0875876,38.7442286,55.0877039,38.743931,55.0877802,38.7437258,55.0879024,38.7434959,55.0880081,38.7433564,55.0881068,38.7430588
55.087449,38.7444462,55.0874972,38.74444,55.0875876,38.7442286,55.0877039,38.743931,55.0877802,38.7437258,55.0879024,38.7434959,55.0880081,38.7433564,55.0881068,38.7430588,55.0881526,38.7427735
55.0874972,38.74444,55.0875876,38.7442286,55.0877039,38.743931,55.0877802,38.7437258,55.0879024,38.7434959,55.0880081,38.7433564,55.0881068,38.7430588,55.0881526,38.7427735,55.0882184,38.7426073
55.0875876,38.7442286,55.0877039,38.743931,55.0877802,38.7437258,55.0879024,38.7434959,55.0880081,38.7433564,55.0881068,38.7430588,55.0881526,38.7427735,55.0882184,38.7426073,55.0883299,38.7423158
55.0877039,38.743931,55.0877802,38.7437258,55.0879024,38.7434959,55.0880081,38.7433564,55.0881068,38.7430588,55.0881526,38.7427735,55.0882184,38.7426073,55.0883299,38.7423158,55.0884145,38.7420983
55.0877802,38.7437258,55.0879024,38.7434959,55.0880081,38.7433564,55.0881068,38.7430588,55.0881526,38.7427735,55.0882184,38.7426073,55.0883299,38.7423158,55.0884145,38.7420983,55.0884204,38.7419854
55.0879024,38.7434959,55.0880081,38.7433564,55.0881068,38.7430588,55.0881526,38.7427735,55.0882184,38.7426073,55.0883299,38.7423158,55.0884145,38.7420983,55.0884204,38.7419854,55.0884122,38.74185
55.0880081,38.7433564,55.0881068,38.7430588,55.0881526,38.7427735,55.0882184,38.7426073,55.0883299,38.7423158,55.0884145,38.7420983,55.0884204,38.7419854,55.0884122,38.74185,55.0883699,38.7417309
55.0881068,38.7430588,55.0881526,38.7427735,55.0882184,38.7426073,55.0883299,38.7423158,55.0884145,38.7420983,55.0884204,38.7419854,55.0884122,38.74185,55.0883699,38.7417309,55.088357,38.7415955
55.0881526,38.7427735,55.0882184,38.7426073,55.0883299,38.7423158,55.0884145,38.7420983,55.0884204,38.7419854,55.0884122,38.74185,55.0883699,38.7417309,55.088357,38.7415955,55.0883945,38.7413923
55.0882184,38.7426073,55.0883299,38.7423158,55.0884145,38.7420983,55.0884204,38.7419854,55.0884122,38.74185,55.0883699,38.7417309,55.088357,38.7415955,55.0883945,38.7413923,55.0883734,38.7412794
55.0883299,38.7423158,55.0884145,38.7420983,55.0884204,38.7419854,55.0884122,38.74185,55.0883699,38.7417309,55.088357,38.7415955,55.0883945,38.7413923,55.0883734,38.7412794,55.0883137,38.7412008
55.0884145,38.7420983,55.0884204,38.7419854,55.0884122,38.74185,55.0883699,38.7417309,55.088357,38.7415955,55.0883945,38.7413923,55.0883734,38.7412794,55.0883137,38.7412008,55.0879204,38.7407148
55.0884356,38.7422415,55.088684,38.7416727,55.0891985,38.7404779,55.0893493,38.7401122,55.089409,38.7401083,55.0895462,38.7402479,55.0897791,38.7405546,55.0890767,38.7421488,55.0885223,38.7434408
55.0864237,38.7388411,55.0863248,38.7389797,55.086111,38.7393091,55.0859696,38.7395943,55.0858305,38.7399398,55.0856488,38.7403516,55.0854039,38.7409121,55.0852418,38.7412857,55.0851361,38.7415167
55.0818574,38.7339696,55.0815147,38.7293493,55.0816023,38.7292831,55.081996,38.7292008,55.08203,38.7292488,55.0821909,38.7311819,55.0822916,38.7324203,55.0823178,38.7330099,55.0823601,38.7338551
55.0756182,38.7378595,55.0755452,38.7378386,55.0754216,38.7376024,55.0753443,38.7375114,55.075271,38.7375417,55.0752092,38.7376766,55.0751995,38.737987,55.0751976,38.738358,55.0752233,38.7385466
55.0767227,38.7394404,55.0765783,38.7394881,55.0764567,38.7396095,55.0763466,38.7396669,55.0761805,38.7395421,55.0759449,38.7392688,55.0757731,38.7390125,55.0756514,38.7386718,55.0756475,38.7384424
55.0778711,38.7328229,55.0778304,38.732941,55.0777376,38.7330483,55.0773307,38.7332177,55.074941,38.7341909,55.0748427,38.7341766,55.074728,38.7338784,55.0746447,38.7335516,55.0745846,38.7332937
55.0883215,38.7621846,55.0882651,38.7625563,55.0881148,38.7635475,55.0881055,38.7636088,55.0880624,38.7638932,55.0879049,38.7649314,55.0878558,38.7652547,55.0878221,38.7654774,55.087793,38.7656688
55.0882651,38.7625563,55.0881148,38.7635475,55.0881055,38.7636088,55.0880624,38.7638932,55.0879049,38.7649314,55.0878558,38.7652547,55.0878221,38.7654774,55.087793,38.7656688,55.0877867,38.7657102
55.0881148,38.7635475,55.0881055,38.7636088,55.0880624,38.7638932,55.0879049,38.7649314,55.0878558,38.7652547,55.0878221,38.7654774,55.087793,38.7656688,55.0877867,38.7657102,55.0877625,38.7658699
55.0917216,38.7667413,55.0917351,38.7669002,55.0917397,38.7670706,55.0917255,38.7672236,55.0918133,38.7672721,55.0918235,38.7672353,55.0918834,38.7671342,55.0919542,38.7668703,55.0919331,38.766854
55.0917351,38.7669002,55.0917397,38.7670706,55.0917255,38.7672236,55.0918133,38.7672721,55.0918235,38.7672353,55.0918834,38.7671342,55.0919542,38.7668703,55.0919331,38.766854,55.0920795,38.7663472
55.0917397,38.7670706,55.0917255,38.7672236,55.0918133,38.7672721,55.0918235,38.7672353,55.0918834,38.7671342,55.0919542,38.7668703,55.0919331,38.766854,55.0920795,38.7663472,55.0922441,38.7657663
55.0917255,38.7672236,55.0918133,38.7672721,55.0918235,38.7672353,55.0918834,38.7671342,55.0919542,38.7668703,55.0919331,38.766854,55.0920795,38.7663472,55.0922441,38.7657663,55.0923382,38.7654544
55.0918133,38.7672721,55.0918235,38.7672353,55.0918834,38.7671342,55.0919542,38.7668703,55.0919331,38.766854,55.0920795,38.7663472,55.0922441,38.7657663,55.0923382,38.7654544,55.0915847,38.7642671
55.0918235,38.7672353,55.0918834,38.7671342,55.0919542,38.7668703,55.0919331,38.766854,55.0920795,38.7663472,55.0922441,38.7657663,55.0923382,38.7654544,55.0915847,38.7642671,55.0914763,38.7640963
55.0918834,38.7671342,55.0919542,38.7668703,55.0919331,38.766854,55.0920795,38.7663472,55.0922441,38.7657663,55.0923382,38.7654544,55.0915847,38.7642671,55.0914763,38.7640963,55.0909394,38.7635045
55.0919542,38.7668703,55.0919331,38.766854,55.0920795,38.7663472,55.0922441,38.7657663,55.0923382,38.7654544,55.0915847,38.7642671,55.0914763,38.7640963,55.0909394,38.7635045,55.090656,38.7633571
55.0919331,38.766854,55.0920795,38.7663472,55.0922441,38.7657663,55.0923382,38.7654544,55.0915847,38.7642671,55.0914763,38.7640963,55.0909394,38.7635045,55.090656,38.7633571,55.0905344,38.7632954
55.0920795,38.7663472,55.0922441,38.7657663,55.0923382,38.7654544,55.0915847,38.7642671,55.0914763,38.7640963,55.0909394,38.7635045,55.090656,38.7633571,55.0905344,38.7632954,55.089727,38.7628862
55.0922441,38.7657663,55.0923382,38.7654544,55.0915847,38.7642671,55.0914763,38.7640963,55.0909394,38.7635045,55.090656,38.7633571,55.0905344,38.7632954,55.089727,38.7628862,55.0889227,38.7624786
55.0923382,38.7654544,55.0915847,38.7642671,55.0914763,38.7640963,55.0909394,38.7635045,55.090656,38.7633571,55.0905344,38.7632954,55.089727,38.7628862,55.0889227,38.7624786,55.0883215,38.7621846
55.0915847,38.7642671,55.0914763,38.7640963,55.0909394,38.7635045,55.090656,38.7633571,55.0905344,38.7632954,55.089727,38.7628862,55.0889227,38.7624786,55.0883215,38.7621846,55.088282,38.7621624
55.0926298,38.7687621,55.0925731,38.7687294,55.0921033,38.7684589,55.0919995,38.7684228,55.0919209,38.7684524,55.0918844,38.7685462,55.0916575,38.7691287,55.0916151,38.7692375,55.0914909,38.7695565
55.0925731,38.7687294,55.0921033,38.7684589,55.0919995,38.7684228,55.0919209,38.7684524,55.0918844,38.7685462,55.0916575,38.7691287,55.0916151,38.7692375,55.0914909,38.7695565,55.0913693,38.7698686
55.0992042,38.7760623,55.099177,38.7760054,55.0989487,38.7756702,55.0986454,38.7751706,55.0986226,38.7751357,55.0982983,38.7746407,55.0971174,38.7727431,55.0967428,38.7721362,55.0966223,38.771941
55.099177,38.7760054,55.0989487,38.7756702,55.0986454,38.7751706,55.0986226,38.7751357,55.0982983,38.7746407,55.0971174,38.7727431,55.0967428,38.7721362,55.0966223,38.771941,55.0959468,38.7709034
55.0989487,38.7756702,55.0986454,38.7751706,55.0986226,38.7751357,55.0982983,38.7746407,55.0971174,38.7727431,55.0967428,38.7721362,55.0966223,38.771941,55.0959468,38.7709034,55.0959753,38.7708461
55.0987568,38.7767953,55.0986914,38.7768269,55.0985931,38.7768744,55.0984557,38.7769262,55.0983736,38.7769919,55.0983251,38.7771008,55.0982895,38.7773064,55.0982876,38.7774862,55.0983113,38.777856
55.0930878,38.767929,55.0929312,38.767779,55.0928685,38.7676841,55.0928506,38.7676578,55.0928062,38.767591,55.0927834,38.7675083,55.0931963,38.7667495,55.0934157,38.7663488,55.0938334,38.76557
55.0929312,38.767779,55.0928685,38.7676841,55.0928506,38.7676578,55.0928062,38.767591,55.0927834,38.7675083,55.0931963,38.7667495,55.0934157,38.7663488,55.0938334,38.76557,55.0938776,38.7654505
55.0785728,38.7807009,55.0785266,38.780856,55.0784857,38.7809837,55.0782112,38.7818813,55.0780635,38.7823757,55.0777397,38.7834749,55.0776586,38.78375,55.0773731,38.7847297,55.0770828,38.7856512
55.0785266,38.780856,55.0784857,38.7809837,55.0782112,38.7818813,55.0780635,38.7823757,55.0777397,38.7834749,55.0776586,38.78375,55.0773731,38.7847297,55.0770828,38.7856512,55.0767893,38.7866724
55.0784857,38.7809837,55.0782112,38.7818813,55.0780635,38.7823757,55.0777397,38.7834749,55.0776586,38.78375,55.0773731,38.7847297,55.0770828,38.7856512,55.0767893,38.7866724,55.0767721,38.7867822
55.0879234,38.776266,55.0879944,38.7760443,55.0881266,38.7756346,55.0881851,38.7754531,55.0883221,38.7750076,55.0884161,38.7747022,55.0885107,38.7743944,55.0885908,38.774134,55.0889483,38.772972
55.0879944,38.7760443,55.0881266,38.7756346,55.0881851,38.7754531,55.0883221,38.7750076,55.0884161,38.7747022,55.0885107,38.7743944,55.0885908,38.774134,55.0889483,38.772972,55.0895792,38.7735379
55.0881266,38.7756346,55.0881851,38.7754531,55.0883221,38.7750076,55.0884161,38.7747022,55.0885107,38.7743944,55.0885908,38.774134,55.0889483,38.772972,55.0895792,38.7735379,55.0896913,38.7736425
55.0886675,38.7766275,55.0879944,38.7760443,55.0876984,38.7757877,55.0871415,38.7753049,55.0869043,38.7750792,55.0862712,38.7745058,55.0857482,38.7740741,55.0856642,38.7739974,55.085524,38.7738689
55.0879944,38.7760443,55.0876984,38.7757877,55.0871415,38.7753049,55.0869043,38.7750792,55.0862712,38.7745058,55.0857482,38.7740741,55.0856642,38.7739974,55.085524,38.7738689,55.0854099,38.7737642
55.0876984,38.7757877,55.0871415,38.7753049,55.0869043,38.7750792,55.0862712,38.7745058,55.0857482,38.7740741,55.0856642,38.7739974,55.085524,38.7738689,55.0854099,38.7737642,55.0850808,38.7734677
55.0828844,38.7772067,55.0829861,38.7768419,55.0830228,38.7766363,55.0831178,38.7762931,55.0832825,38.7757147,55.0833466,38.7754817,55.0833739,38.7754728,55.0834596,38.7751784,55.0836242,38.7746043
55.0829861,38.7768419,55.0830228,38.7766363,55.0831178,38.7762931,55.0832825,38.7757147,55.0833466,38.7754817,55.0833739,38.7754728,55.0834596,38.7751784,55.0836242,38.7746043,55.0838195,38.7739288
55.0830228,38.7766363,55.0831178,38.7762931,55.0832825,38.7757147,55.0833466,38.7754817,55.0833739,38.7754728,55.0834596,38.7751784,55.0836242,38.7746043,55.0838195,38.7739288,55.083941,38.7735034
55.0841084,38.7782783,55.084047,38.7782282,55.0836663,38.7779177,55.0828844,38.7772067,55.0827666,38.7771008,55.0823764,38.7767626,55.0823388,38.7767092,55.0822315,38.7765342,55.0816316,38.7760457
55.084047,38.7782282,55.0836663,38.7779177,55.0828844,38.7772067,55.0827666,38.7771008,55.0823764,38.7767626,55.0823388,38.7767092,55.0822315,38.7765342,55.0816316,38.7760457,55.0815701,38.7759995
55.0836663,38.7779177,55.0828844,38.7772067,55.0827666,38.7771008,55.0823764,38.7767626,55.0823388,38.7767092,55.0822315,38.7765342,55.0816316,38.7760457,55.0815701,38.7759995,55.0816826,38.7755532
55.0840575,38.7784498,55.0836865,38.7781158,55.0835889,38.7780275,55.0831413,38.7776223,55.0823339,38.7769093,55.0823656,38.7768001,55.0823764,38.7767626,55.0829018,38.7750003,55.0828756,38.7749765
55.0815548,38.775905,55.0815239,38.7757583,55.0814911,38.775635,55.0814474,38.7755542,55.08136,38.7754603,55.0812961,38.7753898,55.0812667,38.7753178,55.0812342,38.7751975,55.0812302,38.7751092
55.0834596,38.7751784,55.0835287,38.77525,55.0836219,38.7752976,55.0837113,38.7753949,55.0838285,38.7755261,55.0839774,38.7756743,55.0841011,38.7757852,55.0841905,38.7758316,55.0843269,38.7759784
55.0951012,38.7599472,55.0953677,38.7604232,55.0956119,38.7600031,55.0957112,38.7601795,55.0960097,38.7607102,55.0957787,38.7611076,55.0955644,38.7611045,55.0954709,38.7612651,55.0952108,38.7608028
55.0953677,38.7604232,55.0956119,38.7600031,55.0957112,38.7601795,55.0960097,38.7607102,55.0957787,38.7611076,55.0955644,38.7611045,55.0954709,38.7612651,55.0952108,38.7608028,55.0953582,38.7605496
55.0956119,38.7600031,55.0957112,38.7601795,55.0960097,38.7607102,55.0957787,38.7611076,55.0955644,38.7611045,55.0954709,38.7612651,55.0952108,38.7608028,55.0953582,38.7605496,55.0953677,38.7604232
55.0960819,38.7581,55.0960464,38.7580452,55.095872,38.7577694,55.0956124,38.7582689,55.0955068,38.7582288,55.09533,38.7579483,55.0955911,38.7574459,55.0956925,38.7574374,55.095872,38.7577694
55.0951978,38.7566463,55.0953197,38.7565639,55.0954282,38.756397,55.0955297,38.7560509,55.0955667,38.7558007,55.0956084,38.7556005,55.095674,38.7552106,55.0957361,38.7548915,55.0958244,38.7545683
55.0953197,38.7565639,55.0954282,38.756397,55.0955297,38.7560509,55.0955667,38.7558007,55.0956084,38.7556005,55.095674,38.7552106,55.0957361,38.7548915,55.0958244,38.7545683,55.095896,38.7543723
55.0954282,38.756397,55.0955297,38.7560509,55.0955667,38.7558007,55.0956084,38.7556005,55.095674,38.7552106,55.0957361,38.7548915,55.0958244,38.7545683,55.095896,38.7543723,55.0959878,38.7541617
55.0955297,38.7560509,55.0955667,38.7558007,55.0956084,38.7556005,55.095674,38.7552106,55.0957361,38.7548915,55.0958244,38.7545683,55.095896,38.7543723,55.0959878,38.7541617,55.0960141,38.7540429
55.0955667,38.7558007,55.0956084,38.7556005,55.095674,38.7552106,55.0957361,38.7548915,55.0958244,38.7545683,55.095896,38.7543723,55.0959878,38.7541617,55.0960141,38.7540429,55.0960896,38.753966
55.0912147,38.7323143,55.0917849,38.7333725,55.0918312,38.7333708,55.0918885,38.7333687,55.0919694,38.733291,55.0920811,38.7331357,55.0921609,38.7330859,55.092243,38.7331417,55.0923307,38.7333866
55.0917849,38.7333725,55.0918312,38.7333708,55.0918885,38.7333687,55.0919694,38.733291,55.0920811,38.7331357,55.0921609,38.7330859,55.092243,38.7331417,55.0923307,38.7333866,55.0929287,38.7344632
55.0867835,38.7355121,55.0868746,38.735328,55.0869396,38.7352384,55.0871673,38.7348683,55.0872225,38.7347819,55.0873667,38.7345558,55.0877948,38.7338852,55.0882232,38.7332573,55.0882881,38.7331622
55.0868746,38.735328,55.0869396,38.7352384,55.0871673,38.7348683,55.0872225,38.7347819,55.0873667,38.7345558,55.0877948,38.7338852,55.0882232,38.7332573,55.0882881,38.7331622,55.0885248,38.7328187
55.0869396,38.7352384,55.0871673,38.7348683,55.0872225,38.7347819,55.0873667,38.7345558,55.0877948,38.7338852,55.0882232,38.7332573,55.0882881,38.7331622,55.0885248,38.7328187,55.0888519,38.732344
55.0871673,38.7348683,55.0872225,38.7347819,55.0873667,38.7345558,55.0877948,38.7338852,55.0882232,38.7332573,55.0882881,38.7331622,55.0885248,38.7328187,55.0888519,38.732344,55.0890303,38.7320083
55.0937296,38.7437411,55.0928798,38.7421324,55.0923282,38.7410385,55.0920012,38.7404802,55.0919531,38.740398,55.0915829,38.7394893,55.0910269,38.7400631,55.0906508,38.7405391,55.0907135,38.7407602
55.0928798,38.7421324,55.0923282,38.7410385,55.0920012,38.7404802,55.0919531,38.740398,55.0915829,38.7394893,55.0910269,38.7400631,55.0906508,38.7405391,55.0907135,38.7407602,55.0909061,38.7410948
55.0923282,38.7410385,55.0920012,38.7404802,55.0919531,38.740398,55.0915829,38.7394893,55.0910269,38.7400631,55.0906508,38.7405391,55.0907135,38.7407602,55.0909061,38.7410948,55.0912027,38.7415398
55.0920012,38.7404802,55.0919531,38.740398,55.0915829,38.7394893,55.0910269,38.7400631,55.0906508,38.7405391,55.0907135,38.7407602,55.0909061,38.7410948,55.0912027,38.7415398,55.0914461,38.7419877
55.0897227,38.7396701,55.0898328,38.739513,55.090363,38.7388844,55.0909287,38.7381868,55.0910528,38.738046,55.0913711,38.7376848,55.091844,38.7370805,55.0919869,38.7369094,55.0921631,38.7366984
55.0898328,38.739513,55.090363,38.7388844,55.0909287,38.7381868,55.0910528,38.738046,55.0913711,38.7376848,55.091844,38.7370805,55.0919869,38.7369094,55.0921631,38.7366984,55.092441,38.736353
55.0894318,38.73874,55.0898039,38.7382759,55.0900318,38.737966,55.0907499,38.7371355,55.09092,38.7369386,55.0913857,38.736348,55.0916758,38.7360003,55.0920725,38.7355249,55.0922744,38.7352818
55.0898039,38.7382759,55.0900318,38.737966,55.0907499,38.7371355,55.09092,38.7369386,55.0913857,38.736348,55.0916758,38.7360003,55.0920725,38.7355249,55.0922744,38.7352818,55.0923556,38.735184
55.0900318,38.737966,55.0907499,38.7371355,55.09092,38.7369386,55.0913857,38.736348,55.0916758,38.7360003,55.0920725,38.7355249,55.0922744,38.7352818,55.0923556,38.735184,55.0925849,38.7348956
55.0907499,38.7371355,55.09092,38.7369386,55.0913857,38.736348,55.0916758,38.7360003,55.0920725,38.7355249,55.0922744,38.7352818,55.0923556,38.735184,55.0925849,38.7348956,55.0929287,38.7344632
55.09092,38.7369386,55.0913857,38.736348,55.0916758,38.7360003,55.0920725,38.7355249,55.0922744,38.7352818,55.0923556,38.735184,55.0925849,38.7348956,55.0929287,38.7344632,55.0931656,38.734173
55.0959992,38.7506647,55.0955618,38.7501234,55.0950945,38.749545,55.0946388,38.7489809,55.0941792,38.7484121,55.0936992,38.7478542,55.0932852,38.7473187,55.0932721,38.7473042,55.0931824,38.7472048
55.0955618,38.7501234,55.0950945,38.749545,55.0946388,38.7489809,55.0941792,38.7484121,55.0936992,38.7478542,55.0932852,38.7473187,55.0932721,38.7473042,55.0931824,38.7472048,55.0930438,38.7470348
55.0950945,38.749545,55.0946388,38.7489809,55.0941792,38.7484121,55.0936992,38.7478542,55.0932852,38.7473187,55.0932721,38.7473042,55.0931824,38.7472048,55.0930438,38.7470348,55.0925623,38.7464433
55.0946388,38.7489809,55.0941792,38.7484121,55.0936992,38.7478542,55.0932852,38.7473187,55.0932721,38.7473042,55.0931824,38.7472048,55.0930438,38.7470348,55.0925623,38.7464433,55.0920968,38.7458699
55.0941792,38.7484121,55.0936992,38.7478542,55.0932852,38.7473187,55.0932721,38.7473042,55.0931824,38.7472048,55.0930438,38.7470348,55.0925623,38.7464433,55.0920968,38.7458699,55.0918683,38.7455882
55.0936992,38.7478542,55.0932852,38.7473187,55.0932721,38.7473042,55.0931824,38.7472048,55.0930438,38.7470348,55.0925623,38.7464433,55.0920968,38.7458699,55.0918683,38.7455882,55.0914363,38.745056
55.0932852,38.7473187,55.0932721,38.7473042,55.0931824,38.7472048,55.0930438,38.7470348,55.0925623,38.7464433,55.0920968,38.7458699,55.0918683,38.7455882,55.0914363,38.745056,55.0910557,38.744587
55.0932721,38.7473042,55.0931824,38.7472048,55.0930438,38.7470348,55.0925623,38.7464433,55.0920968,38.7458699,55.0918683,38.7455882,55.0914363,38.745056,55.0910557,38.744587,55.0906461,38.7440824
55.0931824,38.7472048,55.0930438,38.7470348,55.0925623,38.7464433,55.0920968,38.7458699,55.0918683,38.7455882,55.0914363,38.745056,55.0910557,38.744587,55.0906461,38.7440824,55.090266,38.7436141
55.0930438,38.7470348,55.0925623,38.7464433,55.0920968,38.7458699,55.0918683,38.7455882,55.0914363,38.745056,55.0910557,38.744587,55.0906461,38.7440824,55.090266,38.7436141,55.0898771,38.743135
55.0925623,38.7464433,55.0920968,38.7458699,55.0918683,38.7455882,55.0914363,38.745056,55.0910557,38.744587,55.0906461,38.7440824,55.090266,38.7436141,55.0898771,38.743135,55.0894725,38.7426364
55.0940937,38.7431757,55.0944767,38.7425572,55.0944478,38.7424361,55.0943657,38.7422819,55.093206,38.7401041,55.0921439,38.7380185,55.0921111,38.7379756,55.091861,38.7383021,55.091346,38.7389159
55.0944767,38.7425572,55.0944478,38.7424361,55.0943657,38.7422819,55.093206,38.7401041,55.0921439,38.7380185,55.0921111,38.7379756,55.091861,38.7383021,55.091346,38.7389159,55.0906629,38.7397253
55.0944478,38.7424361,55.0943657,38.7422819,55.093206,38.7401041,55.0921439,38.7380185,55.0921111,38.7379756,55.091861,38.7383021,55.091346,38.7389159,55.0906629,38.7397253,55.0902834,38.7401816
55.0884328,38.7357856,55.0885491,38.7357742,55.0888672,38.7357342,55.0890391,38.7357336,55.0891839,38.7357331,55.0894503,38.7357321,55.0896031,38.7357186,55.089827,38.7357564,55.0901065,38.7357699
55.0885491,38.7357742,55.0888672,38.7357342,55.0890391,38.7357336,55.0891839,38.7357331,55.0894503,38.7357321,55.0896031,38.7357186,55.089827,38.7357564,55.0901065,38.7357699,55.0904076,38.7356296
55.0888672,38.7357342,55.0890391,38.7357336,55.0891839,38.7357331,55.0894503,38.7357321,55.0896031,38.7357186,55.089827,38.7357564,55.0901065,38.7357699,55.0904076,38.7356296,55.0904813,38.7355764
55.0890391,38.7357336,55.0891839,38.7357331,55.0894503,38.7357321,55.0896031,38.7357186,55.089827,38.7357564,55.0901065,38.7357699,55.0904076,38.7356296,55.0904813,38.7355764,55.0907396,38.7353899
55.0891839,38.7357331,55.0894503,38.7357321,55.0896031,38.7357186,55.089827,38.7357564,55.0901065,38.7357699,55.0904076,38.7356296,55.0904813,38.7355764,55.0907396,38.7353899,55.0908075,38.7353409
55.0894503,38.7357321,55.0896031,38.7357186,55.089827,38.7357564,55.0901065,38.7357699,55.0904076,38.7356296,55.0904813,38.7355764,55.0907396,38.7353899,55.0908075,38.7353409,55.0909465,38.7352168
55.0896031,38.7357186,55.089827,38.7357564,55.0901065,38.7357699,55.0904076,38.7356296,55.0904813,38.7355764,55.0907396,38.7353899,55.0908075,38.7353409,55.0909465,38.7352168,55.091056,38.7350344
55.089827,38.7357564,55.0901065,38.7357699,55.0904076,38.7356296,55.0904813,38.7355764,55.0907396,38.7353899,55.0908075,38.7353409,55.0909465,38.7352168,55.091056,38.7350344,55.0911101,38.7349443
55.0901065,38.7357699,55.0904076,38.7356296,55.0904813,38.7355764,55.0907396,38.7353899,55.0908075,38.7353409,55.0909465,38.7352168,55.091056,38.7350344,55.0911101,38.7349443,55.091297,38.7346556
55.0904076,38.7356296,55.0904813,38.7355764,55.0907396,38.7353899,55.0908075,38.7353409,55.0909465,38.7352168,55.091056,38.7350344,55.0911101,38.7349443,55.091297,38.7346556,55.0913359,38.7345589
55.0904813,38.7355764,55.0907396,38.7353899,55.0908075,38.7353409,55.0909465,38.7352168,55.091056,38.7350344,55.0911101,38.7349443,55.091297,38.7346556,55.0913359,38.7345589,55.0914143,38.7343642
55.0907396,38.7353899,55.0908075,38.7353409,55.0909465,38.7352168,55.091056,38.7350344,55.0911101,38.7349443,55.091297,38.7346556,55.0913359,38.7345589,55.0914143,38.7343642,55.0915347,38.7340701
55.0908075,38.7353409,55.0909465,38.7352168,55.091056,38.7350344,55.0911101,38.7349443,55.091297,38.7346556,55.0913359,38.7345589,55.0914143,38.7343642,55.0915347,38.7340701,55.0915394,38.7339406
55.0909465,38.7352168,55.091056,38.7350344,55.0911101,38.7349443,55.091297,38.7346556,55.0913359,38.7345589,55.0914143,38.7343642,55.0915347,38.7340701,55.0915394,38.7339406,55.0917849,38.7333725
55.091056,38.7350344,55.0911101,38.7349443,55.091297,38.7346556,55.0913359,38.7345589,55.0914143,38.7343642,55.0915347,38.7340701,55.0915394,38.7339406,55.0917849,38.7333725,55.0917991,38.7330114
55.0911101,38.7349443,55.091297,38.7346556,55.0913359,38.7345589,55.0914143,38.7343642,55.0915347,38.7340701,55.0915394,38.7339406,55.0917849,38.7333725,55.0917991,38.7330114,55.0919221,38.7320878
55.091297,38.7346556,55.0913359,38.7345589,55.0914143,38.7343642,55.0915347,38.7340701,55.0915394,38.7339406,55.0917849,38.7333725,55.0917991,38.7330114,55.0919221,38.7320878,55.0919687,38.7317771
55.0913359,38.7345589,55.0914143,38.7343642,55.0915347,38.7340701,55.0915394,38.7339406,55.0917849,38.7333725,55.0917991,38.7330114,55.0919221,38.7320878,55.0919687,38.7317771,55.092067,38.731121
55.0914143,38.7343642,55.0915347,38.7340701,55.0915394,38.7339406,55.0917849,38.7333725,55.0917991,38.7330114,55.0919221,38.7320878,55.0919687,38.7317771,55.092067,38.731121,55.0920667,38.7309902
55.0915347,38.7340701,55.0915394,38.7339406,55.0917849,38.7333725,55.0917991,38.7330114,55.0919221,38.7320878,55.0919687,38.7317771,55.092067,38.731121,55.0920667,38.7309902,55.0919447,38.7302872
55.0915394,38.7339406,55.0917849,38.7333725,55.0917991,38.7330114,55.0919221,38.7320878,55.0919687,38.7317771,55.092067,38.731121,55.0920667,38.7309902,55.0919447,38.7302872,55.0918216,38.7301517
55.0917849,38.7333725,55.0917991,38.7330114,55.0919221,38.7320878,55.0919687,38.7317771,55.092067,38.731121,55.0920667,38.7309902,55.0919447,38.7302872,55.0918216,38.7301517,55.0916854,38.7300611
55.0931482,38.7341006,55.0936593,38.7335699,55.0940201,38.7331749,55.094339,38.7328152,55.094659,38.7324514,55.0946923,38.7323474,55.0947188,38.7321561,55.0950923,38.7317619,55.09514,38.7316408
55.1002381,38.7263484,55.1001302,38.7263939,55.0999021,38.7264758,55.0997098,38.7265663,55.099118,38.7268529,55.0988234,38.727008,55.0986742,38.7270834,55.0986064,38.7271546,55.0984744,38.7275317
55.1001302,38.7263939,55.0999021,38.7264758,55.0997098,38.7265663,55.099118,38.7268529,55.0988234,38.727008,55.0986742,38.7270834,55.0986064,38.7271546,55.0984744,38.7275317,55.0982316,38.7281053
55.0999021,38.7264758,55.0997098,38.7265663,55.099118,38.7268529,55.0988234,38.727008,55.0986742,38.7270834,55.0986064,38.7271546,55.0984744,38.7275317,55.0982316,38.7281053,55.0980519,38.7286545
55.0997098,38.7265663,55.099118,38.7268529,55.0988234,38.727008,55.0986742,38.7270834,55.0986064,38.7271546,55.0984744,38.7275317,55.0982316,38.7281053,55.0980519,38.7286545,55.0980357,38.728865
55.099118,38.7268529,55.0988234,38.727008,55.0986742,38.7270834,55.0986064,38.7271546,55.0984744,38.7275317,55.0982316,38.7281053,55.0980519,38.7286545,55.0980357,38.728865,55.0980699,38.7291479
55.0988234,38.727008,55.0986742,38.7270834,55.0986064,38.7271546,55.0984744,38.7275317,55.0982316,38.7281053,55.0980519,38.7286545,55.0980357,38.728865,55.0980699,38.7291479,55.0980279,38.729507
55.0986742,38.7270834,55.0986064,38.7271546,55.0984744,38.7275317,55.0982316,38.7281053,55.0980519,38.7286545,55.0980357,38.728865,55.0980699,38.7291479,55.0980279,38.729507,55.0978413,38.7296299
55.0986064,38.7271546,55.0984744,38.7275317,55.0982316,38.7281053,55.0980519,38.7286545,55.0980357,38.728865,55.0980699,38.7291479,55.0980279,38.729507,55.0978413,38.7296299,55.0977791,38.7299372
55.0984744,38.7275317,55.0982316,38.7281053,55.0980519,38.7286545,55.0980357,38.728865,55.0980699,38.7291479,55.0980279,38.729507,55.0978413,38.7296299,55.0977791,38.7299372,55.0976871,38.7306226
55.0982316,38.7281053,55.0980519,38.7286545,55.0980357,38.728865,55.0980699,38.7291479,55.0980279,38.729507,55.0978413,38.7296299,55.0977791,38.7299372,55.0976871,38.7306226,55.0976844,38.7310764
55.0980519,38.7286545,55.0980357,38.728865,55.0980699,38.7291479,55.0980279,38.729507,55.0978413,38.7296299,55.0977791,38.7299372,55.0976871,38.7306226,55.0976844,38.7310764,55.0977385,38.7314593
55.0980357,38.728865,55.0980699,38.7291479,55.0980279,38.729507,55.0978413,38.7296299,55.0977791,38.7299372,55.0976871,38.7306226,55.0976844,38.7310764,55.0977385,38.7314593,55.0978278,38.7318658
55.0980699,38.7291479,55.0980279,38.729507,55.0978413,38.7296299,55.0977791,38.7299372,55.0976871,38.7306226,55.0976844,38.7310764,55.0977385,38.7314593,55.0978278,38.7318658,55.0979197,38.732225
55.0980279,38.729507,55.0978413,38.7296299,55.0977791,38.7299372,55.0976871,38.7306226,55.0976844,38.7310764,55.0977385,38.7314593,55.0978278,38.7318658,55.0979197,38.732225,55.0980252,38.7327781
55.0978413,38.7296299,55.0977791,38.7299372,55.0976871,38.7306226,55.0976844,38.7310764,55.0977385,38.7314593,55.0978278,38.7318658,55.0979197,38.732225,55.0980252,38.7327781,55.0980901,38.7329766
55.0977791,38.7299372,55.0976871,38.7306226,55.0976844,38.7310764,55.0977385,38.7314593,55.0978278,38.7318658,55.0979197,38.732225,55.0980252,38.7327781,55.0980901,38.7329766,55.0982118,38.7330995
55.0976871,38.7306226,55.0976844,38.7310764,55.0977385,38.7314593,55.0978278,38.7318658,55.0979197,38.732225,55.0980252,38.7327781,55.0980901,38.7329766,55.0982118,38.7330995,55.0982849,38.7334588
55.0976844,38.7310764,55.0977385,38.7314593,55.0978278,38.7318658,55.0979197,38.732225,55.0980252,38.7327781,55.0980901,38.7329766,55.0982118,38.7330995,55.0982849,38.7334588,55.0983362,38.7336762
55.0977385,38.7314593,55.0978278,38.7318658,55.0979197,38.732225,55.0980252,38.7327781,55.0980901,38.7329766,55.0982118,38.7330995,55.0982849,38.7334588,55.0983362,38.7336762,55.0984377,38.7339196
55.0978278,38.7318658,55.0979197,38.732225,55.0980252,38.7327781,55.0980901,38.7329766,55.0982118,38.7330995,55.0982849,38.7334588,55.0983362,38.7336762,55.0984377,38.7339196,55.0985134,38.7340756
55.0979197,38.732225,55.0980252,38.7327781,55.0980901,38.7329766,55.0982118,38.7330995,55.0982849,38.7334588,55.0983362,38.7336762,55.0984377,38.7339196,55.0985134,38.7340756,55.0986581,38.7343569
55.0980252,38.7327781,55.0980901,38.7329766,55.0982118,38.7330995,55.0982849,38.7334588,55.0983362,38.7336762,55.0984377,38.7339196,55.0985134,38.7340756,55.0986581,38.7343569,55.0988298,38.7346878
55.0980901,38.7329766,55.0982118,38.7330995,55.0982849,38.7334588,55.0983362,38.7336762,55.0984377,38.7339196,55.0985134,38.7340756,55.0986581,38.7343569,55.0988298,38.7346878,55.0989637,38.734917
55.0982118,38.7330995,55.0982849,38.7334588,55.0983362,38.7336762,55.0984377,38.7339196,55.0985134,38.7340756,55.0986581,38.7343569,55.0988298,38.7346878,55.0989637,38.734917,55.0990814,38.7351108
55.0982849,38.7334588,55.0983362,38.7336762,55.0984377,38.7339196,55.0985134,38.7340756,55.0986581,38.7343569,55.0988298,38.7346878,55.0989637,38.734917,55.0990814,38.7351108,55.0992017,38.7351274
55.0983362,38.7336762,55.0984377,38.7339196,55.0985134,38.7340756,55.0986581,38.7343569,55.0988298,38.7346878,55.0989637,38.734917,55.0990814,38.7351108,55.0992017,38.7351274,55.0992774,38.7350966
55.0984377,38.7339196,55.0985134,38.7340756,55.0986581,38.7343569,55.0988298,38.7346878,55.0989637,38.734917,55.0990814,38.7351108,55.0992017,38.7351274,55.0992774,38.7350966,55.0994488,38.734985
55.0914818,38.7498233,55.0912514,38.7496477,55.0907594,38.7492587,55.0905533,38.7490976,55.0903006,38.7489001,55.0901409,38.7495474,55.0897356,38.7495299,55.0895886,38.7495236,55.0895343,38.7495118
55.0912514,38.7496477,55.0907594,38.7492587,55.0905533,38.7490976,55.0903006,38.7489001,55.0901409,38.7495474,55.0897356,38.7495299,55.0895886,38.7495236,55.0895343,38.7495118,55.0894442,38.7494078
55.0907594,38.7492587,55.0905533,38.7490976,55.0903006,38.7489001,55.0901409,38.7495474,55.0897356,38.7495299,55.0895886,38.7495236,55.0895343,38.7495118,55.0894442,38.7494078,55.0893813,38.7493069
55.0905533,38.7490976,55.0903006,38.7489001,55.0901409,38.7495474,55.0897356,38.7495299,55.0895886,38.7495236,55.0895343,38.7495118,55.0894442,38.7494078,55.0893813,38.7493069,55.0893609,38.7492059
55.0903006,38.7489001,55.0901409,38.7495474,55.0897356,38.7495299,55.0895886,38.7495236,55.0895343,38.7495118,55.0894442,38.7494078,55.0893813,38.7493069,55.0893609,38.7492059,55.0893575,38.7491495
55.0901409,38.7495474,55.0897356,38.7495299,55.0895886,38.7495236,55.0895343,38.7495118,55.0894442,38.7494078,55.0893813,38.7493069,55.0893609,38.7492059,55.0893575,38.7491495,55.0893677,38.7490872
55.0897356,38.7495299,55.0895886,38.7495236,55.0895343,38.7495118,55.0894442,38.7494078,55.0893813,38.7493069,55.0893609,38.7492059,55.0893575,38.7491495,55.0893677,38.7490872,55.089468,38.7487041
55.0839416,38.7762998,55.0832825,38.7757147,55.0831573,38.7755985,55.0830616,38.7755156,55.0829052,38.7760738,55.0828716,38.7761935,55.0829908,38.7763006,55.0828695,38.7767334,55.0827666,38.7771008
55.0832825,38.7757147,55.0831573,38.7755985,55.0830616,38.7755156,55.0829052,38.7760738,55.0828716,38.7761935,55.0829908,38.7763006,55.0828695,38.7767334,55.0827666,38.7771008,55.0827503,38.7771585
55.0856642,38.7739974,55.0857771,38.7736102,55.0859427,38.7730277,55.0862597,38.7719121,55.0862963,38.7717832,55.086372,38.7715227,55.0865528,38.7709095,55.086647,38.7705746,55.0868316,38.7699188
55.0857771,38.7736102,55.0859427,38.7730277,55.0862597,38.7719121,55.0862963,38.7717832,55.086372,38.7715227,55.0865528,38.7709095,55.086647,38.7705746,55.0868316,38.7699188,55.087029,38.7692627
55.0859427,38.7730277,55.0862597,38.7719121,55.0862963,38.7717832,55.086372,38.7715227,55.0865528,38.7709095,55.086647,38.7705746,55.0868316,38.7699188,55.087029,38.7692627,55.0873437,38.7681961
55.0862597,38.7719121,55.0862963,38.7717832,55.086372,38.7715227,55.0865528,38.7709095,55.086647,38.7705746,55.0868316,38.7699188,55.087029,38.7692627,55.0873437,38.7681961,55.0875952,38.7670752
55.0862963,38.7717832,55.086372,38.7715227,55.0865528,38.7709095,55.086647,38.7705746,55.0868316,38.7699188,55.087029,38.7692627,55.0873437,38.7681961,55.0875952,38.7670752,55.0877625,38.7658699
55.081539,38.7708555,55.0816419,38.7709658,55.081902,38.7711798,55.0825068,38.7716836,55.0831026,38.7721911,55.0835299,38.772555,55.0842375,38.773147,55.084587,38.773417,55.0846265,38.7734475
55.0816419,38.7709658,55.081902,38.7711798,55.0825068,38.7716836,55.0831026,38.7721911,55.0835299,38.772555,55.0842375,38.773147,55.084587,38.773417,55.0846265,38.7734475,55.0848499,38.7736911
55.081902,38.7711798,55.0825068,38.7716836,55.0831026,38.7721911,55.0835299,38.772555,55.0842375,38.773147,55.084587,38.773417,55.0846265,38.7734475,55.0848499,38.7736911,55.0853174,38.7741022
55.0825068,38.7716836,55.0831026,38.7721911,55.0835299,38.772555,55.0842375,38.773147,55.084587,38.773417,55.0846265,38.7734475,55.0848499,38.7736911,55.0853174,38.7741022,55.0854288,38.7742003
55.0831026,38.7721911,55.0835299,38.772555,55.0842375,38.773147,55.084587,38.773417,55.0846265,38.7734475,55.0848499,38.7736911,55.0853174,38.7741022,55.0854288,38.7742003,55.0855716,38.7743373
55.0977228,38.8004468,55.097771,38.7995455,55.097985,38.7992203,55.0984689,38.7989682,55.0988364,38.7986348,55.099069,38.798521,55.0996505,38.79796,55.1004228,38.7973176,55.1011159,38.7965045
55.097771,38.7995455,55.097985,38.7992203,55.0984689,38.7989682,55.0988364,38.7986348,55.099069,38.798521,55.0996505,38.79796,55.1004228,38.7973176,55.1011159,38.7965045,55.101609,38.7958947
55.097985,38.7992203,55.0984689,38.7989682,55.0988364,38.7986348,55.099069,38.798521,55.0996505,38.79796,55.1004228,38.7973176,55.1011159,38.7965045,55.101609,38.7958947,55.1029673,38.7942441
55.0984689,38.7989682,55.0988364,38.7986348,55.099069,38.798521,55.0996505,38.79796,55.1004228,38.7973176,55.1011159,38.7965045,55.101609,38.7958947,55.1029673,38.7942441,55.1035069,38.7935611
55.0988364,38.7986348,55.099069,38.798521,55.0996505,38.79796,55.1004228,38.7973176,55.1011159,38.7965045,55.101609,38.7958947,55.1029673,38.7942441,55.1035069,38.7935611,55.1036232,38.7931465
55.099069,38.798521,55.0996505,38.79796,55.1004228,38.7973176,55.1011159,38.7965045,55.101609,38.7958947,55.1029673,38.7942441,55.1035069,38.7935611,55.1036232,38.7931465,55.1041442,38.792122
55.0996505,38.79796,55.1004228,38.7973176,55.1011159,38.7965045,55.101609,38.7958947,55.1029673,38.7942441,55.1035069,38.7935611,55.1036232,38.7931465,55.1041442,38.792122,55.1042393,38.7920852
55.0797451,38.7655629,55.0798045,38.7656115,55.0798469,38.7656477,55.0798698,38.7656673,55.0799201,38.7657103,55.0799958,38.765775,55.0801712,38.765925,55.0804214,38.7661879,55.0806842,38.7664967
55.0798045,38.7656115,55.0798469,38.7656477,55.0798698,38.7656673,55.0799201,38.7657103,55.0799958,38.765775,55.0801712,38.765925,55.0804214,38.7661879,55.0806842,38.7664967,55.0807665,38.7666257
55.0798469,38.7656477,55.0798698,38.7656673,55.0799201,38.7657103,55.0799958,38.765775,55.0801712,38.765925,55.0804214,38.7661879,55.0806842,38.7664967,55.0807665,38.7666257,55.0810517,38.7668806
55.0798698,38.7656673,55.0799201,38.7657103,55.0799958,38.765775,55.0801712,38.765925,55.0804214,38.7661879,55.0806842,38.7664967,55.0807665,38.7666257,55.0810517,38.7668806,55.0810698,38.7669752
55.0799201,38.7657103,55.0799958,38.765775,55.0801712,38.765925,55.0804214,38.7661879,55.0806842,38.7664967,55.0807665,38.7666257,55.0810517,38.7668806,55.0810698,38.7669752,55.0811274,38.767276
55.0799958,38.765775,55.0801712,38.765925,55.0804214,38.7661879,55.0806842,38.7664967,55.0807665,38.7666257,55.0810517,38.7668806,55.0810698,38.7669752,55.0811274,38.767276,55.0811602,38.7673822
55.0801712,38.765925,55.0804214,38.7661879,55.0806842,38.7664967,55.0807665,38.7666257,55.0810517,38.7668806,55.0810698,38.7669752,55.0811274,38.767276,55.0811602,38.7673822,55.0813304,38.7675538
55.0900821,38.7559169,55.0902265,38.7560412,55.0908659,38.7565978,55.0910502,38.7567645,55.09138,38.7570571,55.091811,38.7574418,55.0918559,38.7574846,55.0920589,38.7576671,55.0921417,38.7577483
55.0902265,38.7560412,55.0908659,38.7565978,55.0910502,38.7567645,55.09138,38.7570571,55.091811,38.7574418,55.0918559,38.7574846,55.0920589,38.7576671,55.0921417,38.7577483,55.0926695,38.7581967
55.0908659,38.7565978,55.0910502,38.7567645,55.09138,38.7570571,55.091811,38.7574418,55.0918559,38.7574846,55.0920589,38.7576671,55.0921417,38.7577483,55.0926695,38.7581967,55.0928417,38.7583466
55.0910502,38.7567645,55.09138,38.7570571,55.091811,38.7574418,55.0918559,38.7574846,55.0920589,38.7576671,55.0921417,38.7577483,55.0926695,38.7581967,55.0928417,38.7583466,55.0929275,38.7584277
55.09138,38.7570571,55.091811,38.7574418,55.0918559,38.7574846,55.0920589,38.7576671,55.0921417,38.7577483,55.0926695,38.7581967,55.0928417,38.7583466,55.0929275,38.7584277,55.0931284,38.7586473
55.091811,38.7574418,55.0918559,38.7574846,55.0920589,38.7576671,55.0921417,38.7577483,55.0926695,38.7581967,55.0928417,38.7583466,55.0929275,38.7584277,55.0931284,38.7586473,55.0933255,38.7588861
55.0918559,38.7574846,55.0920589,38.7576671,55.0921417,38.7577483,55.0926695,38.7581967,55.0928417,38.7583466,55.0929275,38.7584277,55.0931284,38.7586473,55.0933255,38.7588861,55.0933592,38.7589347
55.0920589,38.7576671,55.0921417,38.7577483,55.0926695,38.7581967,55.0928417,38.7583466,55.0929275,38.7584277,55.0931284,38.7586473,55.0933255,38.7588861,55.0933592,38.7589347,55.0935286,38.7591786
55.0921417,38.7577483,55.0926695,38.7581967,55.0928417,38.7583466,55.0929275,38.7584277,55.0931284,38.7586473,55.0933255,38.7588861,55.0933592,38.7589347,55.0935286,38.7591786,55.0937306,38.7595018
55.0926695,38.7581967,55.0928417,38.7583466,55.0929275,38.7584277,55.0931284,38.7586473,55.0933255,38.7588861,55.0933592,38.7589347,55.0935286,38.7591786,55.0937306,38.7595018,55.0937898,38.7595938
55.0928417,38.7583466,55.0929275,38.7584277,55.0931284,38.7586473,55.0933255,38.7588861,55.0933592,38.7589347,55.0935286,38.7591786,55.0937306,38.7595018,55.0937898,38.7595938,55.0944057,38.7605875
55.0929275,38.7584277,55.0931284,38.7586473,55.0933255,38.7588861,55.0933592,38.7589347,55.0935286,38.7591786,55.0937306,38.7595018,55.0937898,38.7595938,55.0944057,38.7605875,55.0945682,38.7608462
55.0931284,38.7586473,55.0933255,38.7588861,55.0933592,38.7589347,55.0935286,38.7591786,55.0937306,38.7595018,55.0937898,38.7595938,55.0944057,38.7605875,55.0945682,38.7608462,55.0946006,38.7608948
55.0933255,38.7588861,55.0933592,38.7589347,55.0935286,38.7591786,55.0937306,38.7595018,55.0937898,38.7595938,55.0944057,38.7605875,55.0945682,38.7608462,55.0946006,38.7608948,55.0947264,38.7610864
55.0933592,38.7589347,55.0935286,38.7591786,55.0937306,38.7595018,55.0937898,38.7595938,55.0944057,38.7605875,55.0945682,38.7608462,55.0946006,38.7608948,55.0947264,38.7610864,55.0952177,38.7618584
55.0935286,38.7591786,55.0937306,38.7595018,55.0937898,38.7595938,55.0944057,38.7605875,55.0945682,38.7608462,55.0946006,38.7608948,55.0947264,38.7610864,55.0952177,38.7618584,55.0954973,38.7623173
55.0937306,38.7595018,55.0937898,38.7595938,55.0944057,38.7605875,55.0945682,38.7608462,55.0946006,38.7608948,55.0947264,38.7610864,55.0952177,38.7618584,55.0954973,38.7623173,55.0955671,38.7624334
55.0937898,38.7595938,55.0944057,38.7605875,55.0945682,38.7608462,55.0946006,38.7608948,55.0947264,38.7610864,55.0952177,38.7618584,55.0954973,38.7623173,55.0955671,38.7624334,55.0956205,38.7625202
55.0944057,38.7605875,55.0945682,38.7608462,55.0946006,38.7608948,55.0947264,38.7610864,55.0952177,38.7618584,55.0954973,38.7623173,55.0955671,38.7624334,55.0956205,38.7625202,55.0956397,38.7625529
55.0945682,38.7608462,55.0946006,38.7608948,55.0947264,38.7610864,55.0952177,38.7618584,55.0954973,38.7623173,55.0955671,38.7624334,55.0956205,38.7625202,55.0956397,38.7625529,55.0956983,38.7626434
55.0946006,38.7608948,55.0947264,38.7610864,55.0952177,38.7618584,55.0954973,38.7623173,55.0955671,38.7624334,55.0956205,38.7625202,55.0956397,38.7625529,55.0956983,38.7626434,55.0960515,38.7632528
55.0947264,38.7610864,55.0952177,38.7618584,55.0954973,38.7623173,55.0955671,38.7624334,55.0956205,38.7625202,55.0956397,38.7625529,55.0956983,38.7626434,55.0960515,38.7632528,55.0963143,38.7636221
55.0952177,38.7618584,55.0954973,38.7623173,55.0955671,38.7624334,55.0956205,38.7625202,55.0956397,38.7625529,55.0956983,38.7626434,55.0960515,38.7632528,55.0963143,38.7636221,55.0964335,38.7638086
55.0954973,38.7623173,55.0955671,38.7624334,55.0956205,38.7625202,55.0956397,38.7625529,55.0956983,38.7626434,55.0960515,38.7632528,55.0963143,38.7636221,55.0964335,38.7638086,55.0965292,38.7639458
55.0882526,38.7620085,55.0883297,38.7616733,55.0884267,38.7613432,55.0886729,38.7605188,55.0891544,38.7589863,55.0892138,38.7587856,55.0893657,38.7582764,55.0894171,38.7581041,55.0895414,38.757687
55.0883297,38.7616733,55.0884267,38.7613432,55.0886729,38.7605188,55.0891544,38.7589863,55.0892138,38.7587856,55.0893657,38.7582764,55.0894171,38.7581041,55.0895414,38.757687,55.089614,38.7574436
55.0884267,38.7613432,55.0886729,38.7605188,55.0891544,38.7589863,55.0892138,38.7587856,55.0893657,38.7582764,55.0894171,38.7581041,55.0895414,38.757687,55.089614,38.7574436,55.0900469,38.7560313
55.0886729,38.7605188,55.0891544,38.7589863,55.0892138,38.7587856,55.0893657,38.7582764,55.0894171,38.7581041,55.0895414,38.757687,55.089614,38.7574436,55.0900469,38.7560313,55.0900821,38.7559169
55.0866095,38.7353192,55.0863172,38.7349952,55.0855143,38.7340576,55.0854739,38.7340105,55.0852154,38.7336464,55.0849777,38.7332726,55.0841701,38.7315929,55.0833696,38.7297746,55.083194,38.7293447
55.0863172,38.7349952,55.0855143,38.7340576,55.0854739,38.7340105,55.0852154,38.7336464,55.0849777,38.7332726,55.0841701,38.7315929,55.0833696,38.7297746,55.083194,38.7293447,55.083027,38.7289005
55.0855143,38.7340576,55.0854739,38.7340105,55.0852154,38.7336464,55.0849777,38.7332726,55.0841701,38.7315929,55.0833696,38.7297746,55.083194,38.7293447,55.083027,38.7289005,55.0829539,38.7286812
55.0854739,38.7340105,55.0852154,38.7336464,55.0849777,38.7332726,55.0841701,38.7315929,55.0833696,38.7297746,55.083194,38.7293447,55.083027,38.7289005,55.0829539,38.7286812,55.0828737,38.7284019
55.0852154,38.7336464,55.0849777,38.7332726,55.0841701,38.7315929,55.0833696,38.7297746,55.083194,38.7293447,55.083027,38.7289005,55.0829539,38.7286812,55.0828737,38.7284019,55.08243,38.7269008
55.0849777,38.7332726,55.0841701,38.7315929,55.0833696,38.7297746,55.083194,38.7293447,55.083027,38.7289005,55.0829539,38.7286812,55.0828737,38.7284019,55.08243,38.7269008,55.0824028,38.7268183
55.077573,38.7472107,55.0776013,38.7470553,55.0776523,38.7468251,55.0777581,38.746103,55.0777999,38.745559,55.0779134,38.7449796,55.0779777,38.7447339,55.0778158,38.7446114,55.0773971,38.7443499
55.0776013,38.7470553,55.0776523,38.7468251,55.0777581,38.746103,55.0777999,38.745559,55.0779134,38.7449796,55.0779777,38.7447339,55.0778158,38.7446114,55.0773971,38.7443499,55.0772556,38.7442854
55.0773956,38.7438523,55.0772052,38.7438483,55.0768411,38.7438483,55.0765174,38.7438773,55.0764722,38.7438813,55.075997,38.7440052,55.0756872,38.7440466,55.0751907,38.7442737,55.0749999,38.744386
55.0772052,38.7438483,55.0768411,38.7438483,55.0765174,38.7438773,55.0764722,38.7438813,55.075997,38.7440052,55.0756872,38.7440466,55.0751907,38.7442737,55.0749999,38.744386,55.0748019,38.7445136
55.0768411,38.7438483,55.0765174,38.7438773,55.0764722,38.7438813,55.075997,38.7440052,55.0756872,38.7440466,55.0751907,38.7442737,55.0749999,38.744386,55.0748019,38.7445136,55.0745536,38.7446375
55.0765174,38.7438773,55.0764722,38.7438813,55.075997,38.7440052,55.0756872,38.7440466,55.0751907,38.7442737,55.0749999,38.744386,55.0748019,38.7445136,55.0745536,38.7446375,55.0744868,38.7446817
55.0764722,38.7438813,55.075997,38.7440052,55.0756872,38.7440466,55.0751907,38.7442737,55.0749999,38.744386,55.0748019,38.7445136,55.0745536,38.7446375,55.0744868,38.7446817,55.0744065,38.7446233
55.0742986,38.7445258,55.0745717,38.7439934,55.074881,38.7435387,55.0751271,38.7430745,55.0752663,38.7429374,55.0754179,38.7427972,55.0755249,38.7427878,55.0757069,38.7428252,55.0759958,38.742847
55.0745717,38.7439934,55.074881,38.7435387,55.0751271,38.7430745,55.0752663,38.7429374,55.0754179,38.7427972,55.0755249,38.7427878,55.0757069,38.7428252,55.0759958,38.742847,55.0761207,38.7429187
55.074881,38.7435387,55.0751271,38.7430745,55.0752663,38.7429374,55.0754179,38.7427972,55.0755249,38.7427878,55.0757069,38.7428252,55.0759958,38.742847,55.0761207,38.7429187,55.0762705,38.7431088
55.0751271,38.7430745,55.0752663,38.7429374,55.0754179,38.7427972,55.0755249,38.7427878,55.0757069,38.7428252,55.0759958,38.742847,55.0761207,38.7429187,55.0762705,38.7431088,55.0764542,38.7433736
55.0752663,38.7429374,55.0754179,38.7427972,55.0755249,38.7427878,55.0757069,38.7428252,55.0759958,38.742847,55.0761207,38.7429187,55.0762705,38.7431088,55.0764542,38.7433736,55.0764988,38.7434795
55.0754179,38.7427972,55.0755249,38.7427878,55.0757069,38.7428252,55.0759958,38.742847,55.0761207,38.7429187,55.0762705,38.7431088,55.0764542,38.7433736,55.0764988,38.7434795,55.0765149,38.7437194
55.0755249,38.7427878,55.0757069,38.7428252,55.0759958,38.742847,55.0761207,38.7429187,55.0762705,38.7431088,55.0764542,38.7433736,55.0764988,38.7434795,55.0765149,38.7437194,55.0765174,38.7438773
55.0834504,38.7958072,55.0833069,38.7963383,55.083272,38.7964623,55.0828935,38.7978122,55.0824204,38.7994407,55.0824115,38.7995103,55.082401,38.799587,55.0818669,38.8014017,55.0821495,38.8016369
55.0833069,38.7963383,55.083272,38.7964623,55.0828935,38.7978122,55.0824204,38.7994407,55.0824115,38.7995103,55.082401,38.799587,55.0818669,38.8014017,55.0821495,38.8016369,55.0822556,38.80172
55.083272,38.7964623,55.0828935,38.7978122,55.0824204,38.7994407,55.0824115,38.7995103,55.082401,38.799587,55.0818669,38.8014017,55.0821495,38.8016369,55.0822556,38.80172,55.0822997,38.8019616
55.0828935,38.7978122,55.0824204,38.7994407,55.0824115,38.7995103,55.082401,38.799587,55.0818669,38.8014017,55.0821495,38.8016369,55.0822556,38.80172,55.0822997,38.8019616,55.0826846,38.8021028
55.0824204,38.7994407,55.0824115,38.7995103,55.082401,38.799587,55.0818669,38.8014017,55.0821495,38.8016369,55.0822556,38.80172,55.0822997,38.8019616,55.0826846,38.8021028,55.082743,38.8020864
55.0824115,38.7995103,55.082401,38.799587,55.0818669,38.8014017,55.0821495,38.8016369,55.0822556,38.80172,55.0822997,38.8019616,55.0826846,38.8021028,55.082743,38.8020864,55.0832492,38.8022412
55.082401,38.799587,55.0818669,38.8014017,55.0821495,38.8016369,55.0822556,38.80172,55.0822997,38.8019616,55.0826846,38.8021028,55.082743,38.8020864,55.0832492,38.8022412,55.0833226,38.8022762
55.0818669,38.8014017,55.0821495,38.8016369,55.0822556,38.80172,55.0822997,38.8019616,55.0826846,38.8021028,55.082743,38.8020864,55.0832492,38.8022412,55.0833226,38.8022762,55.0835602,38.8023585
55.0821495,38.8016369,55.0822556,38.80172,55.0822997,38.8019616,55.0826846,38.8021028,55.082743,38.8020864,55.0832492,38.8022412,55.0833226,38.8022762,55.0835602,38.8023585,55.0836958,38.8024848
55.0822556,38.80172,55.0822997,38.8019616,55.0826846,38.8021028,55.082743,38.8020864,55.0832492,38.8022412,55.0833226,38.8022762,55.0835602,38.8023585,55.0836958,38.8024848,55.0837848,38.8025519
55.0822997,38.8019616,55.0826846,38.8021028,55.082743,38.8020864,55.0832492,38.8022412,55.0833226,38.8022762,55.0835602,38.8023585,55.0836958,38.8024848,55.0837848,38.8025519,55.0840171,38.8027579
55.0843502,38.8013729,55.0844412,38.8010426,55.0844663,38.8009516,55.0847514,38.8000067,55.0848785,38.7995127,55.0849179,38.7993592,55.0852161,38.7982613,55.0853692,38.7977221,55.085416,38.7975571
55.0844412,38.8010426,55.0844663,38.8009516,55.0847514,38.8000067,55.0848785,38.7995127,55.0849179,38.7993592,55.0852161,38.7982613,55.0853692,38.7977221,55.085416,38.7975571,55.0858285,38.7961976
55.0844663,38.8009516,55.0847514,38.8000067,55.0848785,38.7995127,55.0849179,38.7993592,55.0852161,38.7982613,55.0853692,38.7977221,55.085416,38.7975571,55.0858285,38.7961976,55.0860777,38.7953389
55.093505,38.7442149,55.0937913,38.7446074,55.0941809,38.7451823,55.0942601,38.7452811,55.0943355,38.7453752,55.0943757,38.7454237,55.0945274,38.7456343,55.094576,38.7456966,55.0946445,38.7457845
55.0937913,38.7446074,55.0941809,38.7451823,55.0942601,38.7452811,55.0943355,38.7453752,55.0943757,38.7454237,55.0945274,38.7456343,55.094576,38.7456966,55.0946445,38.7457845,55.0948232,38.7460216
55.0941809,38.7451823,55.0942601,38.7452811,55.0943355,38.7453752,55.0943757,38.7454237,55.0945274,38.7456343,55.094576,38.7456966,55.0946445,38.7457845,55.0948232,38.7460216,55.0949993,38.7462529
55.0942601,38.7452811,55.0943355,38.7453752,55.0943757,38.7454237,55.0945274,38.7456343,55.094576,38.7456966,55.0946445,38.7457845,55.0948232,38.7460216,55.0949993,38.7462529,55.0951569,38.7464605
55.0864109,38.7456543,55.0862602,38.7457447,55.0860361,38.7459516,55.0858763,38.7461846,55.085728,38.7463719,55.0856175,38.7464758,55.0855435,38.7465361,55.0853787,38.7472696,55.085303,38.7473754
55.0862602,38.7457447,55.0860361,38.7459516,55.0858763,38.7461846,55.085728,38.7463719,55.0856175,38.7464758,55.0855435,38.7465361,55.0853787,38.7472696,55.085303,38.7473754,55.0851856,38.747478
55.0860361,38.7459516,55.0858763,38.7461846,55.085728,38.7463719,55.0856175,38.7464758,55.0855435,38.7465361,55.0853787,38.7472696,55.085303,38.7473754,55.0851856,38.747478,55.0850474,38.7478551
55.0858763,38.7461846,55.085728,38.7463719,55.0856175,38.7464758,55.0855435,38.7465361,55.0853787,38.7472696,55.085303,38.7473754,55.0851856,38.747478,55.0850474,38.7478551,55.0849906,38.7480039
55.085728,38.7463719,55.0856175,38.7464758,55.0855435,38.7465361,55.0853787,38.7472696,55.085303,38.7473754,55.0851856,38.747478,55.0850474,38.7478551,55.0849906,38.7480039,55.0848713,38.7480966
55.0856175,38.7464758,55.0855435,38.7465361,55.0853787,38.7472696,55.085303,38.7473754,55.0851856,38.747478,55.0850474,38.7478551,55.0849906,38.7480039,55.0848713,38.7480966,55.0847994,38.7481726
55.0855435,38.7465361,55.0853787,38.7472696,55.085303,38.7473754,55.0851856,38.747478,55.0850474,38.7478551,55.0849906,38.7480039,55.0848713,38.7480966,55.0847994,38.7481726,55.0846926,38.7485098
55.0898039,38.7382759,55.0896047,38.737998,55.089404,38.7376554,55.0891276,38.7371422,55.0889562,38.7368405,55.0886675,38.7363603,55.0884775,38.7360338,55.0884358,38.7358854,55.0884328,38.7357856
55.0930264,38.7770633,55.0927483,38.7768516,55.0926933,38.7768775,55.0926447,38.7769256,55.0926143,38.7770252,55.0924881,38.7774395,55.0924987,38.7775282,55.0925304,38.7775504,55.0928205,38.7777634
55.0784057,38.7563893,55.0784756,38.7561389,55.0785248,38.7560316,55.0785479,38.756004,55.0786317,38.7559041,55.0790054,38.7558788,55.0790695,38.7558745,55.0794197,38.7558721,55.079445,38.755872
55.0784756,38.7561389,55.0785248,38.7560316,55.0785479,38.756004,55.0786317,38.7559041,55.0790054,38.7558788,55.0790695,38.7558745,55.0794197,38.7558721,55.079445,38.755872,55.0795802,38.7558711
55.0785248,38.7560316,55.0785479,38.756004,55.0786317,38.7559041,55.0790054,38.7558788,55.0790695,38.7558745,55.0794197,38.7558721,55.079445,38.755872,55.0795802,38.7558711,55.0797792,38.7558697
55.0785479,38.756004,55.0786317,38.7559041,55.0790054,38.7558788,55.0790695,38.7558745,55.0794197,38.7558721,55.079445,38.755872,55.0795802,38.7558711,55.0797792,38.7558697,55.0797737,38.7551441
55.0778294,38.7571303,55.0779493,38.7569839,55.0781796,38.7566181,55.0782619,38.756524,55.0784057,38.7563893,55.0785659,38.7562393,55.078859,38.7561353,55.0793839,38.7561791,55.0794011,38.7564008
55.0779493,38.7569839,55.0781796,38.7566181,55.0782619,38.756524,55.0784057,38.7563893,55.0785659,38.7562393,55.078859,38.7561353,55.0793839,38.7561791,55.0794011,38.7564008,55.0794121,38.7564583
55.0781796,38.7566181,55.0782619,38.756524,55.0784057,38.7563893,55.0785659,38.7562393,55.078859,38.7561353,55.0793839,38.7561791,55.0794011,38.7564008,55.0794121,38.7564583,55.0794779,38.7564994
55.0782619,38.756524,55.0784057,38.7563893,55.0785659,38.7562393,55.078859,38.7561353,55.0793839,38.7561791,55.0794011,38.7564008,55.0794121,38.7564583,55.0794779,38.7564994,55.0799885,38.7565231
55.0798036,38.761052,55.0797343,38.7612956,55.0791349,38.7607787,55.0790224,38.7606817,55.0787199,38.7607851,55.0786484,38.7608198,55.0785927,38.7610166,55.0783393,38.7608021,55.0778583,38.760387
55.0797343,38.7612956,55.0791349,38.7607787,55.0790224,38.7606817,55.0787199,38.7607851,55.0786484,38.7608198,55.0785927,38.7610166,55.0783393,38.7608021,55.0778583,38.760387,55.0777708,38.7606924
55.0791349,38.7607787,55.0790224,38.7606817,55.0787199,38.7607851,55.0786484,38.7608198,55.0785927,38.7610166,55.0783393,38.7608021,55.0778583,38.760387,55.0777708,38.7606924,55.0776052,38.760537
55.0790224,38.7606817,55.0787199,38.7607851,55.0786484,38.7608198,55.0785927,38.7610166,55.0783393,38.7608021,55.0778583,38.760387,55.0777708,38.7606924,55.0776052,38.760537,55.0775577,38.7605397
55.0787199,38.7607851,55.0786484,38.7608198,55.0785927,38.7610166,55.0783393,38.7608021,55.0778583,38.760387,55.0777708,38.7606924,55.0776052,38.760537,55.0775577,38.7605397,55.0774012,38.7610827
55.0786484,38.7608198,55.0785927,38.7610166,55.0783393,38.7608021,55.0778583,38.760387,55.0777708,38.7606924,55.0776052,38.760537,55.0775577,38.7605397,55.0774012,38.7610827,55.0773861,38.7611351
55.0785927,38.7610166,55.0783393,38.7608021,55.0778583,38.760387,55.0777708,38.7606924,55.0776052,38.760537,55.0775577,38.7605397,55.0774012,38.7610827,55.0773861,38.7611351,55.0773757,38.7612344
55.0783393,38.7608021,55.0778583,38.760387,55.0777708,38.7606924,55.0776052,38.760537,55.0775577,38.7605397,55.0774012,38.7610827,55.0773861,38.7611351,55.0773757,38.7612344,55.0773676,38.7615771
55.0761132,38.7547219,55.0761842,38.7547288,55.0763388,38.754708,55.0772241,38.7545889,55.0776666,38.7545578,55.0779762,38.7545361,55.0780818,38.7545287,55.0783132,38.7544222,55.0785456,38.754403
55.0761842,38.7547288,55.0763388,38.754708,55.0772241,38.7545889,55.0776666,38.7545578,55.0779762,38.7545361,55.0780818,38.7545287,55.0783132,38.7544222,55.0785456,38.754403,55.0786337,38.7542829
55.0763388,38.754708,55.0772241,38.7545889,55.0776666,38.7545578,55.0779762,38.7545361,55.0780818,38.7545287,55.0783132,38.7544222,55.0785456,38.754403,55.0786337,38.7542829,55.0786172,38.7541147
55.0772241,38.7545889,55.0776666,38.7545578,55.0779762,38.7545361,55.0780818,38.7545287,55.0783132,38.7544222,55.0785456,38.754403,55.0786337,38.7542829,55.0786172,38.7541147,55.0785071,38.7539537
55.0776666,38.7545578,55.0779762,38.7545361,55.0780818,38.7545287,55.0783132,38.7544222,55.0785456,38.754403,55.0786337,38.7542829,55.0786172,38.7541147,55.0785071,38.7539537,55.0783847,38.7538384
55.0779762,38.7545361,55.0780818,38.7545287,55.0783132,38.7544222,55.0785456,38.754403,55.0786337,38.7542829,55.0786172,38.7541147,55.0785071,38.7539537,55.0783847,38.7538384,55.0782142,38.7538
55.0780818,38.7545287,55.0783132,38.7544222,55.0785456,38.754403,55.0786337,38.7542829,55.0786172,38.7541147,55.0785071,38.7539537,55.0783847,38.7538384,55.0782142,38.7538,55.0781537,38.7537519
55.0783132,38.7544222,55.0785456,38.754403,55.0786337,38.7542829,55.0786172,38.7541147,55.0785071,38.7539537,55.0783847,38.7538384,55.0782142,38.7538,55.0781537,38.7537519,55.0780876,38.753478
55.0785456,38.754403,55.0786337,38.7542829,55.0786172,38.7541147,55.0785071,38.7539537,55.0783847,38.7538384,55.0782142,38.7538,55.0781537,38.7537519,55.0780876,38.753478,55.0780546,38.7534108
55.0786337,38.7542829,55.0786172,38.7541147,55.0785071,38.7539537,55.0783847,38.7538384,55.0782142,38.7538,55.0781537,38.7537519,55.0780876,38.753478,55.0780546,38.7534108,55.077642,38.7535501
55.0786172,38.7541147,55.0785071,38.7539537,55.0783847,38.7538384,55.0782142,38.7538,55.0781537,38.7537519,55.0780876,38.753478,55.0780546,38.7534108,55.077642,38.7535501,55.0776666,38.7545578
55.0900886,38.7638518,55.0902244,38.7639813,55.0908474,38.764288,55.0910041,38.7645344,55.0915231,38.765312,55.0916774,38.7654923,55.0918358,38.7655465,55.0920353,38.7656147,55.0920873,38.765618
55.0902244,38.7639813,55.0908474,38.764288,55.0910041,38.7645344,55.0915231,38.765312,55.0916774,38.7654923,55.0918358,38.7655465,55.0920353,38.7656147,55.0920873,38.765618,55.0922441,38.7657663
55.0822754,38.7610056,55.0822426,38.7611183,55.082188,38.7612157,55.0821344,38.761208,55.0820525,38.7611469,55.0819891,38.7610648,55.0819786,38.7609812,55.0819901,38.7608948,55.0820423,38.7607296
55.0822426,38.7611183,55.082188,38.7612157,55.0821344,38.761208,55.0820525,38.7611469,55.0819891,38.7610648,55.0819786,38.7609812,55.0819901,38.7608948,55.0820423,38.7607296,55.0823789,38.759686
55.0878907,38.7788062,55.087879,38.7787958,55.0876973,38.778635,55.0875535,38.7785076,55.0874123,38.7783826,55.0873532,38.7783302,55.087346,38.7783239,55.087308,38.7782902,55.0872982,38.7782815
55.087879,38.7787958,55.0876973,38.778635,55.0875535,38.7785076,55.0874123,38.7783826,55.0873532,38.7783302,55.087346,38.7783239,55.087308,38.7782902,55.0872982,38.7782815,55.0872379,38.7782281
55.0876973,38.778635,55.0875535,38.7785076,55.0874123,38.7783826,55.0873532,38.7783302,55.087346,38.7783239,55.087308,38.7782902,55.0872982,38.7782815,55.0872379,38.7782281,55.08723,38.7782211
55.0875535,38.7785076,55.0874123,38.7783826,55.0873532,38.7783302,55.087346,38.7783239,55.087308,38.7782902,55.0872982,38.7782815,55.0872379,38.7782281,55.08723,38.7782211,55.0871452,38.7781489
55.0859616,38.7780956,55.0860086,38.7780792,55.0860524,38.7780467,55.0860911,38.7779834,55.0861065,38.7779497,55.0861146,38.7778579,55.0861096,38.7777316,55.0860798,38.7776089,55.0859978,38.7775026
55.0860086,38.7780792,55.0860524,38.7780467,55.0860911,38.7779834,55.0861065,38.7779497,55.0861146,38.7778579,55.0861096,38.7777316,55.0860798,38.7776089,55.0859978,38.7775026,55.0859531,38.7774721
55.0860524,38.7780467,55.0860911,38.7779834,55.0861065,38.7779497,55.0861146,38.7778579,55.0861096,38.7777316,55.0860798,38.7776089,55.0859978,38.7775026,55.0859531,38.7774721,55.085877,38.7774715
55.085246,38.7594176,55.0854235,38.7587357,55.0854163,38.7586131,55.0854112,38.7582046,55.0856231,38.757306,55.0860852,38.755753,55.0862801,38.755222,55.0864889,38.754715,55.0865089,38.754479
55.0854235,38.7587357,55.0854163,38.7586131,55.0854112,38.7582046,55.0856231,38.757306,55.0860852,38.755753,55.0862801,38.755222,55.0864889,38.754715,55.0865089,38.754479,55.0868098,38.7534088
55.0854163,38.7586131,55.0854112,38.7582046,55.0856231,38.757306,55.0860852,38.755753,55.0862801,38.755222,55.0864889,38.754715,55.0865089,38.754479,55.0868098,38.7534088,55.086888,38.7532666
55.0854112,38.7582046,55.0856231,38.757306,55.0860852,38.755753,55.0862801,38.755222,55.0864889,38.754715,55.0865089,38.754479,55.0868098,38.7534088,55.086888,38.7532666,55.0869755,38.7530574
55.0856231,38.757306,55.0860852,38.755753,55.0862801,38.755222,55.0864889,38.754715,55.0865089,38.754479,55.0868098,38.7534088,55.086888,38.7532666,55.0869755,38.7530574,55.0872964,38.7518263
55.0860852,38.755753,55.0862801,38.755222,55.0864889,38.754715,55.0865089,38.754479,55.0868098,38.7534088,55.086888,38.7532666,55.0869755,38.7530574,55.0872964,38.7518263,55.0875888,38.7507159
55.0968346,38.7224255,55.0970221,38.7224914,55.097567,38.7225302,55.0978259,38.7225639,55.0978784,38.7225708,55.0980546,38.7226606,55.0986957,38.7227958,55.0988862,38.7228828,55.0992033,38.7229776
55.0958287,38.7263634,55.0959533,38.726429,55.0961771,38.7267139,55.0962224,38.7268863,55.0962331,38.7271566,55.0962411,38.7272777,55.0963131,38.7274035,55.0963264,38.7275526,55.0963104,38.727767
55.0939052,38.7920218,55.093815,38.7918532,55.0937476,38.7917086,55.0937154,38.7916202,55.093789,38.7914756,55.0939928,38.7911435,55.094048,38.7911381,55.0941078,38.7912051,55.0942488,38.7914917
55.093815,38.7918532,55.0937476,38.7917086,55.0937154,38.7916202,55.093789,38.7914756,55.0939928,38.7911435,55.094048,38.7911381,55.0941078,38.7912051,55.0942488,38.7914917,55.0943361,38.7915774
55.0937476,38.7917086,55.0937154,38.7916202,55.093789,38.7914756,55.0939928,38.7911435,55.094048,38.7911381,55.0941078,38.7912051,55.0942488,38.7914917,55.0943361,38.7915774,55.0944557,38.791795
55.0967985,38.7921392,55.0967282,38.7915477,55.096667,38.7911648,55.0966734,38.7909621,55.0967621,38.790703,55.0968088,38.7904778,55.0967701,38.7902047,55.096543,38.7897739,55.0963593,38.789498
55.0967282,38.7915477,55.096667,38.7911648,55.0966734,38.7909621,55.0967621,38.790703,55.0968088,38.7904778,55.0967701,38.7902047,55.096543,38.7897739,55.0963593,38.789498,55.0962524,38.7894287
55.0836395,38.7813043,55.083722,38.7813894,55.0837828,38.7815098,55.083822,38.7816722,55.0838279,38.7818481,55.0837999,38.7820174,55.0837441,38.7821556,55.0836659,38.7822552,55.0836365,38.7822713
55.083722,38.7813894,55.0837828,38.7815098,55.083822,38.7816722,55.0838279,38.7818481,55.0837999,38.7820174,55.0837441,38.7821556,55.0836659,38.7822552,55.0836365,38.7822713,55.0835735,38.7823058
55.0837828,38.7815098,55.083822,38.7816722,55.0838279,38.7818481,55.0837999,38.7820174,55.0837441,38.7821556,55.0836659,38.7822552,55.0836365,38.7822713,55.0835735,38.7823058,55.0834767,38.782302
55.083822,38.7816722,55.0838279,38.7818481,55.0837999,38.7820174,55.0837441,38.7821556,55.0836659,38.7822552,55.0836365,38.7822713,55.0835735,38.7823058,55.0834767,38.782302,55.0833822,38.7822412
55.0782346,38.725657,55.0781216,38.7256298,55.0779656,38.7257002,55.0777622,38.7258289,55.0776921,38.7259453,55.0775343,38.7262883,55.0774256,38.7268457,55.0774106,38.726931,55.0773852,38.7270754
55.0781216,38.7256298,55.0779656,38.7257002,55.0777622,38.7258289,55.0776921,38.7259453,55.0775343,38.7262883,55.0774256,38.7268457,55.0774106,38.726931,55.0773852,38.7270754,55.0773309,38.7271918
55.0779656,38.7257002,55.0777622,38.7258289,55.0776921,38.7259453,55.0775343,38.7262883,55.0774256,38.7268457,55.0774106,38.726931,55.0773852,38.7270754,55.0773309,38.7271918,55.0767874,38.7281994
55.0782346,38.725657,55.0781665,38.7259363,55.0781928,38.7262273,55.0784014,38.7270511,55.0785662,38.7275166,55.0787257,38.72812,55.0788117,38.7284508,55.0788818,38.728509,55.0790483,38.7284385
55.0781665,38.7259363,55.0781928,38.7262273,55.0784014,38.7270511,55.0785662,38.7275166,55.0787257,38.72812,55.0788117,38.7284508,55.0788818,38.728509,55.0790483,38.7284385,55.0791132,38.7283129
55.0781928,38.7262273,55.0784014,38.7270511,55.0785662,38.7275166,55.0787257,38.72812,55.0788117,38.7284508,55.0788818,38.728509,55.0790483,38.7284385,55.0791132,38.7283129,55.0791886,38.7281384
55.0784014,38.7270511,55.0785662,38.7275166,55.0787257,38.72812,55.0788117,38.7284508,55.0788818,38.728509,55.0790483,38.7284385,55.0791132,38.7283129,55.0791886,38.7281384,55.079242,38.7280284
55.0739448,38.7236636,55.0739367,38.7234967,55.073928,38.7231956,55.0739577,38.7230245,55.074042,38.7228275,55.0741635,38.7226044,55.0744214,38.7222536,55.0746347,38.7219482,55.0747041,38.7217923
55.0739367,38.7234967,55.073928,38.7231956,55.0739577,38.7230245,55.074042,38.7228275,55.0741635,38.7226044,55.0744214,38.7222536,55.0746347,38.7219482,55.0747041,38.7217923,55.0747711,38.721671
55.073928,38.7231956,55.0739577,38.7230245,55.074042,38.7228275,55.0741635,38.7226044,55.0744214,38.7222536,55.0746347,38.7219482,55.0747041,38.7217923,55.0747711,38.721671,55.0748256,38.7215952
55.0739577,38.7230245,55.074042,38.7228275,55.0741635,38.7226044,55.0744214,38.7222536,55.0746347,38.7219482,55.0747041,38.7217923,55.0747711,38.721671,55.0748256,38.7215952,55.0748682,38.721559
55.0755997,38.7198698,55.0754691,38.7200089,55.0752324,38.7202616,55.0751256,38.7204187,55.0750326,38.7204772,55.0749632,38.720514,55.0749,38.7206266,55.074802,38.7208063,55.0746681,38.7210381
55.0754691,38.7200089,55.0752324,38.7202616,55.0751256,38.7204187,55.0750326,38.7204772,55.0749632,38.720514,55.0749,38.7206266,55.074802,38.7208063,55.0746681,38.7210381,55.0744945,38.7212763
55.0752324,38.7202616,55.0751256,38.7204187,55.0750326,38.7204772,55.0749632,38.720514,55.0749,38.7206266,55.074802,38.7208063,55.0746681,38.7210381,55.0744945,38.7212763,55.0744226,38.7214495
55.0751256,38.7204187,55.0750326,38.7204772,55.0749632,38.720514,55.0749,38.7206266,55.074802,38.7208063,55.0746681,38.7210381,55.0744945,38.7212763,55.0744226,38.7214495,55.0743619,38.721547
55.0750326,38.7204772,55.0749632,38.720514,55.0749,38.7206266,55.074802,38.7208063,55.0746681,38.7210381,55.0744945,38.7212763,55.0744226,38.7214495,55.0743619,38.721547,55.0742751,38.721625
55.0749632,38.720514,55.0749,38.7206266,55.074802,38.7208063,55.0746681,38.7210381,55.0744945,38.7212763,55.0744226,38.7214495,55.0743619,38.721547,55.0742751,38.721625,55.0741064,38.7217874
55.0749,38.7206266,55.074802,38.7208063,55.0746681,38.7210381,55.0744945,38.7212763,55.0744226,38.7214495,55.0743619,38.721547,55.0742751,38.721625,55.0741064,38.7217874,55.0740138,38.7217299
55.0757151,38.7201478,55.0756183,38.7202553,55.0752773,38.7206472,55.0752662,38.7207317,55.0752773,38.7208486,55.0752327,38.7210132,55.0751571,38.7211583,55.0749401,38.721455,55.0748682,38.721559
55.0806125,38.7717246,55.0806795,38.7714875,55.080828,38.7709612,55.0808395,38.7709206,55.0808577,38.7708641,55.080872,38.7708326,55.0808921,38.770813,55.0809149,38.7708084,55.0809487,38.7708199
55.0806795,38.7714875,55.080828,38.7709612,55.0808395,38.7709206,55.0808577,38.7708641,55.080872,38.7708326,55.0808921,38.770813,55.0809149,38.7708084,55.0809487,38.7708199,55.0812722,38.7710822
55.080828,38.7709612,55.0808395,38.7709206,55.0808577,38.7708641,55.080872,38.7708326,55.0808921,38.770813,55.0809149,38.7708084,55.0809487,38.7708199,55.0812722,38.7710822,55.0813839,38.7711769
55.0808395,38.7709206,55.0808577,38.7708641,55.080872,38.7708326,55.0808921,38.770813,55.0809149,38.7708084,55.0809487,38.7708199,55.0812722,38.7710822,55.0813839,38.7711769,55.0814291,38.7712152
55.0808577,38.7708641,55.080872,38.7708326,55.0808921,38.770813,55.0809149,38.7708084,55.0809487,38.7708199,55.0812722,38.7710822,55.0813839,38.7711769,55.0814291,38.7712152,55.0815441,38.771332
55.0903006,38.7489001,55.0901541,38.7486885,55.0898328,38.748347,55.089975,38.7479718,55.0901852,38.7477985,55.0903185,38.747801,55.0904577,38.7478606,55.0904706,38.7477191,55.0905042,38.7473527
55.0901541,38.7486885,55.0898328,38.748347,55.089975,38.7479718,55.0901852,38.7477985,55.0903185,38.747801,55.0904577,38.7478606,55.0904706,38.7477191,55.0905042,38.7473527,55.0905228,38.747149
55.088183,38.7482688,55.088321,38.7480912,55.088655,38.747782,55.0887142,38.7477351,55.0887702,38.7477582,55.0889366,38.7482907,55.0890717,38.748287,55.0891649,38.748223,55.0892089,38.7480784
55.088321,38.7480912,55.088655,38.747782,55.0887142,38.7477351,55.0887702,38.7477582,55.0889366,38.7482907,55.0890717,38.748287,55.0891649,38.748223,55.0892089,38.7480784,55.0892686,38.7478113
55.088655,38.747782,55.0887142,38.7477351,55.0887702,38.7477582,55.0889366,38.7482907,55.0890717,38.748287,55.0891649,38.748223,55.0892089,38.7480784,55.0892686,38.7478113,55.0893513,38.7473173
55.0887142,38.7477351,55.0887702,38.7477582,55.0889366,38.7482907,55.0890717,38.748287,55.0891649,38.748223,55.0892089,38.7480784,55.0892686,38.7478113,55.0893513,38.7473173,55.0893303,38.7472277
55.0887702,38.7477582,55.0889366,38.7482907,55.0890717,38.748287,55.0891649,38.748223,55.0892089,38.7480784,55.0892686,38.7478113,55.0893513,38.7473173,55.0893303,38.7472277,55.0891712,38.74731
55.0889366,38.7482907,55.0890717,38.748287,55.0891649,38.748223,55.0892089,38.7480784,55.0892686,38.7478113,55.0893513,38.7473173,55.0893303,38.7472277,55.0891712,38.74731,55.0887142,38.7477351
55.0855046,38.7659081,55.0855589,38.7659431,55.0856202,38.7659918,55.0853428,38.7669998,55.0853451,38.7671397,55.085561,38.7673121,55.0856899,38.76687,55.0858524,38.7663021,55.0858141,38.7661176
55.0855589,38.7659431,55.0856202,38.7659918,55.0853428,38.7669998,55.0853451,38.7671397,55.085561,38.7673121,55.0856899,38.76687,55.0858524,38.7663021,55.0858141,38.7661176,55.0856202,38.7659918
55.079708,38.7682476,55.0798815,38.7681913,55.0800828,38.7681752,55.0801675,38.7681451,55.0803105,38.7681312,55.0803661,38.7681312,55.080468,38.768078,55.0806044,38.7680248,55.0807593,38.7679693
55.0798815,38.7681913,55.0800828,38.7681752,55.0801675,38.7681451,55.0803105,38.7681312,55.0803661,38.7681312,55.080468,38.768078,55.0806044,38.7680248,55.0807593,38.7679693,55.0808414,38.7679485
55.0800828,38.7681752,55.0801675,38.7681451,55.0803105,38.7681312,55.0803661,38.7681312,55.080468,38.768078,55.0806044,38.7680248,55.0807593,38.7679693,55.0808414,38.7679485,55.0808771,38.7679507
55.0813543,38.7561679,55.0813201,38.7559994,55.0813093,38.7559206,55.081026,38.7556843,55.0809453,38.7555861,55.0808322,38.7555791,55.0806559,38.7555062,55.080555,38.755431,55.0804284,38.7552546
55.0813201,38.7559994,55.0813093,38.7559206,55.081026,38.7556843,55.0809453,38.7555861,55.0808322,38.7555791,55.0806559,38.7555062,55.080555,38.755431,55.0804284,38.7552546,55.0801902,38.75513
55.0813093,38.7559206,55.081026,38.7556843,55.0809453,38.7555861,55.0808322,38.7555791,55.0806559,38.7555062,55.080555,38.755431,55.0804284,38.7552546,55.0801902,38.75513,55.0801148,38.7551135
55.081026,38.7556843,55.0809453,38.7555861,55.0808322,38.7555791,55.0806559,38.7555062,55.080555,38.755431,55.0804284,38.7552546,55.0801902,38.75513,55.0801148,38.7551135,55.0800125,38.7552123
55.0809453,38.7555861,55.0808322,38.7555791,55.0806559,38.7555062,55.080555,38.755431,55.0804284,38.7552546,55.0801902,38.75513,55.0801148,38.7551135,55.0800125,38.7552123,55.0799808,38.7552458
55.0944439,38.7629607,55.0945316,38.7630971,55.0945886,38.7631856,55.0946118,38.7632086,55.0946383,38.7632142,55.0946479,38.7632096,55.0946641,38.7632017,55.0946851,38.7631729,55.0946982,38.7631323
55.0945316,38.7630971,55.0945886,38.7631856,55.0946118,38.7632086,55.0946383,38.7632142,55.0946479,38.7632096,55.0946641,38.7632017,55.0946851,38.7631729,55.0946982,38.7631323,55.0946998,38.7631093
55.0945886,38.7631856,55.0946118,38.7632086,55.0946383,38.7632142,55.0946479,38.7632096,55.0946641,38.7632017,55.0946851,38.7631729,55.0946982,38.7631323,55.0946998,38.7631093,55.0947014,38.763086
55.0946118,38.7632086,55.0946383,38.7632142,55.0946479,38.7632096,55.0946641,38.7632017,55.0946851,38.7631729,55.0946982,38.7631323,55.0946998,38.7631093,55.0947014,38.763086,55.0946943,38.763041
55.0946383,38.7632142,55.0946479,38.7632096,55.0946641,38.7632017,55.0946851,38.7631729,55.0946982,38.7631323,55.0946998,38.7631093,55.0947014,38.763086,55.0946943,38.763041,55.0946778,38.7630043
55.0946479,38.7632096,55.0946641,38.7632017,55.0946851,38.7631729,55.0946982,38.7631323,55.0946998,38.7631093,55.0947014,38.763086,55.0946943,38.763041,55.0946778,38.7630043,55.0946264,38.7629277
55.0946641,38.7632017,55.0946851,38.7631729,55.0946982,38.7631323,55.0946998,38.7631093,55.0947014,38.763086,55.0946943,38.763041,55.0946778,38.7630043,55.0946264,38.7629277,55.0945344,38.762791
55.0950797,38.7625662,55.0950086,38.7623917,55.0949536,38.7623436,55.0948464,38.7621615,55.094663,38.7620212,55.0946241,38.7619309,55.0945559,38.7617727,55.0944065,38.761562,55.0942949,38.7614157
55.0950086,38.7623917,55.0949536,38.7623436,55.0948464,38.7621615,55.094663,38.7620212,55.0946241,38.7619309,55.0945559,38.7617727,55.0944065,38.761562,55.0942949,38.7614157,55.0942658,38.7613545
55.0949536,38.7623436,55.0948464,38.7621615,55.094663,38.7620212,55.0946241,38.7619309,55.0945559,38.7617727,55.0944065,38.761562,55.0942949,38.7614157,55.0942658,38.7613545,55.0941428,38.7610964
55.0948464,38.7621615,55.094663,38.7620212,55.0946241,38.7619309,55.0945559,38.7617727,55.0944065,38.761562,55.0942949,38.7614157,55.0942658,38.7613545,55.0941428,38.7610964,55.0940681,38.7609769
55.094663,38.7620212,55.0946241,38.7619309,55.0945559,38.7617727,55.0944065,38.761562,55.0942949,38.7614157,55.0942658,38.7613545,55.0941428,38.7610964,55.0940681,38.7609769,55.0939052,38.7608369
55.0946241,38.7619309,55.0945559,38.7617727,55.0944065,38.761562,55.0942949,38.7614157,55.0942658,38.7613545,55.0941428,38.7610964,55.0940681,38.7609769,55.0939052,38.7608369,55.0938536,38.7605928
55.0945559,38.7617727,55.0944065,38.761562,55.0942949,38.7614157,55.0942658,38.7613545,55.0941428,38.7610964,55.0940681,38.7609769,55.0939052,38.7608369,55.0938536,38.7605928,55.0938115,38.760473
55.0944065,38.761562,55.0942949,38.7614157,55.0942658,38.7613545,55.0941428,38.7610964,55.0940681,38.7609769,55.0939052,38.7608369,55.0938536,38.7605928,55.0938115,38.760473,55.0937394,38.7604
55.0942949,38.7614157,55.0942658,38.7613545,55.0941428,38.7610964,55.0940681,38.7609769,55.0939052,38.7608369,55.0938536,38.7605928,55.0938115,38.760473,55.0937394,38.7604,55.0936656,38.760295
55.0942658,38.7613545,55.0941428,38.7610964,55.0940681,38.7609769,55.0939052,38.7608369,55.0938536,38.7605928,55.0938115,38.760473,55.0937394,38.7604,55.0936656,38.760295,55.0935875,38.7602661
55.0941428,38.7610964,55.0940681,38.7609769,55.0939052,38.7608369,55.0938536,38.7605928,55.0938115,38.760473,55.0937394,38.7604,55.0936656,38.760295,55.0935875,38.7602661,55.0935209,38.7601859
55.0940681,38.7609769,55.0939052,38.7608369,55.0938536,38.7605928,55.0938115,38.760473,55.0937394,38.7604,55.0936656,38.760295,55.0935875,38.7602661,55.0935209,38.7601859,55.0933855,38.7600678
55.0939052,38.7608369,55.0938536,38.7605928,55.0938115,38.760473,55.0937394,38.7604,55.0936656,38.760295,55.0935875,38.7602661,55.0935209,38.7601859,55.0933855,38.7600678,55.0933911,38.7599606
55.0938536,38.7605928,55.0938115,38.760473,55.0937394,38.7604,55.0936656,38.760295,55.0935875,38.7602661,55.0935209,38.7601859,55.0933855,38.7600678,55.0933911,38.7599606,55.0934201,38.7598971
55.0938115,38.760473,55.0937394,38.7604,55.0936656,38.760295,55.0935875,38.7602661,55.0935209,38.7601859,55.0933855,38.7600678,55.0933911,38.7599606,55.0934201,38.7598971,55.0934548,38.7598209
55.0937394,38.7604,55.0936656,38.760295,55.0935875,38.7602661,55.0935209,38.7601859,55.0933855,38.7600678,55.0933911,38.7599606,55.0934201,38.7598971,55.0934548,38.7598209,55.0935815,38.7596033
55.0936656,38.760295,55.0935875,38.7602661,55.0935209,38.7601859,55.0933855,38.7600678,55.0933911,38.7599606,55.0934201,38.7598971,55.0934548,38.7598209,55.0935815,38.7596033,55.0936415,38.7594856
55.0835872,38.7652532,55.0832291,38.7665074,55.0829108,38.7676224,55.0828658,38.76778,55.0828034,38.7679988,55.0827257,38.768271,55.0824266,38.7693186,55.0823338,38.7696435,55.0820247,38.7707262
55.0836206,38.7639885,55.0834963,38.7639244,55.0833757,38.7638843,55.0831616,38.7638131,55.0828885,38.7636758,55.0827715,38.7636169,55.0824247,38.7634513,55.0823435,38.7634198,55.0809723,38.7629629
55.0834963,38.7639244,55.0833757,38.7638843,55.0831616,38.7638131,55.0828885,38.7636758,55.0827715,38.7636169,55.0824247,38.7634513,55.0823435,38.7634198,55.0809723,38.7629629,55.0808281,38.7629567
55.0827257,38.768271,55.0828219,38.7682823,55.0829553,38.7683508,55.0829917,38.7683856,55.0832192,38.768603,55.0833809,38.7687575,55.0836846,38.7690101,55.0838205,38.7691245,55.0840251,38.7693241
55.0828219,38.7682823,55.0829553,38.7683508,55.0829917,38.7683856,55.0832192,38.768603,55.0833809,38.7687575,55.0836846,38.7690101,55.0838205,38.7691245,55.0840251,38.7693241,55.0842429,38.76966
55.0829553,38.7683508,55.0829917,38.7683856,55.0832192,38.768603,55.0833809,38.7687575,55.0836846,38.7690101,55.0838205,38.7691245,55.0840251,38.7693241,55.0842429,38.76966,55.0842768,38.7697461
55.0829917,38.7683856,55.0832192,38.768603,55.0833809,38.7687575,55.0836846,38.7690101,55.0838205,38.7691245,55.0840251,38.7693241,55.0842429,38.76966,55.0842768,38.7697461,55.0843573,38.7699504
55.0832192,38.768603,55.0833809,38.7687575,55.0836846,38.7690101,55.0838205,38.7691245,55.0840251,38.7693241,55.0842429,38.76966,55.0842768,38.7697461,55.0843573,38.7699504,55.0845949,38.7703594
55.0793378,38.7693706,55.0793343,38.7693986,55.0793371,38.769427,55.079346,38.7694512,55.0793595,38.7694677,55.0793755,38.769474,55.0793918,38.769469,55.0794057,38.7694535,55.0794151,38.7694299
55.0794151,38.7694299,55.0794187,38.7694019,55.0794158,38.7693735,55.079407,38.7693493,55.0793935,38.7693328,55.0793774,38.7693265,55.0793612,38.7693315,55.0793473,38.769347,55.0793378,38.7693706
55.0795354,38.7713248,55.0795688,38.7715443,55.0796374,38.7718319,55.079723,38.7721647,55.0797832,38.7724674,55.0798529,38.7727329,55.0799151,38.7728782,55.0799869,38.7730848,55.0800692,38.7732871
55.0795688,38.7715443,55.0796374,38.7718319,55.079723,38.7721647,55.0797832,38.7724674,55.0798529,38.7727329,55.0799151,38.7728782,55.0799869,38.7730848,55.0800692,38.7732871,55.0802016,38.7737721
55.0796374,38.7718319,55.079723,38.7721647,55.0797832,38.7724674,55.0798529,38.7727329,55.0799151,38.7728782,55.0799869,38.7730848,55.0800692,38.7732871,55.0802016,38.7737721,55.080393,38.7743408
55.079723,38.7721647,55.0797832,38.7724674,55.0798529,38.7727329,55.0799151,38.7728782,55.0799869,38.7730848,55.0800692,38.7732871,55.0802016,38.7737721,55.080393,38.7743408,55.0804569,38.7744685
55.0797832,38.7724674,55.0798529,38.7727329,55.0799151,38.7728782,55.0799869,38.7730848,55.0800692,38.7732871,55.0802016,38.7737721,55.080393,38.7743408,55.0804569,38.7744685,55.0804969,38.7745403
55.0854648,38.7740711,55.0853564,38.7739691,55.0852158,38.7738532,55.0848861,38.7735753,55.0842736,38.7730185,55.0837821,38.7725929,55.0835727,38.7724116,55.083345,38.7722168,55.0825527,38.7715272
55.0853564,38.7739691,55.0852158,38.7738532,55.0848861,38.7735753,55.0842736,38.7730185,55.0837821,38.7725929,55.0835727,38.7724116,55.083345,38.7722168,55.0825527,38.7715272,55.0823603,38.7713603
55.0852158,38.7738532,55.0848861,38.7735753,55.0842736,38.7730185,55.0837821,38.7725929,55.0835727,38.7724116,55.083345,38.7722168,55.0825527,38.7715272,55.0823603,38.7713603,55.0819522,38.7710037
55.0848861,38.7735753,55.0842736,38.7730185,55.0837821,38.7725929,55.0835727,38.7724116,55.083345,38.7722168,55.0825527,38.7715272,55.0823603,38.7713603,55.0819522,38.7710037,55.0818448,38.7709112
55.0842736,38.7730185,55.0837821,38.7725929,55.0835727,38.7724116,55.083345,38.7722168,55.0825527,38.7715272,55.0823603,38.7713603,55.0819522,38.7710037,55.0818448,38.7709112,55.0816942,38.7707751
55.0837821,38.7725929,55.0835727,38.7724116,55.083345,38.7722168,55.0825527,38.7715272,55.0823603,38.7713603,55.0819522,38.7710037,55.0818448,38.7709112,55.0816942,38.7707751,55.0815969,38.7706888
55.0835727,38.7724116,55.083345,38.7722168,55.0825527,38.7715272,55.0823603,38.7713603,55.0819522,38.7710037,55.0818448,38.7709112,55.0816942,38.7707751,55.0815969,38.7706888,55.0813814,38.7704999
55.083345,38.7722168,55.0825527,38.7715272,55.0823603,38.7713603,55.0819522,38.7710037,55.0818448,38.7709112,55.0816942,38.7707751,55.0815969,38.7706888,55.0813814,38.7704999,55.0798563,38.769162
55.0825527,38.7715272,55.0823603,38.7713603,55.0819522,38.7710037,55.0818448,38.7709112,55.0816942,38.7707751,55.0815969,38.7706888,55.0813814,38.7704999,55.0798563,38.769162,55.0795575,38.7689021
55.0823603,38.7713603,55.0819522,38.7710037,55.0818448,38.7709112,55.0816942,38.7707751,55.0815969,38.7706888,55.0813814,38.7704999,55.0798563,38.769162,55.0795575,38.7689021,55.0794461,38.7688052
55.0819522,38.7710037,55.0818448,38.7709112,55.0816942,38.7707751,55.0815969,38.7706888,55.0813814,38.7704999,55.0798563,38.769162,55.0795575,38.7689021,55.0794461,38.7688052,55.0792001,38.7685825
55.0818448,38.7709112,55.0816942,38.7707751,55.0815969,38.7706888,55.0813814,38.7704999,55.0798563,38.769162,55.0795575,38.7689021,55.0794461,38.7688052,55.0792001,38.7685825,55.0791166,38.7685035
55.0816942,38.7707751,55.0815969,38.7706888,55.0813814,38.7704999,55.0798563,38.769162,55.0795575,38.7689021,55.0794461,38.7688052,55.0792001,38.7685825,55.0791166,38.7685035,55.0790645,38.7684585
55.0815969,38.7706888,55.0813814,38.7704999,55.0798563,38.769162,55.0795575,38.7689021,55.0794461,38.7688052,55.0792001,38.7685825,55.0791166,38.7685035,55.0790645,38.7684585,55.0790429,38.7684398
55.0813814,38.7704999,55.0798563,38.769162,55.0795575,38.7689021,55.0794461,38.7688052,55.0792001,38.7685825,55.0791166,38.7685035,55.0790645,38.7684585,55.0790429,38.7684398,55.0790012,38.7684037
55.0862787,38.7712555,55.0863132,38.7711353,55.0864842,38.7705398,55.0866424,38.769989,55.0871548,38.7682263,55.0872075,38.7680221,55.0873517,38.767375,55.0874927,38.7666289,55.087627,38.7657962
55.0863132,38.7711353,55.0864842,38.7705398,55.0866424,38.769989,55.0871548,38.7682263,55.0872075,38.7680221,55.0873517,38.767375,55.0874927,38.7666289,55.087627,38.7657962,55.0876544,38.765647
55.0864842,38.7705398,55.0866424,38.769989,55.0871548,38.7682263,55.0872075,38.7680221,55.0873517,38.767375,55.0874927,38.7666289,55.087627,38.7657962,55.0876544,38.765647,55.0876615,38.7656082
55.0866424,38.769989,55.0871548,38.7682263,55.0872075,38.7680221,55.0873517,38.767375,55.0874927,38.7666289,55.087627,38.7657962,55.0876544,38.765647,55.0876615,38.7656082,55.087696,38.7654104
55.0910524,38.7664362,55.0917216,38.7667413,55.0918743,38.7661861,55.0920353,38.7656147,55.0920584,38.7655444,55.0916672,38.764893,55.0914405,38.7645155,55.0913465,38.7643589,55.0908178,38.7638286
55.0917216,38.7667413,55.0918743,38.7661861,55.0920353,38.7656147,55.0920584,38.7655444,55.0916672,38.764893,55.0914405,38.7645155,55.0913465,38.7643589,55.0908178,38.7638286,55.0906095,38.7636985
55.0918743,38.7661861,55.0920353,38.7656147,55.0920584,38.7655444,55.0916672,38.764893,55.0914405,38.7645155,55.0913465,38.7643589,55.0908178,38.7638286,55.0906095,38.7636985,55.0904773,38.7636393
55.0920353,38.7656147,55.0920584,38.7655444,55.0916672,38.764893,55.0914405,38.7645155,55.0913465,38.7643589,55.0908178,38.7638286,55.0906095,38.7636985,55.0904773,38.7636393,55.0902943,38.7635573
55.0920584,38.7655444,55.0916672,38.764893,55.0914405,38.7645155,55.0913465,38.7643589,55.0908178,38.7638286,55.0906095,38.7636985,55.0904773,38.7636393,55.0902943,38.7635573,55.0898773,38.763355
55.0916672,38.764893,55.0914405,38.7645155,55.0913465,38.7643589,55.0908178,38.7638286,55.0906095,38.7636985,55.0904773,38.7636393,55.0902943,38.7635573,55.0898773,38.763355,55.089669,38.7632576
55.0914405,38.7645155,55.0913465,38.7643589,55.0908178,38.7638286,55.0906095,38.7636985,55.0904773,38.7636393,55.0902943,38.7635573,55.0898773,38.763355,55.089669,38.7632576,55.0892792,38.7630761
55.0913465,38.7643589,55.0908178,38.7638286,55.0906095,38.7636985,55.0904773,38.7636393,55.0902943,38.7635573,55.0898773,38.763355,55.089669,38.7632576,55.0892792,38.7630761,55.0888073,38.762825
55.0908178,38.7638286,55.0906095,38.7636985,55.0904773,38.7636393,55.0902943,38.7635573,55.0898773,38.763355,55.089669,38.7632576,55.0892792,38.7630761,55.0888073,38.762825,55.0884755,38.7626697
55.0906095,38.7636985,55.0904773,38.7636393,55.0902943,38.7635573,55.0898773,38.763355,55.089669,38.7632576,55.0892792,38.7630761,55.0888073,38.762825,55.0884755,38.7626697,55.0882651,38.7625563
55.0904773,38.7636393,55.0902943,38.7635573,55.0898773,38.763355,55.089669,38.7632576,55.0892792,38.7630761,55.0888073,38.762825,55.0884755,38.7626697,55.0882651,38.7625563,55.0881649,38.7624978
55.0779189,38.7601561,55.0779369,38.7600875,55.0780018,38.759695,55.0784467,38.7590234,55.0785125,38.7589258,55.0787419,38.7584198,55.0788359,38.7581681,55.0788926,38.7580161,55.0789414,38.7579028
55.0779369,38.7600875,55.0780018,38.759695,55.0784467,38.7590234,55.0785125,38.7589258,55.0787419,38.7584198,55.0788359,38.7581681,55.0788926,38.7580161,55.0789414,38.7579028,55.0780448,38.7570968
55.0921559,38.765048,55.0916262,38.7641955,55.091381,38.763801,55.0911346,38.763525,55.0908903,38.76335,55.0907868,38.7632759,55.0906747,38.7632226,55.090149,38.7629676,55.0898356,38.7627875
55.0916262,38.7641955,55.091381,38.763801,55.0911346,38.763525,55.0908903,38.76335,55.0907868,38.7632759,55.0906747,38.7632226,55.090149,38.7629676,55.0898356,38.7627875,55.0897488,38.7627463
55.091381,38.763801,55.0911346,38.763525,55.0908903,38.76335,55.0907868,38.7632759,55.0906747,38.7632226,55.090149,38.7629676,55.0898356,38.7627875,55.0897488,38.7627463,55.0893561,38.7625372
55.0911346,38.763525,55.0908903,38.76335,55.0907868,38.7632759,55.0906747,38.7632226,55.090149,38.7629676,55.0898356,38.7627875,55.0897488,38.7627463,55.0893561,38.7625372,55.0889472,38.7623323
55.0908903,38.76335,55.0907868,38.7632759,55.0906747,38.7632226,55.090149,38.7629676,55.0898356,38.7627875,55.0897488,38.7627463,55.0893561,38.7625372,55.0889472,38.7623323,55.0887148,38.7622221
55.0907868,38.7632759,55.0906747,38.7632226,55.090149,38.7629676,55.0898356,38.7627875,55.0897488,38.7627463,55.0893561,38.7625372,55.0889472,38.7623323,55.0887148,38.7622221,55.0885385,38.7621386
55.0906747,38.7632226,55.090149,38.7629676,55.0898356,38.7627875,55.0897488,38.7627463,55.0893561,38.7625372,55.0889472,38.7623323,55.0887148,38.7622221,55.0885385,38.7621386,55.0883847,38.7620657
55.090149,38.7629676,55.0898356,38.7627875,55.0897488,38.7627463,55.0893561,38.7625372,55.0889472,38.7623323,55.0887148,38.7622221,55.0885385,38.7621386,55.0883847,38.7620657,55.0882526,38.7620085
55.0760796,38.7978614,55.0759534,38.7969977,55.0758786,38.7964862,55.0758581,38.7963249,55.0757115,38.7952146,55.0756677,38.7948834,55.0755513,38.7940541,55.0754787,38.793518,55.0753956,38.7929385
55.0759534,38.7969977,55.0758786,38.7964862,55.0758581,38.7963249,55.0757115,38.7952146,55.0756677,38.7948834,55.0755513,38.7940541,55.0754787,38.793518,55.0753956,38.7929385,55.075308,38.7923283
55.0758786,38.7964862,55.0758581,38.7963249,55.0757115,38.7952146,55.0756677,38.7948834,55.0755513,38.7940541,55.0754787,38.793518,55.0753956,38.7929385,55.075308,38.7923283,55.075245,38.7918953
55.0958026,38.7308108,55.0958463,38.7312484,55.0959773,38.7318886,55.096104,38.7323664,55.0961928,38.7326786,55.0963541,38.7331325,55.0965659,38.7335317,55.096659,38.7339108,55.0966244,38.734021
55.0958463,38.7312484,55.0959773,38.7318886,55.096104,38.7323664,55.0961928,38.7326786,55.0963541,38.7331325,55.0965659,38.7335317,55.096659,38.7339108,55.0966244,38.734021,55.0965617,38.7341373
55.0959773,38.7318886,55.096104,38.7323664,55.0961928,38.7326786,55.0963541,38.7331325,55.0965659,38.7335317,55.096659,38.7339108,55.0966244,38.734021,55.0965617,38.7341373,55.0964892,38.7342384
55.096104,38.7323664,55.0961928,38.7326786,55.0963541,38.7331325,55.0965659,38.7335317,55.096659,38.7339108,55.0966244,38.734021,55.0965617,38.7341373,55.0964892,38.7342384,55.096236,38.7345471
55.0961928,38.7326786,55.0963541,38.7331325,55.0965659,38.7335317,55.096659,38.7339108,55.0966244,38.734021,55.0965617,38.7341373,55.0964892,38.7342384,55.096236,38.7345471,55.0959944,38.7348129
55.0840206,38.7856943,55.0838938,38.7855825,55.0836391,38.785358,55.082956,38.7847527,55.0826369,38.7844699,55.0825164,38.7843704,55.0823987,38.7842649,55.0822045,38.7840896,55.0821906,38.7840772
55.0838938,38.7855825,55.0836391,38.785358,55.082956,38.7847527,55.0826369,38.7844699,55.0825164,38.7843704,55.0823987,38.7842649,55.0822045,38.7840896,55.0821906,38.7840772,55.0818144,38.7837497
55.0836391,38.785358,55.082956,38.7847527,55.0826369,38.7844699,55.0825164,38.7843704,55.0823987,38.7842649,55.0822045,38.7840896,55.0821906,38.7840772,55.0818144,38.7837497,55.0812745,38.7832739
55.082956,38.7847527,55.0826369,38.7844699,55.0825164,38.7843704,55.0823987,38.7842649,55.0822045,38.7840896,55.0821906,38.7840772,55.0818144,38.7837497,55.0812745,38.7832739,55.0807775,38.7828369
55.0826369,38.7844699,55.0825164,38.7843704,55.0823987,38.7842649,55.0822045,38.7840896,55.0821906,38.7840772,55.0818144,38.7837497,55.0812745,38.7832739,55.0807775,38.7828369,55.0806595,38.7827305
55.0825164,38.7843704,55.0823987,38.7842649,55.0822045,38.7840896,55.0821906,38.7840772,55.0818144,38.7837497,55.0812745,38.7832739,55.0807775,38.7828369,55.0806595,38.7827305,55.0803855,38.7824893
55.0823987,38.7842649,55.0822045,38.7840896,55.0821906,38.7840772,55.0818144,38.7837497,55.0812745,38.7832739,55.0807775,38.7828369,55.0806595,38.7827305,55.0803855,38.7824893,55.0800353,38.7821817
55.0822045,38.7840896,55.0821906,38.7840772,55.0818144,38.7837497,55.0812745,38.7832739,55.0807775,38.7828369,55.0806595,38.7827305,55.0803855,38.7824893,55.0800353,38.7821817,55.0795031,38.7817142
55.0821906,38.7840772,55.0818144,38.7837497,55.0812745,38.7832739,55.0807775,38.7828369,55.0806595,38.7827305,55.0803855,38.7824893,55.0800353,38.7821817,55.0795031,38.7817142,55.0789003,38.7811813
55.0818144,38.7837497,55.0812745,38.7832739,55.0807775,38.7828369,55.0806595,38.7827305,55.0803855,38.7824893,55.0800353,38.7821817,55.0795031,38.7817142,55.0789003,38.7811813,55.0785682,38.7808887
55.0812745,38.7832739,55.0807775,38.7828369,55.0806595,38.7827305,55.0803855,38.7824893,55.0800353,38.7821817,55.0795031,38.7817142,55.0789003,38.7811813,55.0785682,38.7808887,55.0785266,38.780856
55.0807775,38.7828369,55.0806595,38.7827305,55.0803855,38.7824893,55.0800353,38.7821817,55.0795031,38.7817142,55.0789003,38.7811813,55.0785682,38.7808887,55.0785266,38.780856,55.078312,38.7806639
55.0806595,38.7827305,55.0803855,38.7824893,55.0800353,38.7821817,55.0795031,38.7817142,55.0789003,38.7811813,55.0785682,38.7808887,55.0785266,38.780856,55.078312,38.7806639,55.0779231,38.7803158
55.0803855,38.7824893,55.0800353,38.7821817,55.0795031,38.7817142,55.0789003,38.7811813,55.0785682,38.7808887,55.0785266,38.780856,55.078312,38.7806639,55.0779231,38.7803158,55.0775253,38.7799643
55.0800353,38.7821817,55.0795031,38.7817142,55.0789003,38.7811813,55.0785682,38.7808887,55.0785266,38.780856,55.078312,38.7806639,55.0779231,38.7803158,55.0775253,38.7799643,55.0768541,38.7793714
55.0795031,38.7817142,55.0789003,38.7811813,55.0785682,38.7808887,55.0785266,38.780856,55.078312,38.7806639,55.0779231,38.7803158,55.0775253,38.7799643,55.0768541,38.7793714,55.0762316,38.7788017
55.0789003,38.7811813,55.0785682,38.7808887,55.0785266,38.780856,55.078312,38.7806639,55.0779231,38.7803158,55.0775253,38.7799643,55.0768541,38.7793714,55.0762316,38.7788017,55.0761693,38.7787404
55.0785682,38.7808887,55.0785266,38.780856,55.078312,38.7806639,55.0779231,38.7803158,55.0775253,38.7799643,55.0768541,38.7793714,55.0762316,38.7788017,55.0761693,38.7787404,55.0761066,38.7786812
55.0785266,38.780856,55.078312,38.7806639,55.0779231,38.7803158,55.0775253,38.7799643,55.0768541,38.7793714,55.0762316,38.7788017,55.0761693,38.7787404,55.0761066,38.7786812,55.0760816,38.7786567
55.078312,38.7806639,55.0779231,38.7803158,55.0775253,38.7799643,55.0768541,38.7793714,55.0762316,38.7788017,55.0761693,38.7787404,55.0761066,38.7786812,55.0760816,38.7786567,55.076034,38.7786122
55.0863368,38.7625815,55.0864179,38.7625186,55.0865528,38.7624961,55.0866706,38.7625235,55.0867497,38.7625419,55.0869223,38.7625143,55.0869784,38.7625039,55.087024,38.7624955,55.0872381,38.7624367
55.0864179,38.7625186,55.0865528,38.7624961,55.0866706,38.7625235,55.0867497,38.7625419,55.0869223,38.7625143,55.0869784,38.7625039,55.087024,38.7624955,55.0872381,38.7624367,55.0873992,38.7623418
55.0865528,38.7624961,55.0866706,38.7625235,55.0867497,38.7625419,55.0869223,38.7625143,55.0869784,38.7625039,55.087024,38.7624955,55.0872381,38.7624367,55.0873992,38.7623418,55.0875706,38.7621659
55.0866706,38.7625235,55.0867497,38.7625419,55.0869223,38.7625143,55.0869784,38.7625039,55.087024,38.7624955,55.0872381,38.7624367,55.0873992,38.7623418,55.0875706,38.7621659,55.0876702,38.7620935
55.0858226,38.7708595,55.0857496,38.7711164,55.0857366,38.7711619,55.0857222,38.7712126,55.0856429,38.7714916,55.0855699,38.7717482,55.0854949,38.7720119,55.0854305,38.7722384,55.0853574,38.7724952
55.0857496,38.7711164,55.0857366,38.7711619,55.0857222,38.7712126,55.0856429,38.7714916,55.0855699,38.7717482,55.0854949,38.7720119,55.0854305,38.7722384,55.0853574,38.7724952,55.0852904,38.7727307
55.0857366,38.7711619,55.0857222,38.7712126,55.0856429,38.7714916,55.0855699,38.7717482,55.0854949,38.7720119,55.0854305,38.7722384,55.0853574,38.7724952,55.0852904,38.7727307,55.0852155,38.7729942
55.0857222,38.7712126,55.0856429,38.7714916,55.0855699,38.7717482,55.0854949,38.7720119,55.0854305,38.7722384,55.0853574,38.7724952,55.0852904,38.7727307,55.0852155,38.7729942,55.085133,38.7732843
55.0856429,38.7714916,55.0855699,38.7717482,55.0854949,38.7720119,55.0854305,38.7722384,55.0853574,38.7724952,55.0852904,38.7727307,55.0852155,38.7729942,55.085133,38.7732843,55.0850808,38.7734677
55.0855699,38.7717482,55.0854949,38.7720119,55.0854305,38.7722384,55.0853574,38.7724952,55.0852904,38.7727307,55.0852155,38.7729942,55.085133,38.7732843,55.0850808,38.7734677,55.0850501,38.7735759
55.0834963,38.7639244,55.0833658,38.7643898,55.0833293,38.7645202,55.0832457,38.7648188,55.0831331,38.7652209,55.0831248,38.7652507,55.0829137,38.7660046,55.0828028,38.7664008,55.0826551,38.7669285
55.0833658,38.7643898,55.0833293,38.7645202,55.0832457,38.7648188,55.0831331,38.7652209,55.0831248,38.7652507,55.0829137,38.7660046,55.0828028,38.7664008,55.0826551,38.7669285,55.0824457,38.7676765
55.0833293,38.7645202,55.0832457,38.7648188,55.0831331,38.7652209,55.0831248,38.7652507,55.0829137,38.7660046,55.0828028,38.7664008,55.0826551,38.7669285,55.0824457,38.7676765,55.0824343,38.7677172
55.0832457,38.7648188,55.0831331,38.7652209,55.0831248,38.7652507,55.0829137,38.7660046,55.0828028,38.7664008,55.0826551,38.7669285,55.0824457,38.7676765,55.0824343,38.7677172,55.0823593,38.767985
55.0831331,38.7652209,55.0831248,38.7652507,55.0829137,38.7660046,55.0828028,38.7664008,55.0826551,38.7669285,55.0824457,38.7676765,55.0824343,38.7677172,55.0823593,38.767985,55.0821348,38.7687871
55.0831248,38.7652507,55.0829137,38.7660046,55.0828028,38.7664008,55.0826551,38.7669285,55.0824457,38.7676765,55.0824343,38.7677172,55.0823593,38.767985,55.0821348,38.7687871,55.0820825,38.7689738
55.0829137,38.7660046,55.0828028,38.7664008,55.0826551,38.7669285,55.0824457,38.7676765,55.0824343,38.7677172,55.0823593,38.767985,55.0821348,38.7687871,55.0820825,38.7689738,55.0820608,38.7690512
55.0828028,38.7664008,55.0826551,38.7669285,55.0824457,38.7676765,55.0824343,38.7677172,55.0823593,38.767985,55.0821348,38.7687871,55.0820825,38.7689738,55.0820608,38.7690512,55.0817728,38.7700802
55.0826551,38.7669285,55.0824457,38.7676765,55.0824343,38.7677172,55.0823593,38.767985,55.0821348,38.7687871,55.0820825,38.7689738,55.0820608,38.7690512,55.0817728,38.7700802,55.0816508,38.7705158
55.0824457,38.7676765,55.0824343,38.7677172,55.0823593,38.767985,55.0821348,38.7687871,55.0820825,38.7689738,55.0820608,38.7690512,55.0817728,38.7700802,55.0816508,38.7705158,55.0816187,38.7706306
55.0755465,38.760331,55.0751292,38.7601511,55.0747201,38.7599728,55.0745619,38.7599039,55.0744824,38.7598692,55.0742655,38.7597829,55.0741907,38.7598814,55.0741445,38.7599749,55.0741282,38.7600207
55.0751292,38.7601511,55.0747201,38.7599728,55.0745619,38.7599039,55.0744824,38.7598692,55.0742655,38.7597829,55.0741907,38.7598814,55.0741445,38.7599749,55.0741282,38.7600207,55.074068,38.7600333
55.0747201,38.7599728,55.0745619,38.7599039,55.0744824,38.7598692,55.0742655,38.7597829,55.0741907,38.7598814,55.0741445,38.7599749,55.0741282,38.7600207,55.074068,38.7600333,55.073903,38.7599744
55.0745619,38.7599039,55.0744824,38.7598692,55.0742655,38.7597829,55.0741907,38.7598814,55.0741445,38.7599749,55.0741282,38.7600207,55.074068,38.7600333,55.073903,38.7599744,55.0736777,38.7598944
55.0744824,38.7598692,55.0742655,38.7597829,55.0741907,38.7598814,55.0741445,38.7599749,55.0741282,38.7600207,55.074068,38.7600333,55.073903,38.7599744,55.0736777,38.7598944,55.0734573,38.7598376
55.0742655,38.7597829,55.0741907,38.7598814,55.0741445,38.7599749,55.0741282,38.7600207,55.074068,38.7600333,55.073903,38.7599744,55.0736777,38.7598944,55.0734573,38.7598376,55.0731188,38.7598208
55.0741907,38.7598814,55.0741445,38.7599749,55.0741282,38.7600207,55.074068,38.7600333,55.073903,38.7599744,55.0736777,38.7598944,55.0734573,38.7598376,55.0731188,38.7598208,55.0727537,38.7598334
55.0741445,38.7599749,55.0741282,38.7600207,55.074068,38.7600333,55.073903,38.7599744,55.0736777,38.7598944,55.0734573,38.7598376,55.0731188,38.7598208,55.0727537,38.7598334,55.0725176,38.7598545
55.0741282,38.7600207,55.074068,38.7600333,55.073903,38.7599744,55.0736777,38.7598944,55.0734573,38.7598376,55.0731188,38.7598208,55.0727537,38.7598334,55.0725176,38.7598545,55.0722956,38.759872
55.0770144,38.7611706,55.0770376,38.7608887,55.0770151,38.7607972,55.07698,38.7606586,55.0769486,38.7603619,55.076897,38.759914,55.0768728,38.7598498,55.0768099,38.7592183,55.0767003,38.7583453
55.0770376,38.7608887,55.0770151,38.7607972,55.07698,38.7606586,55.0769486,38.7603619,55.076897,38.759914,55.0768728,38.7598498,55.0768099,38.7592183,55.0767003,38.7583453,55.0765017,38.7573055
55.0770151,38.7607972,55.07698,38.7606586,55.0769486,38.7603619,55.076897,38.759914,55.0768728,38.7598498,55.0768099,38.7592183,55.0767003,38.7583453,55.0765017,38.7573055,55.076453,38.7570473
55.07698,38.7606586,55.0769486,38.7603619,55.076897,38.759914,55.0768728,38.7598498,55.0768099,38.7592183,55.0767003,38.7583453,55.0765017,38.7573055,55.076453,38.7570473,55.0763268,38.7559058
55.0769486,38.7603619,55.076897,38.759914,55.0768728,38.7598498,55.0768099,38.7592183,55.0767003,38.7583453,55.0765017,38.7573055,55.076453,38.7570473,55.0763268,38.7559058,55.0761842,38.7547288
55.076897,38.759914,55.0768728,38.7598498,55.0768099,38.7592183,55.0767003,38.7583453,55.0765017,38.7573055,55.076453,38.7570473,55.0763268,38.7559058,55.0761842,38.7547288,55.076027,38.7534598
55.0768728,38.7598498,55.0768099,38.7592183,55.0767003,38.7583453,55.0765017,38.7573055,55.076453,38.7570473,55.0763268,38.7559058,55.0761842,38.7547288,55.076027,38.7534598,55.0759177,38.7526217
55.0768099,38.7592183,55.0767003,38.7583453,55.0765017,38.7573055,55.076453,38.7570473,55.0763268,38.7559058,55.0761842,38.7547288,55.076027,38.7534598,55.0759177,38.7526217,55.0758552,38.7521005
55.0767003,38.7583453,55.0765017,38.7573055,55.076453,38.7570473,55.0763268,38.7559058,55.0761842,38.7547288,55.076027,38.7534598,55.0759177,38.7526217,55.0758552,38.7521005,55.0758224,38.7518286
55.0933785,38.7914359,55.0931159,38.7918396,55.0930597,38.7919439,55.0929381,38.79217,55.0928115,38.7924052,55.0927016,38.7926094,55.0925862,38.7928238,55.0925445,38.7929013,55.0924215,38.7931349
55.0974862,38.7621393,55.0975424,38.7620365,55.0976253,38.7618851,55.0980201,38.7611642,55.0987272,38.7598728,55.0987802,38.759776,55.0993032,38.758821,55.1001113,38.7573482,55.1001799,38.7572292
55.0821175,38.7964046,55.0821642,38.7962448,55.0822629,38.795907,55.0823215,38.7957065,55.0827494,38.7960722,55.0828145,38.7958397,55.0828872,38.7957961,55.0830921,38.7959712,55.0831653,38.7960337
55.0821642,38.7962448,55.0822629,38.795907,55.0823215,38.7957065,55.0827494,38.7960722,55.0828145,38.7958397,55.0828872,38.7957961,55.0830921,38.7959712,55.0831653,38.7960337,55.0831831,38.796049
55.0822629,38.795907,55.0823215,38.7957065,55.0827494,38.7960722,55.0828145,38.7958397,55.0828872,38.7957961,55.0830921,38.7959712,55.0831653,38.7960337,55.0831831,38.796049,55.0832301,38.7960891
55.0844472,38.7983177,55.0843943,38.7980409,55.0841153,38.7977083,55.0836681,38.797952,55.0835197,38.7984587,55.083639,38.7990993,55.0839603,38.7993445,55.0843699,38.7991047,55.0845006,38.798625
55.0843943,38.7980409,55.0841153,38.7977083,55.0836681,38.797952,55.0835197,38.7984587,55.083639,38.7990993,55.0839603,38.7993445,55.0843699,38.7991047,55.0845006,38.798625,55.0844472,38.7983177
55.0819762,38.7709195,55.0820013,38.7708311,55.0818931,38.7707372,55.0823088,38.7692762,55.082327,38.7692124,55.0826186,38.7681873,55.082699,38.7679048,55.083123,38.7664146,55.0833974,38.7654503
55.0820013,38.7708311,55.0818931,38.7707372,55.0823088,38.7692762,55.082327,38.7692124,55.0826186,38.7681873,55.082699,38.7679048,55.083123,38.7664146,55.0833974,38.7654503,55.0833225,38.7653853
55.0818931,38.7707372,55.0823088,38.7692762,55.082327,38.7692124,55.0826186,38.7681873,55.082699,38.7679048,55.083123,38.7664146,55.0833974,38.7654503,55.0833225,38.7653853,55.0832468,38.7653549
55.0823088,38.7692762,55.082327,38.7692124,55.0826186,38.7681873,55.082699,38.7679048,55.083123,38.7664146,55.0833974,38.7654503,55.0833225,38.7653853,55.0832468,38.7653549,55.0831331,38.7652209
55.075154,38.791788,55.0751426,38.7917011,55.0751363,38.7916527,55.0750909,38.7913053,55.0749846,38.7904931,55.0748814,38.7897041,55.0747207,38.7884744,55.0746421,38.787874,55.0746246,38.7878581
55.0751426,38.7917011,55.0751363,38.7916527,55.0750909,38.7913053,55.0749846,38.7904931,55.0748814,38.7897041,55.0747207,38.7884744,55.0746421,38.787874,55.0746246,38.7878581,55.0738203,38.7871286
55.0904074,38.7554412,55.090583,38.7556058,55.0906674,38.7556848,55.0907364,38.7556484,55.0908323,38.7555968,55.0909312,38.7553916,55.0909977,38.7553332,55.0911465,38.7552025,55.0917585,38.754834
55.0921417,38.7577483,55.0921708,38.7576541,55.0922844,38.7572873,55.0923694,38.7570124,55.0926598,38.7560742,55.0928016,38.755616,55.0928393,38.7554941,55.0929563,38.7551162,55.091771,38.7538508
55.0921708,38.7576541,55.0922844,38.7572873,55.0923694,38.7570124,55.0926598,38.7560742,55.0928016,38.755616,55.0928393,38.7554941,55.0929563,38.7551162,55.091771,38.7538508,55.0910712,38.7531041
55.0922844,38.7572873,55.0923694,38.7570124,55.0926598,38.7560742,55.0928016,38.755616,55.0928393,38.7554941,55.0929563,38.7551162,55.091771,38.7538508,55.0910712,38.7531041,55.0909792,38.7530059
55.0904074,38.7554412,55.0902775,38.7558763,55.0902576,38.7559416,55.0902265,38.7560412,55.0901935,38.7561519,55.0895242,38.7582661,55.089377,38.7587638,55.0893349,38.7589063,55.0887841,38.760817
55.0902775,38.7558763,55.0902576,38.7559416,55.0902265,38.7560412,55.0901935,38.7561519,55.0895242,38.7582661,55.089377,38.7587638,55.0893349,38.7589063,55.0887841,38.760817,55.0885442,38.7615459
55.0902576,38.7559416,55.0902265,38.7560412,55.0901935,38.7561519,55.0895242,38.7582661,55.089377,38.7587638,55.0893349,38.7589063,55.0887841,38.760817,55.0885442,38.7615459,55.0884309,38.7619015
55.0902265,38.7560412,55.0901935,38.7561519,55.0895242,38.7582661,55.089377,38.7587638,55.0893349,38.7589063,55.0887841,38.760817,55.0885442,38.7615459,55.0884309,38.7619015,55.0883847,38.7620657
55.0901935,38.7561519,55.0895242,38.7582661,55.089377,38.7587638,55.0893349,38.7589063,55.0887841,38.760817,55.0885442,38.7615459,55.0884309,38.7619015,55.0883847,38.7620657,55.0883215,38.7621846
55.076034,38.7786122,55.0759955,38.7787427,55.0757767,38.7794911,55.0754885,38.7804688,55.0752692,38.7812129,55.0747014,38.7832094,55.074384,38.7843256,55.0743553,38.784424,55.0743448,38.7844601
55.0792461,38.8007816,55.0791831,38.800777,55.0787414,38.8007455,55.0787056,38.8004618,55.078581,38.7994757,55.0789128,38.7983268,55.0791074,38.7976498,55.079408,38.7966034,55.0794339,38.7963204
55.0822401,38.7933737,55.0822515,38.7934347,55.0822311,38.7935048,55.0822336,38.793586,55.0821508,38.793871,55.0821031,38.7938982,55.0820354,38.7941312,55.0820579,38.7942518,55.0820019,38.7944446
55.0933476,38.745054,55.0929471,38.7445348,55.0922055,38.7435137,55.0916053,38.7426759,55.0908058,38.7415113,55.0903434,38.7407667,55.0897227,38.7396701,55.0892866,38.7388802,55.0889051,38.7381934
55.0929471,38.7445348,55.0922055,38.7435137,55.0916053,38.7426759,55.0908058,38.7415113,55.0903434,38.7407667,55.0897227,38.7396701,55.0892866,38.7388802,55.0889051,38.7381934,55.0888048,38.7380246
55.0922055,38.7435137,55.0916053,38.7426759,55.0908058,38.7415113,55.0903434,38.7407667,55.0897227,38.7396701,55.0892866,38.7388802,55.0889051,38.7381934,55.0888048,38.7380246,55.0885088,38.7375265
55.0916053,38.7426759,55.0908058,38.7415113,55.0903434,38.7407667,55.0897227,38.7396701,55.0892866,38.7388802,55.0889051,38.7381934,55.0888048,38.7380246,55.0885088,38.7375265,55.0883808,38.737324
55.0908058,38.7415113,55.0903434,38.7407667,55.0897227,38.7396701,55.0892866,38.7388802,55.0889051,38.7381934,55.0888048,38.7380246,55.0885088,38.7375265,55.0883808,38.737324,55.0882583,38.7371629
55.0881597,38.737383,55.0882295,38.7375005,55.088865,38.7385707,55.0892155,38.7392066,55.0902272,38.7409589,55.0904381,38.7413242,55.0914328,38.7427444,55.0919815,38.7434807,55.0925103,38.7442344
55.0882295,38.7375005,55.088865,38.7385707,55.0892155,38.7392066,55.0902272,38.7409589,55.0904381,38.7413242,55.0914328,38.7427444,55.0919815,38.7434807,55.0925103,38.7442344,55.0934234,38.7454532
55.088865,38.7385707,55.0892155,38.7392066,55.0902272,38.7409589,55.0904381,38.7413242,55.0914328,38.7427444,55.0919815,38.7434807,55.0925103,38.7442344,55.0934234,38.7454532,55.0936015,38.7456705
55.0938754,38.7460709,55.0951057,38.7477702,55.0957565,38.7483158,55.0961018,38.7486457,55.0964585,38.749095,55.0967089,38.7495721,55.0969934,38.7499587,55.0971369,38.7501867,55.0973372,38.7504562
55.0951057,38.7477702,55.0957565,38.7483158,55.0961018,38.7486457,55.0964585,38.749095,55.0967089,38.7495721,55.0969934,38.7499587,55.0971369,38.7501867,55.0973372,38.7504562,55.097585,38.7507164
55.0957565,38.7483158,55.0961018,38.7486457,55.0964585,38.749095,55.0967089,38.7495721,55.0969934,38.7499587,55.0971369,38.7501867,55.0973372,38.7504562,55.097585,38.7507164,55.0977281,38.7508653
55.0961018,38.7486457,55.0964585,38.749095,55.0967089,38.7495721,55.0969934,38.7499587,55.0971369,38.7501867,55.0973372,38.7504562,55.097585,38.7507164,55.0977281,38.7508653,55.0977903,38.7509363
55.0964585,38.749095,55.0967089,38.7495721,55.0969934,38.7499587,55.0971369,38.7501867,55.0973372,38.7504562,55.097585,38.7507164,55.0977281,38.7508653,55.0977903,38.7509363,55.0978709,38.7509861
55.0939445,38.7817549,55.0939826,38.781678,55.0940649,38.7815831,55.0944302,38.7814262,55.0947747,38.7812787,55.0950748,38.7810145,55.0952237,38.7809059,55.095259,38.7805049,55.095216,38.7803614
55.0939826,38.781678,55.0940649,38.7815831,55.0944302,38.7814262,55.0947747,38.7812787,55.0950748,38.7810145,55.0952237,38.7809059,55.095259,38.7805049,55.095216,38.7803614,55.0950986,38.780242
55.0940649,38.7815831,55.0944302,38.7814262,55.0947747,38.7812787,55.0950748,38.7810145,55.0952237,38.7809059,55.095259,38.7805049,55.095216,38.7803614,55.0950986,38.780242,55.0946021,38.779833
55.0733615,38.7394025,55.0733781,38.7395274,55.0733965,38.7396964,55.0734195,38.7399311,55.0734725,38.7403039,55.0735032,38.7405963,55.0735108,38.7406577,55.0735493,38.7407934,55.0736176,38.7408431
55.0733781,38.7395274,55.0733965,38.7396964,55.0734195,38.7399311,55.0734725,38.7403039,55.0735032,38.7405963,55.0735108,38.7406577,55.0735493,38.7407934,55.0736176,38.7408431,55.0736768,38.740831
55.0733965,38.7396964,55.0734195,38.7399311,55.0734725,38.7403039,55.0735032,38.7405963,55.0735108,38.7406577,55.0735493,38.7407934,55.0736176,38.7408431,55.0736768,38.740831,55.0738111,38.7407385
55.0734195,38.7399311,55.0734725,38.7403039,55.0735032,38.7405963,55.0735108,38.7406577,55.0735493,38.7407934,55.0736176,38.7408431,55.0736768,38.740831,55.0738111,38.7407385,55.0743177,38.7403143
55.0734725,38.7403039,55.0735032,38.7405963,55.0735108,38.7406577,55.0735493,38.7407934,55.0736176,38.7408431,55.0736768,38.740831,55.0738111,38.7407385,55.0743177,38.7403143,55.074592,38.7400411
55.0735032,38.7405963,55.0735108,38.7406577,55.0735493,38.7407934,55.0736176,38.7408431,55.0736768,38.740831,55.0738111,38.7407385,55.0743177,38.7403143,55.074592,38.7400411,55.0748515,38.7397514
55.0735108,38.7406577,55.0735493,38.7407934,55.0736176,38.7408431,55.0736768,38.740831,55.0738111,38.7407385,55.0743177,38.7403143,55.074592,38.7400411,55.0748515,38.7397514,55.075088,38.7394564
55.0735493,38.7407934,55.0736176,38.7408431,55.0736768,38.740831,55.0738111,38.7407385,55.0743177,38.7403143,55.074592,38.7400411,55.0748515,38.7397514,55.075088,38.7394564,55.0751632,38.739333
55.0736176,38.7408431,55.0736768,38.740831,55.0738111,38.7407385,55.0743177,38.7403143,55.074592,38.7400411,55.0748515,38.7397514,55.075088,38.7394564,55.0751632,38.739333,55.0752246,38.7391667
55.0736768,38.740831,55.0738111,38.7407385,55.0743177,38.7403143,55.074592,38.7400411,55.0748515,38.7397514,55.075088,38.7394564,55.0751632,38.739333,55.0752246,38.7391667,55.0752507,38.7390084
55.0738111,38.7407385,55.0743177,38.7403143,55.074592,38.7400411,55.0748515,38.7397514,55.075088,38.7394564,55.0751632,38.739333,55.0752246,38.7391667,55.0752507,38.7390084,55.0752338,38.7387617
55.0743177,38.7403143,55.074592,38.7400411,55.0748515,38.7397514,55.075088,38.7394564,55.0751632,38.739333,55.0752246,38.7391667,55.0752507,38.7390084,55.0752338,38.7387617,55.0752233,38.7385466
55.0841799,38.7603052,55.0843701,38.7604609,55.0843139,38.7606705,55.0841237,38.7605149,55.0841799,38.7603052,55.0843324,38.7597365,55.084371,38.7595926,55.0844311,38.7593684,55.0844244,38.7592325
55.0843701,38.7604609,55.0843139,38.7606705,55.0841237,38.7605149,55.0841799,38.7603052,55.0843324,38.7597365,55.084371,38.7595926,55.0844311,38.7593684,55.0844244,38.7592325,55.0845109,38.7589098
55.0843139,38.7606705,55.0841237,38.7605149,55.0841799,38.7603052,55.0843324,38.7597365,55.084371,38.7595926,55.0844311,38.7593684,55.0844244,38.7592325,55.0845109,38.7589098,55.0845285,38.7588442
55.096293,38.7688631,55.0962872,38.768684,55.0962534,38.7684862,55.0962051,38.7682039,55.0961936,38.768118,55.0961936,38.7679705,55.0962404,38.7676258,55.0962382,38.7675608,55.0962174,38.7674864
55.0962872,38.768684,55.0962534,38.7684862,55.0962051,38.7682039,55.0961936,38.768118,55.0961936,38.7679705,55.0962404,38.7676258,55.0962382,38.7675608,55.0962174,38.7674864,55.0960094,38.7671202
55.0962534,38.7684862,55.0962051,38.7682039,55.0961936,38.768118,55.0961936,38.7679705,55.0962404,38.7676258,55.0962382,38.7675608,55.0962174,38.7674864,55.0960094,38.7671202,55.0961302,38.766872
55.0962051,38.7682039,55.0961936,38.768118,55.0961936,38.7679705,55.0962404,38.7676258,55.0962382,38.7675608,55.0962174,38.7674864,55.0960094,38.7671202,55.0961302,38.766872,55.0962182,38.7666911
55.0961936,38.768118,55.0961936,38.7679705,55.0962404,38.7676258,55.0962382,38.7675608,55.0962174,38.7674864,55.0960094,38.7671202,55.0961302,38.766872,55.0962182,38.7666911,55.0960839,38.7664524
55.0924924,38.71522,55.0925941,38.7154242,55.0926451,38.7155904,55.0926868,38.7156436,55.0927516,38.7156806,55.093132,38.7156819,55.0932256,38.715738,55.0933129,38.7158643,55.0933914,38.716084
55.0925941,38.7154242,55.0926451,38.7155904,55.0926868,38.7156436,55.0927516,38.7156806,55.093132,38.7156819,55.0932256,38.715738,55.0933129,38.7158643,55.0933914,38.716084,55.0934555,38.7165818
55.0926451,38.7155904,55.0926868,38.7156436,55.0927516,38.7156806,55.093132,38.7156819,55.0932256,38.715738,55.0933129,38.7158643,55.0933914,38.716084,55.0934555,38.7165818,55.0934492,38.7170726
55.0926868,38.7156436,55.0927516,38.7156806,55.093132,38.7156819,55.0932256,38.715738,55.0933129,38.7158643,55.0933914,38.716084,55.0934555,38.7165818,55.0934492,38.7170726,55.0934702,38.7173199
55.0927516,38.7156806,55.093132,38.7156819,55.0932256,38.715738,55.0933129,38.7158643,55.0933914,38.716084,55.0934555,38.7165818,55.0934492,38.7170726,55.0934702,38.7173199,55.0935921,38.7177188
55.093132,38.7156819,55.0932256,38.715738,55.0933129,38.7158643,55.0933914,38.716084,55.0934555,38.7165818,55.0934492,38.7170726,55.0934702,38.7173199,55.0935921,38.7177188,55.0938062,38.718215
55.0932256,38.715738,55.0933129,38.7158643,55.0933914,38.716084,55.0934555,38.7165818,55.0934492,38.7170726,55.0934702,38.7173199,55.0935921,38.7177188,55.0938062,38.718215,55.0943606,38.7192452
55.0933129,38.7158643,55.0933914,38.716084,55.0934555,38.7165818,55.0934492,38.7170726,55.0934702,38.7173199,55.0935921,38.7177188,55.0938062,38.718215,55.0943606,38.7192452,55.0947676,38.7202301
55.0933914,38.716084,55.0934555,38.7165818,55.0934492,38.7170726,55.0934702,38.7173199,55.0935921,38.7177188,55.0938062,38.718215,55.0943606,38.7192452,55.0947676,38.7202301,55.0953019,38.7215224
55.0852392,38.7217171,55.0849944,38.7219362,55.0845133,38.7224737,55.0843759,38.7226852,55.0840486,38.7230512,55.0839766,38.7232856,55.0839312,38.7236082,55.083849,38.72344,55.0837639,38.72348
55.0849944,38.7219362,55.0845133,38.7224737,55.0843759,38.7226852,55.0840486,38.7230512,55.0839766,38.7232856,55.0839312,38.7236082,55.083849,38.72344,55.0837639,38.72348,55.0834072,38.7238802
55.0744868,38.7446817,55.0740366,38.7453358,55.0738178,38.7465758,55.0738481,38.747397,55.0739645,38.7482914,55.0740227,38.7491614,55.0744463,38.7510966,55.0746418,38.7517592,55.0747489,38.7522918
55.0740366,38.7453358,55.0738178,38.7465758,55.0738481,38.747397,55.0739645,38.7482914,55.0740227,38.7491614,55.0744463,38.7510966,55.0746418,38.7517592,55.0747489,38.7522918,55.0751748,38.7538443
55.0738178,38.7465758,55.0738481,38.747397,55.0739645,38.7482914,55.0740227,38.7491614,55.0744463,38.7510966,55.0746418,38.7517592,55.0747489,38.7522918,55.0751748,38.7538443,55.0752441,38.7539818
55.0967634,38.7420096,55.0970503,38.742015,55.0970895,38.7419956,55.0971122,38.7419618,55.0973223,38.7415666,55.0973349,38.7415477,55.0973511,38.7415386,55.0973693,38.7415421,55.0974362,38.7415689
55.0970503,38.742015,55.0970895,38.7419956,55.0971122,38.7419618,55.0973223,38.7415666,55.0973349,38.7415477,55.0973511,38.7415386,55.0973693,38.7415421,55.0974362,38.7415689,55.0976309,38.7419021
55.0964013,38.7447599,55.096393,38.7447358,55.0963786,38.7447234,55.0963627,38.7447265,55.0963502,38.7447443,55.0963452,38.744771,55.0963493,38.7447982,55.0963611,38.7448172,55.096377,38.744822
55.096393,38.7447358,55.0963786,38.7447234,55.0963627,38.7447265,55.0963502,38.7447443,55.0963452,38.744771,55.0963493,38.7447982,55.0963611,38.7448172,55.096377,38.744822,55.0963918,38.7448111
55.0963786,38.7447234,55.0963627,38.7447265,55.0963502,38.7447443,55.0963452,38.744771,55.0963493,38.7447982,55.0963611,38.7448172,55.096377,38.744822,55.0963918,38.7448111,55.0964009,38.7447879
55.0963627,38.7447265,55.0963502,38.7447443,55.0963452,38.744771,55.0963493,38.7447982,55.0963611,38.7448172,55.096377,38.744822,55.0963918,38.7448111,55.0964009,38.7447879,55.0964011,38.7447751
55.0963502,38.7447443,55.0963452,38.744771,55.0963493,38.7447982,55.0963611,38.7448172,55.096377,38.744822,55.0963918,38.7448111,55.0964009,38.7447879,55.0964011,38.7447751,55.0964013,38.7447599
55.096504,38.7465615,55.0962405,38.74619,55.0962268,38.7461422,55.0962628,38.7460841,55.096182,38.7458289,55.0961238,38.7458346,55.0960149,38.7456859,55.096028,38.7455865,55.0958682,38.7453797
55.0962405,38.74619,55.0962268,38.7461422,55.0962628,38.7460841,55.096182,38.7458289,55.0961238,38.7458346,55.0960149,38.7456859,55.096028,38.7455865,55.0958682,38.7453797,55.0954789,38.7446976
55.0962268,38.7461422,55.0962628,38.7460841,55.096182,38.7458289,55.0961238,38.7458346,55.0960149,38.7456859,55.096028,38.7455865,55.0958682,38.7453797,55.0954789,38.7446976,55.0954566,38.7446587
55.0962628,38.7460841,55.096182,38.7458289,55.0961238,38.7458346,55.0960149,38.7456859,55.096028,38.7455865,55.0958682,38.7453797,55.0954789,38.7446976,55.0954566,38.7446587,55.0954293,38.7447018
55.096182,38.7458289,55.0961238,38.7458346,55.0960149,38.7456859,55.096028,38.7455865,55.0958682,38.7453797,55.0954789,38.7446976,55.0954566,38.7446587,55.0954293,38.7447018,55.0951549,38.7442435
55.0977406,38.742982,55.09769,38.7428749,55.0976771,38.7428255,55.097682,38.7427696,55.0977378,38.7425535,55.0977529,38.742511,55.0977783,38.7424901,55.097802,38.7424836,55.0979957,38.7424927
55.09769,38.7428749,55.0976771,38.7428255,55.097682,38.7427696,55.0977378,38.7425535,55.0977529,38.742511,55.0977783,38.7424901,55.097802,38.7424836,55.0979957,38.7424927,55.0980512,38.7425126
55.0976771,38.7428255,55.097682,38.7427696,55.0977378,38.7425535,55.0977529,38.742511,55.0977783,38.7424901,55.097802,38.7424836,55.0979957,38.7424927,55.0980512,38.7425126,55.0981292,38.7425796
55.097682,38.7427696,55.0977378,38.7425535,55.0977529,38.742511,55.0977783,38.7424901,55.097802,38.7424836,55.0979957,38.7424927,55.0980512,38.7425126,55.0981292,38.7425796,55.098274,38.742744
55.0977378,38.7425535,55.0977529,38.742511,55.0977783,38.7424901,55.097802,38.7424836,55.0979957,38.7424927,55.0980512,38.7425126,55.0981292,38.7425796,55.098274,38.742744,55.0986282,38.7433481
55.0977529,38.742511,55.0977783,38.7424901,55.097802,38.7424836,55.0979957,38.7424927,55.0980512,38.7425126,55.0981292,38.7425796,55.098274,38.742744,55.0986282,38.7433481,55.09864,38.7433666
55.0977783,38.7424901,55.097802,38.7424836,55.0979957,38.7424927,55.0980512,38.7425126,55.0981292,38.7425796,55.098274,38.742744,55.0986282,38.7433481,55.09864,38.7433666,55.0986541,38.7433723
55.097802,38.7424836,55.0979957,38.7424927,55.0980512,38.7425126,55.0981292,38.7425796,55.098274,38.742744,55.0986282,38.7433481,55.09864,38.7433666,55.0986541,38.7433723,55.0986699,38.7433741
55.0979957,38.7424927,55.0980512,38.7425126,55.0981292,38.7425796,55.098274,38.742744,55.0986282,38.7433481,55.09864,38.7433666,55.0986541,38.7433723,55.0986699,38.7433741,55.0987385,38.7433726
55.0980512,38.7425126,55.0981292,38.7425796,55.098274,38.742744,55.0986282,38.7433481,55.09864,38.7433666,55.0986541,38.7433723,55.0986699,38.7433741,55.0987385,38.7433726,55.0987598,38.7433654
55.0981292,38.7425796,55.098274,38.742744,55.0986282,38.7433481,55.09864,38.7433666,55.0986541,38.7433723,55.0986699,38.7433741,55.0987385,38.7433726,55.0987598,38.7433654,55.0987754,38.7433479
55.098274,38.742744,55.0986282,38.7433481,55.09864,38.7433666,55.0986541,38.7433723,55.0986699,38.7433741,55.0987385,38.7433726,55.0987598,38.7433654,55.0987754,38.7433479,55.0990098,38.7429281
55.0976771,38.7428255,55.0976256,38.7428081,55.0975268,38.7427636,55.0973779,38.7427699,55.0969633,38.7427875,55.0969067,38.7427525,55.0968635,38.7426639,55.0968365,38.7425629,55.0968363,38.742431
55.0976256,38.7428081,55.0975268,38.7427636,55.0973779,38.7427699,55.0969633,38.7427875,55.0969067,38.7427525,55.0968635,38.7426639,55.0968365,38.7425629,55.0968363,38.742431,55.0968314,38.742254
55.0975268,38.7427636,55.0973779,38.7427699,55.0969633,38.7427875,55.0969067,38.7427525,55.0968635,38.7426639,55.0968365,38.7425629,55.0968363,38.742431,55.0968314,38.742254,55.0968145,38.742125
55.0973779,38.7427699,55.0969633,38.7427875,55.0969067,38.7427525,55.0968635,38.7426639,55.0968365,38.7425629,55.0968363,38.742431,55.0968314,38.742254,55.0968145,38.742125,55.0967634,38.7420096
55.0969633,38.7427875,55.0969067,38.7427525,55.0968635,38.7426639,55.0968365,38.7425629,55.0968363,38.742431,55.0968314,38.742254,55.0968145,38.742125,55.0967634,38.7420096,55.0966022,38.7417364
55.0959014,38.7440042,55.0959022,38.7437068,55.0959099,38.7436727,55.0959262,38.7436563,55.0961583,38.7436581,55.0962683,38.7436589,55.0962865,38.7436711,55.0962944,38.7437101,55.0962937,38.7440014
55.0966789,38.7452883,55.096681,38.7449532,55.0966821,38.7447776,55.0966822,38.7447575,55.0966863,38.7447129,55.0966963,38.7446685,55.0968824,38.7441329,55.0968892,38.744109,55.0968909,38.7440832
55.096681,38.7449532,55.0966821,38.7447776,55.0966822,38.7447575,55.0966863,38.7447129,55.0966963,38.7446685,55.0968824,38.7441329,55.0968892,38.744109,55.0968909,38.7440832,55.0968898,38.7439971
55.0966821,38.7447776,55.0966822,38.7447575,55.0966863,38.7447129,55.0966963,38.7446685,55.0968824,38.7441329,55.0968892,38.744109,55.0968909,38.7440832,55.0968898,38.7439971,55.0971363,38.7439954
55.0966822,38.7447575,55.0966863,38.7447129,55.0966963,38.7446685,55.0968824,38.7441329,55.0968892,38.744109,55.0968909,38.7440832,55.0968898,38.7439971,55.0971363,38.7439954,55.0972154,38.7439948
55.0966863,38.7447129,55.0966963,38.7446685,55.0968824,38.7441329,55.0968892,38.744109,55.0968909,38.7440832,55.0968898,38.7439971,55.0971363,38.7439954,55.0972154,38.7439948,55.0972406,38.744002
55.0966963,38.7446685,55.0968824,38.7441329,55.0968892,38.744109,55.0968909,38.7440832,55.0968898,38.7439971,55.0971363,38.7439954,55.0972154,38.7439948,55.0972406,38.744002,55.0972653,38.7440227
55.0968824,38.7441329,55.0968892,38.744109,55.0968909,38.7440832,55.0968898,38.7439971,55.0971363,38.7439954,55.0972154,38.7439948,55.0972406,38.744002,55.0972653,38.7440227,55.0973631,38.7441321
55.0968892,38.744109,55.0968909,38.7440832,55.0968898,38.7439971,55.0971363,38.7439954,55.0972154,38.7439948,55.0972406,38.744002,55.0972653,38.7440227,55.0973631,38.7441321,55.0973768,38.7441473
55.0954961,38.7446723,55.0955579,38.7445843,55.0957858,38.7443458,55.0961203,38.7449068,55.0963218,38.7452446,55.0963484,38.7452786,55.0963863,38.7452888,55.0966789,38.7452883,55.0967307,38.7452941
55.0955579,38.7445843,55.0957858,38.7443458,55.0961203,38.7449068,55.0963218,38.7452446,55.0963484,38.7452786,55.0963863,38.7452888,55.0966789,38.7452883,55.0967307,38.7452941,55.0967746,38.7453103
55.0957858,38.7443458,55.0961203,38.7449068,55.0963218,38.7452446,55.0963484,38.7452786,55.0963863,38.7452888,55.0966789,38.7452883,55.0967307,38.7452941,55.0967746,38.7453103,55.0968205,38.7453335
55.0961203,38.7449068,55.0963218,38.7452446,55.0963484,38.7452786,55.0963863,38.7452888,55.0966789,38.7452883,55.0967307,38.7452941,55.0967746,38.7453103,55.0968205,38.7453335,55.0969032,38.7454326
55.0963218,38.7452446,55.0963484,38.7452786,55.0963863,38.7452888,55.0966789,38.7452883,55.0967307,38.7452941,55.0967746,38.7453103,55.0968205,38.7453335,55.0969032,38.7454326,55.0969206,38.7454525
55.0949572,38.7439866,55.0950643,38.7441667,55.0951331,38.7442824,55.0954252,38.7447734,55.0957787,38.7454244,55.0960089,38.7457491,55.0960891,38.7458589,55.0961394,38.7459678,55.0961751,38.746113
55.0950643,38.7441667,55.0951331,38.7442824,55.0954252,38.7447734,55.0957787,38.7454244,55.0960089,38.7457491,55.0960891,38.7458589,55.0961394,38.7459678,55.0961751,38.746113,55.0961994,38.7461941
55.0951331,38.7442824,55.0954252,38.7447734,55.0957787,38.7454244,55.0960089,38.7457491,55.0960891,38.7458589,55.0961394,38.7459678,55.0961751,38.746113,55.0961994,38.7461941,55.0962381,38.7462661
55.0954252,38.7447734,55.0957787,38.7454244,55.0960089,38.7457491,55.0960891,38.7458589,55.0961394,38.7459678,55.0961751,38.746113,55.0961994,38.7461941,55.0962381,38.7462661,55.0964833,38.7466199
55.0957787,38.7454244,55.0960089,38.7457491,55.0960891,38.7458589,55.0961394,38.7459678,55.0961751,38.746113,55.0961994,38.7461941,55.0962381,38.7462661,55.0964833,38.7466199,55.0965709,38.7467134
55.0951207,38.7437888,55.0952178,38.7436712,55.095341,38.7435222,55.0953825,38.7434202,55.0953902,38.7432915,55.095361,38.7431976,55.0952996,38.7431333,55.0952459,38.7431413,55.0951891,38.7432003
55.0952178,38.7436712,55.095341,38.7435222,55.0953825,38.7434202,55.0953902,38.7432915,55.095361,38.7431976,55.0952996,38.7431333,55.0952459,38.7431413,55.0951891,38.7432003,55.0951507,38.7433371
55.095341,38.7435222,55.0953825,38.7434202,55.0953902,38.7432915,55.095361,38.7431976,55.0952996,38.7431333,55.0952459,38.7431413,55.0951891,38.7432003,55.0951507,38.7433371,55.09514,38.7434846
55.0953825,38.7434202,55.0953902,38.7432915,55.095361,38.7431976,55.0952996,38.7431333,55.0952459,38.7431413,55.0951891,38.7432003,55.0951507,38.7433371,55.09514,38.7434846,55.0951207,38.7437888
55.0940066,38.7459469,55.0940426,38.7458584,55.0940242,38.7457994,55.0940349,38.7457323,55.0942601,38.7452811,55.0942759,38.7452495,55.0942605,38.7452012,55.0942667,38.7451422,55.0947565,38.7444031
55.0940426,38.7458584,55.0940242,38.7457994,55.0940349,38.7457323,55.0942601,38.7452811,55.0942759,38.7452495,55.0942605,38.7452012,55.0942667,38.7451422,55.0947565,38.7444031,55.0947839,38.7443617
55.0940242,38.7457994,55.0940349,38.7457323,55.0942601,38.7452811,55.0942759,38.7452495,55.0942605,38.7452012,55.0942667,38.7451422,55.0947565,38.7444031,55.0947839,38.7443617,55.0949543,38.7441552
55.0940349,38.7457323,55.0942601,38.7452811,55.0942759,38.7452495,55.0942605,38.7452012,55.0942667,38.7451422,55.0947565,38.7444031,55.0947839,38.7443617,55.0949543,38.7441552,55.0950203,38.7441927
55.0942601,38.7452811,55.0942759,38.7452495,55.0942605,38.7452012,55.0942667,38.7451422,55.0947565,38.7444031,55.0947839,38.7443617,55.0949543,38.7441552,55.0950203,38.7441927,55.0951015,38.7443392
55.0942759,38.7452495,55.0942605,38.7452012,55.0942667,38.7451422,55.0947565,38.7444031,55.0947839,38.7443617,55.0949543,38.7441552,55.0950203,38.7441927,55.0951015,38.7443392,55.0951331,38.7442824
55.0942605,38.7452012,55.0942667,38.7451422,55.0947565,38.7444031,55.0947839,38.7443617,55.0949543,38.7441552,55.0950203,38.7441927,55.0951015,38.7443392,55.0951331,38.7442824,55.0951549,38.7442435
55.0942667,38.7451422,55.0947565,38.7444031,55.0947839,38.7443617,55.0949543,38.7441552,55.0950203,38.7441927,55.0951015,38.7443392,55.0951331,38.7442824,55.0951549,38.7442435,55.0956603,38.7433413
55.0947565,38.7444031,55.0947839,38.7443617,55.0949543,38.7441552,55.0950203,38.7441927,55.0951015,38.7443392,55.0951331,38.7442824,55.0951549,38.7442435,55.0956603,38.7433413,55.0961402,38.742482
55.0947839,38.7443617,55.0949543,38.7441552,55.0950203,38.7441927,55.0951015,38.7443392,55.0951331,38.7442824,55.0951549,38.7442435,55.0956603,38.7433413,55.0961402,38.742482,55.0965791,38.7416973
55.0949543,38.7441552,55.0950203,38.7441927,55.0951015,38.7443392,55.0951331,38.7442824,55.0951549,38.7442435,55.0956603,38.7433413,55.0961402,38.742482,55.0965791,38.7416973,55.0971427,38.7406912
55.094259,38.7157235,55.0943818,38.7159971,55.0947011,38.7166698,55.0949984,38.7172962,55.0953048,38.7179417,55.0956039,38.7185719,55.09592,38.719238,55.0961986,38.7198248,55.0964946,38.7204486
55.0943818,38.7159971,55.0947011,38.7166698,55.0949984,38.7172962,55.0953048,38.7179417,55.0956039,38.7185719,55.09592,38.719238,55.0961986,38.7198248,55.0964946,38.7204486,55.0968006,38.7210933
55.0934702,38.7173199,55.0935405,38.7174793,55.0938303,38.7181141,55.0941311,38.7186887,55.0943235,38.7190561,55.0944157,38.7192598,55.0947901,38.7200861,55.0949695,38.7205281,55.0952448,38.7212062
55.0935405,38.7174793,55.0938303,38.7181141,55.0941311,38.7186887,55.0943235,38.7190561,55.0944157,38.7192598,55.0947901,38.7200861,55.0949695,38.7205281,55.0952448,38.7212062,55.0953562,38.7216077
